series,Time (ms),Velocity (m/s)
Moving assembly,0.0,50.0
Moving assembly,0.009989963192433697,48.551576762692996
Moving assembly,0.019946948109153588,46.15133015618222
Moving assembly,0.02993641091374351,44.30385104083847
Moving assembly,0.03992180056644413,42.986773648773706
Moving assembly,0.049976814110526686,41.675944328069185
Moving assembly,0.05999083928724871,40.20488258576426
Moving assembly,0.06990994515447203,38.481405808451186
Moving assembly,0.0799796802590216,37.042471040657475
Moving assembly,0.0899466357111976,35.69935184701533
Moving assembly,0.09994644473692399,34.289034508506006
Moving assembly,0.10998754767201713,33.094735138967685
Moving assembly,0.11998405595100926,32.13289450117108
Moving assembly,0.1299343511542609,31.20276412079884
Moving assembly,0.13993056678814944,30.319273041806106
Moving assembly,0.149947845186606,29.672573177359887
Moving assembly,0.1599934633153191,29.286330735682906
Moving assembly,0.16996646540514884,29.096889631683588
Moving assembly,0.17999218239571124,28.998607455158616
Moving assembly,0.18994706961403748,28.946849225534702
Moving assembly,0.19999978560042475,28.93204958696073
Moving assembly,0.2099813426183026,28.931891657240794
Moving assembly,0.2199462284366676,28.93182141602069
Moving assembly,0.22994961190422367,28.931765759213576
Moving assembly,0.23992344329286378,28.931740358835857
Moving assembly,0.24993033935918837,28.93173026498218
Moving assembly,0.259964495376119,28.93171647070093
Moving assembly,0.26997021947184363,28.931705983732083
Moving assembly,0.27999600942822356,28.931717929612855
Moving assembly,0.2899753161403314,28.93171270407414
Moving assembly,0.2999647487411296,28.931708387810705
Moving assembly,0.30998901165775045,28.931729076647688
Moving assembly,0.31995394481881123,28.931773605963514
Moving assembly,0.32995184576036535,28.93181228487456
Moving assembly,0.3399776618432231,28.93184779557108
Moving assembly,0.3499893888931962,28.931869512559107
Moving assembly,0.3599236874188422,28.9318782392947
Moving assembly,0.3699165970412658,28.931887270207653
Moving assembly,0.3799204320649412,28.931880060259108
Moving assembly,0.3899989435569003,28.931835343840703
Moving assembly,0.3999890278690339,28.93178364916093
Moving assembly,0.4099127141185848,28.931759043976726
Moving assembly,0.4199282399463212,28.93173446278364
Moving assembly,0.429925403171825,28.931691683064873
Moving assembly,0.43997391870557545,28.931641205634296
Moving assembly,0.44994611401686413,28.931601341231694
Moving assembly,0.4599333431201238,28.931566073649364
Moving assembly,0.46998798965544686,28.931532030904563
Moving assembly,0.47995793905653905,28.9315031482568
Moving assembly,0.4899190272266982,28.9314950297976
Moving assembly,0.4999321406686678,28.931521270503755
Moving assembly,0.5099259274269436,28.931554694297734
Moving assembly,0.5199384082934491,28.931561210153983
Moving assembly,0.5299395263357017,28.931546865820295
Moving assembly,0.539938196787101,28.931546042382074
Moving assembly,0.5499298625301362,28.931558968450652
Moving assembly,0.5599984207039751,28.93156214248234
Moving assembly,0.5699871248417121,28.931541565913044
Moving assembly,0.5799477275134379,28.931514763582104
Moving assembly,0.5899993088065615,28.931518077269484
Moving assembly,0.599913263502195,28.931548360671965
Moving assembly,0.609968563450262,28.931564479639587
Moving assembly,0.6199340775247488,28.931541260607325
Moving assembly,0.6299403888330294,28.93149745327335
Moving assembly,0.6399286085129609,28.931464877071782
Moving assembly,0.6499299116545445,28.931453739736387
Moving assembly,0.6599367483168777,28.931451433280856
Moving assembly,0.6699814467359161,28.931466118018605
Moving assembly,0.6799896456082286,28.93149562524871
Moving assembly,0.6899642834706642,28.931532076665484
Moving assembly,0.6999970803527971,28.93155602268563
Moving assembly,0.7099973051885753,28.931573430277332
Moving assembly,0.7199640678947875,28.931598813520164
Moving assembly,0.72994928871939,28.931621885854042
Moving assembly,0.7399344140819736,28.93163411445188
Moving assembly,0.7499670135807592,28.931648233690932
Moving assembly,0.7599499935107056,28.931678874916372
Moving assembly,0.7699477504739111,28.93171927075857
Moving assembly,0.7799808931621326,28.93174737272918
Moving assembly,0.7899957715998264,28.931772918519634
Moving assembly,0.7999930533130993,28.931805420975827
Moving assembly,0.8099302968079074,28.93181909704845
Moving assembly,0.8199896597142695,28.93181809838712
Moving assembly,0.8299932384033561,28.931820884738173
Moving assembly,0.8399337158868971,28.931827884250616
Moving assembly,0.8499494853836578,28.931838280968982
Moving assembly,0.85994148466819,28.931850416641346
Moving assembly,0.869950326648894,28.93186257949649
Moving assembly,0.8799667501989579,28.931867379490093
Moving assembly,0.8899483326684633,28.931876710616958
Moving assembly,0.8999785641764502,28.931900056536875
Moving assembly,0.9099870877378325,28.931915303928733
Moving assembly,0.9199798121539616,28.931904262547288
Moving assembly,0.9299294541719855,28.931889004645477
Moving assembly,0.9399748954515343,28.931878651926283
Moving assembly,0.9499122521411079,28.931872544697256
Moving assembly,0.9599390667875011,28.931893560732764
Moving assembly,0.9699128126713598,28.93193307693036
Moving assembly,0.9799695857243683,28.931977312136908
Moving assembly,0.9899651424307209,28.932018116390775
Moving assembly,0.9999550785201475,28.932044136830005
Moving assembly,1.0099584471269039,28.932057160671732
Moving assembly,1.0199328882391132,28.932064971641235
Moving assembly,1.02999789677653,28.932069174982928
Moving assembly,1.0399703000335339,28.932075697146548
Moving assembly,1.0499489448221542,28.93208576509972
Moving assembly,1.0599803830633314,28.932090904858597
Moving assembly,1.069950928396795,28.932097963050914
Moving assembly,1.0799153850170162,28.93212010930834
Moving assembly,1.089927354694347,28.932151374012538
Moving assembly,1.0999183460983921,28.93216250413775
Moving assembly,1.1099547903857108,28.93216235846912
Moving assembly,1.119971951107061,28.932165276281175
Moving assembly,1.1299934599300596,28.932171055949873
Moving assembly,1.139989995736818,28.932173861355476
Moving assembly,1.1499134937760014,28.932186542706695
Moving assembly,1.1599426049642352,28.932212655771444
Moving assembly,1.1699789271568979,28.932236889478016
Moving assembly,1.1799239670899881,28.932235099728956
Moving assembly,1.189917238442343,28.932216646851018
Moving assembly,1.1999498951162828,28.93220560995406
Moving assembly,1.2099544853671185,28.9322051360473
Moving assembly,1.2199936996475098,28.932193463380923
Moving assembly,1.2299906142840347,28.93216186708143
Moving assembly,1.2399130876227318,28.93211427549367
Moving assembly,1.249959629718951,28.93207403461717
Moving assembly,1.259970167496023,28.93204214925288
Moving assembly,1.2699687663437795,28.932015058759536
Moving assembly,1.2799969803396714,28.93199447099587
Moving assembly,1.289996428285174,28.93197527168206
Moving assembly,1.2999681909862593,28.931959579864014
Moving assembly,1.3099139885509121,28.93193846457723
Moving assembly,1.319916255911263,28.931923630298538
Moving assembly,1.3299776918621211,28.93190945365082
Moving assembly,1.339932070693434,28.931897124136515
Moving assembly,1.3499236456967738,28.931886225445897
Moving assembly,1.3599154098930546,28.931878621669796
Moving assembly,1.3699978104845631,28.93187440021692
Moving assembly,1.3799187881349178,28.93186649784046
Moving assembly,1.3899740585667586,28.931856880594808
Moving assembly,1.3999687218535888,28.931840357977304
Moving assembly,1.4099162146870459,28.931810755348412
Moving assembly,1.4199326004315365,28.931773461094696
Moving assembly,1.4299512621813124,28.93172878417708
Moving assembly,1.4399357210283643,28.931679885012528
Moving assembly,1.4499796645656742,28.931639404621347
Moving assembly,1.4599175742198822,28.931622798375432
Moving assembly,1.4699563675362128,28.931624480160124
Moving assembly,1.4799393436159674,28.9316116542451
Moving assembly,1.4899517008349128,28.93159079057125
Moving assembly,1.4999918543032928,28.931579930684478
Moving assembly,1.5099133506319053,28.931585329921006
Moving assembly,1.519957383885361,28.931602895339847
Moving assembly,1.5299948014858515,28.931633772420053
Moving assembly,1.5399852539247905,28.9316651972102
Moving assembly,1.5499881700059748,28.93169047384975
Moving assembly,1.5599816098382224,28.931717946877264
Moving assembly,1.56991475672384,28.931739316001636
Moving assembly,1.5799422502667697,28.931742789919127
Moving assembly,1.589956813040889,28.931726106001108
Moving assembly,1.59998658442938,28.931710494196377
Moving assembly,1.6099502397057277,28.931686154399916
Moving assembly,1.6199751514101635,28.93165694531062
Moving assembly,1.6299201020187988,28.93164337945721
Moving assembly,1.6399518373420523,28.931638244907038
Moving assembly,1.6499409608718536,28.93163693981361
Moving assembly,1.659919907591516,28.931621693054765
Moving assembly,1.6699857305816996,28.931582087271014
Moving assembly,1.679987780668154,28.931546833183372
Moving assembly,1.689912979144339,28.93153147551379
Moving assembly,1.6999190356404095,28.931519288599812
Moving assembly,1.7099503327299688,28.93151988206567
Moving assembly,1.7199280038424305,28.931541716070907
Moving assembly,1.7299192903877219,28.93156984565862
Moving assembly,1.7399869975891786,28.931600214991263
Moving assembly,1.7499438465141512,28.931632746786537
Moving assembly,1.7599413138480715,28.93167045834309
Moving assembly,1.7699538269626376,28.931705728140486
Moving assembly,1.7799599563060289,28.931732530121074
Moving assembly,1.7899688796674609,28.931745115884425
Moving assembly,1.7999725180563126,28.931745065621097
Moving assembly,1.8099856075622638,28.931750786859848
Moving assembly,1.8199302195484797,28.9317745734645
Moving assembly,1.829980997922694,28.93178908884031
Moving assembly,1.8399649839139542,28.931783565541338
Moving assembly,1.849943338896619,28.931777780276995
Moving assembly,1.8599342242157249,28.931772642470317
Moving assembly,1.8699901729207289,28.93176263391384
Moving assembly,1.8799843524177255,28.931761020311242
Moving assembly,1.8899410681622477,28.93176148393921
Moving assembly,1.8999388332690665,28.931762452378276
Moving assembly,1.9099360289257292,28.931770874094422
Moving assembly,1.919936227738477,28.931800780305977
Moving assembly,1.9299655891712615,28.93183413559938
Moving assembly,1.9399528683055909,28.93185209539452
Moving assembly,1.949980952189802,28.93185954721338
Moving assembly,1.9599135179990428,28.931876349220374
Moving assembly,1.969952536731846,28.931904161381393
Moving assembly,1.9799549477837428,28.931923664095983
Moving assembly,1.9899206979121167,28.931937462443052
Moving assembly,1.9999983173237184,28.931952714504888
Moving assembly,2.009984654559494,28.931963368597696
Moving assembly,2.019962429354165,28.931966816577578
Moving assembly,2.029933593957279,28.931972379422795
Moving assembly,2.0399867008542354,28.931976275968218
Moving assembly,2.0499629077804804,28.931974364873362
Moving assembly,2.059958890642226,28.931978951954843
Moving assembly,2.069942700008229,28.93198958814362
Moving assembly,2.079933629702153,28.93199388746742
Moving assembly,2.0899806298774384,28.931990968520193
Moving assembly,2.0999412630425356,28.93197442442189
Moving assembly,2.109992371744431,28.931948246444904
Moving assembly,2.1199312602335434,28.93194183978398
Moving assembly,2.1299386030972163,28.931967515515588
Moving assembly,2.139928855005566,28.93199965399146
Moving assembly,2.149969724661552,28.93201288070126
Moving assembly,2.159920581046298,28.93201128070996
Moving assembly,2.1699438055283484,28.93201163185464
Moving assembly,2.179916029955683,28.93202817594935
Moving assembly,2.1899848748688764,28.932049239050993
Moving assembly,2.1999668847262477,28.932058431614408
Moving assembly,2.209976090715738,28.93206063401745
Moving assembly,2.219990052614696,28.932072564323086
Moving assembly,2.2299840217302274,28.932095142328723
Moving assembly,2.2399400488879473,28.932112753631436
Moving assembly,2.2499831207909113,28.932113444692387
Moving assembly,2.2599106453980706,28.932101304677378
Moving assembly,2.269912229810541,28.93208782932985
Moving assembly,2.2799163705479017,28.9320895288608
Moving assembly,2.2899178614123445,28.932099974525485
Moving assembly,2.299924757610202,28.9321022881813
Moving assembly,2.309940583381986,28.932092849355225
Moving assembly,2.3199143725936655,28.93207736404144
Moving assembly,2.3299129805511125,28.932064985106166
Moving assembly,2.3399233142938827,28.932047766905608
Moving assembly,2.349981700393872,28.932025535459964
Moving assembly,2.359941249514399,28.932008498490582
Moving assembly,2.3699452340555647,28.93199357667015
Moving assembly,2.3799917892352522,28.931972291778223
Moving assembly,2.389918129049573,28.931963312284093
Moving assembly,2.399927031285276,28.93197077478079
Moving assembly,2.4099854712927113,28.931963775357367
Moving assembly,2.419978691274893,28.931927482265753
Moving assembly,2.4299885848194975,28.9318768996456
Moving assembly,2.439973436767106,28.928909421518515
Moving assembly,2.449970541865149,28.898449760323402
Moving assembly,2.4599737898787994,28.830035148323987
Moving assembly,2.469926657650808,28.735012802662855
Moving assembly,2.4799284169135762,28.58516379882033
Moving assembly,2.489943399313135,28.290393411423395
Moving assembly,2.499978587378116,27.748201152572744
Moving assembly,2.509998314944936,26.704014236939017
Moving assembly,2.5199709280510305,25.29845934204401
Moving assembly,2.5299334086156673,24.10979368880193
Moving assembly,2.5399982943721184,23.235427193970835
Moving assembly,2.549927853457148,22.530620146756974
Moving assembly,2.559967744058775,21.781783449411403
Moving assembly,2.5699289508447816,21.00487406366241
Moving assembly,2.57993336128197,20.26934516932018
Moving assembly,2.5899548169060327,19.522933230264307
Moving assembly,2.5999740433966623,18.802985011574528
Moving assembly,2.6099893535212524,18.178697223676483
Moving assembly,2.619986643511354,17.635860816053896
Moving assembly,2.6299601421690304,17.183125093114157
Moving assembly,2.639936067575678,16.797376943625853
Moving assembly,2.649935520945407,16.4927725407854
Moving assembly,2.6599191697417552,16.287882781505964
Moving assembly,2.6699858043501603,16.19888503342755
Moving assembly,2.679997224454706,16.176292492429177
Moving assembly,2.689931082089247,16.17109613575539
Moving assembly,2.6999935796924253,16.170098443037517
Moving assembly,2.7099212477408767,16.170053724335553
Moving assembly,2.719925517427323,16.170015710500138
Moving assembly,2.729956689515101,16.169986704633622
Moving assembly,2.7399453722601805,16.16997769449002
Moving assembly,2.749913197287052,16.16997780186811
Moving assembly,2.7599907984776886,16.16996417700618
Moving assembly,2.7699351792559908,16.16995659535733
Moving assembly,2.779934426629634,16.169963432155228
Moving assembly,2.7899227797807997,16.169964807290285
Moving assembly,2.7999120067502954,16.169959182149032
Moving assembly,2.8099622754985347,16.169966861560486
Moving assembly,2.8199349944997354,16.169991847714687
Moving assembly,2.8299429475910967,16.170021351185767
Moving assembly,2.8399123026799655,16.170054708086383
Moving assembly,2.8499136518223294,16.170081208165065
Moving assembly,2.859987550003265,16.170086796091418
Moving assembly,2.869918641802566,16.17008109248623
Moving assembly,2.8799507027836655,16.170076137765307
Moving assembly,2.8899431303045358,16.169423183581635
Moving assembly,2.8999226702646013,16.162041114614475
Moving assembly,2.909957644086316,16.145380368557674
Moving assembly,2.9199994663795747,16.116476070823683
Moving assembly,2.929932383237023,16.081823282731428
Moving assembly,2.939965083292874,16.044860425451144
Moving assembly,2.9499205681953424,16.01843324361039
Moving assembly,2.9599938437172244,16.006850275228032
Moving assembly,2.9699929423791107,16.005916982432595
Moving assembly,2.9799830494514925,16.005932853722932
Moving assembly,2.9899605120622876,16.00597359046562
Moving assembly,2.9999692194548775,16.006004805188375
Moving assembly,3.0099113077424438,16.006025862308825
Moving assembly,3.01999761803936,16.00603975064579
Moving assembly,3.0299759742987473,16.006031247745575
Moving assembly,3.0399624763417186,16.006028200312482
Moving assembly,3.0499788118860263,16.006035175040207
Moving assembly,3.0599483510048127,16.00602801787699
Moving assembly,3.069984192910399,16.006009410844776
Moving assembly,3.0799939545448862,16.006001160696155
Moving assembly,3.0899990365335546,16.006015472866025
Moving assembly,3.0999374642666218,16.0056929794719
Moving assembly,3.1099617757511657,15.999845372069574
Moving assembly,3.1199486270156163,15.991657453696947
Moving assembly,3.1299920349640074,15.988206948278018
Moving assembly,3.139949574048928,15.987263865834036
Moving assembly,3.1499293289273886,15.987239382792007
Moving assembly,3.1599254495820115,15.987033890569414
Moving assembly,3.1699429144040057,15.987041798160956
Moving assembly,3.1799996631613574,15.98707398334813
Moving assembly,3.1899714885694705,15.987099837547888
Moving assembly,3.199958058139289,15.987111670234212
Moving assembly,3.2099664597728848,15.98713163163309
Moving assembly,3.2199601177732977,15.987161541269995
Moving assembly,3.229937637174665,15.987190122701783
Moving assembly,3.239984933196576,15.987218604731098
Moving assembly,3.249971222946376,15.9872515816721
Moving assembly,3.259926307744173,15.987279130388083
Moving assembly,3.2699422014781927,15.986016046177863
Moving assembly,3.2799820626592404,15.953220300032102
Moving assembly,3.2899424371414008,15.832623446852619
Moving assembly,3.2999212318947104,15.692024308395684
Moving assembly,3.3099227422539808,15.596290433376426
Moving assembly,3.3199217661036697,15.556457296205489
Moving assembly,3.329944754883198,15.544094548347172
Moving assembly,3.339970736672593,15.539060650829992
Moving assembly,3.3499290427342348,15.53546917680049
Moving assembly,3.359929529233192,15.528347099450071
Moving assembly,3.3699381158894757,15.521351371858078
Moving assembly,3.3799865502111115,15.520089831327377
Moving assembly,3.3899960854723337,15.520105861803449
Moving assembly,3.399926255247678,15.520129634135358
Moving assembly,3.4099336926468604,15.520047195786429
Moving assembly,3.4199332697221125,15.516850150848702
Moving assembly,3.429969684958624,15.513099482717259
Moving assembly,3.4399834584088387,15.51188628838693
Moving assembly,3.4499420255024242,15.51086504114981
Moving assembly,3.45996949932851,15.508317595458202
Moving assembly,3.4699912294660837,15.501990210508621
Moving assembly,3.4799585532814397,15.479343389248845
Moving assembly,3.4899212253947884,15.452252223587971
Moving assembly,3.499918833168859,15.39938302775786
Moving assembly,3.5099699276133793,15.311621295036005
Moving assembly,3.5199444514363627,15.1679155323187
Moving assembly,3.5299143651044473,14.93448494737506
Moving assembly,3.5399367605907313,14.628151881969874
Moving assembly,3.5499905792094912,14.273518147392002
Moving assembly,3.55992877382688,13.865679011331604
Moving assembly,3.569968040867812,13.404944625373407
Moving assembly,3.579965541859818,12.947188699043076
Moving assembly,3.5899845589474904,12.507034622203163
Moving assembly,3.5999981639072542,12.067601192705
Moving assembly,3.6099388699103576,11.636570642099777
Moving assembly,3.6199823344254334,11.203643658024957
