series,Time (ms),Travel (mm)
Moving assembly,0.0,-0.0
Moving assembly,0.009989999999999975,0.494624907236761
Moving assembly,0.019979999999999984,0.9658918356768184
Moving assembly,0.02996999999999993,1.4162066597460803
Moving assembly,0.03995999999982653,1.8519252842493004
Moving assembly,0.0499499995869668,2.274718586178539
Moving assembly,0.059939949594887285,2.6833653955991683
Moving assembly,0.0699294303372481,3.075079071728724
Moving assembly,0.0799102264454703,3.450980874218082
Moving assembly,0.08999867411661217,3.8176253822126163
Moving assembly,0.09996765282363734,4.16577170796358
Moving assembly,0.10993878595740293,4.501223131618449
Moving assembly,0.11999041312778416,4.828876908336222
Moving assembly,0.1299449383418888,5.144113920202282
Moving assembly,0.13994093718666134,5.451673445167967
Moving assembly,0.14994107731792186,5.751675292036034
Moving assembly,0.15991628940019867,6.045802650140952
Moving assembly,0.16999114436967613,6.340223920759217
Moving assembly,0.17994288874474196,6.629623847916395
Moving assembly,0.18994368999829023,6.919630309263513
Moving assembly,0.19991672636384467,7.208442599822288
Moving assembly,0.20999902786400543,7.500345159637368
Moving assembly,0.21997742469151296,7.789238785471792
Moving assembly,0.2299412673028418,8.077710867480004
Moving assembly,0.23994038197849296,8.367204022545934
Moving assembly,0.24997940880203198,8.657852676444696
Moving assembly,0.25997760205296316,8.94731910984669
Moving assembly,0.26994047687294404,9.235762967997205
Moving assembly,0.279940377661343,9.525278827224678
Moving assembly,0.28991719212283357,9.814126345976714
Moving assembly,0.2999488324612327,10.104561170992195
Moving assembly,0.3099346839321808,10.393670306601207
Moving assembly,0.3199401888848346,10.683348473677224
Moving assembly,0.3299837147017973,10.974127467030527
Moving assembly,0.3399824946225943,11.263611063151155
Moving assembly,0.34998130253528953,11.553095619709804
Moving assembly,0.3599392373724834,11.841396891011428
Moving assembly,0.36994979185261895,12.131221571386133
Moving assembly,0.3799677362641106,12.421260197015497
Moving assembly,0.3899384563199822,12.709931539903893
Moving assembly,0.3999172946923639,12.998837790762755
Moving assembly,0.40999872028145595,13.29071404929111
Moving assembly,0.4199548776521353,13.578963527182093
Moving assembly,0.42993066865616497,13.867781389911201
Moving assembly,0.43997339272910024,14.158537027070237
Moving assembly,0.4499491408107278,14.447353468183476
Moving assembly,0.45995451118858754,14.737027416934897
Moving assembly,0.46999149644892224,15.027616594941886
Moving assembly,0.47993912184305865,15.31561857310714
Moving assembly,0.48998849403651895,15.606566232559414
Moving assembly,0.499943020442317,15.894767885940093
Moving assembly,0.5099624776485784,16.18484942012077
Moving assembly,0.5199413734900338,16.473756716721667
Moving assembly,0.529989712798049,16.764674595748048
Moving assembly,0.5399383777245362,17.05270671853997
Moving assembly,0.5499579831984126,17.34279267013776
Moving assembly,0.5599762955612779,17.632841176197086
Moving assembly,0.5699231784678593,17.920821707887256
Moving assembly,0.5799938953701229,18.21238748331544
Moving assembly,0.5899310793806982,18.500087176349517
Moving assembly,0.5999659284024729,18.790614336033673
Moving assembly,0.609943251318685,19.07947594853794
Moving assembly,0.6199233236204225,19.36841716307261
Moving assembly,0.6299331046201205,19.658218522943592
Moving assembly,0.6399776651607039,19.949026816558685
Moving assembly,0.6499948876300046,20.239043620515506
Moving assembly,0.6599160003705075,20.526277838451247
Moving assembly,0.6699576057563944,20.81700050232097
Moving assembly,0.6799211757989686,21.105463916678108
Moving assembly,0.6899905273309824,21.39698995998365
Moving assembly,0.6999813053312869,21.686241226202522
Moving assembly,0.7099627426447686,21.97522213007842
Moving assembly,0.7199888342083505,22.26549592637479
Moving assembly,0.7299508000008661,22.55391321692945
Moving assembly,0.739909929332692,22.84224844289048
Moving assembly,0.7499787321743916,23.133758969954034
Moving assembly,0.7599121948682989,23.421351156994877
Moving assembly,0.769998599325241,23.713371284243348
Moving assembly,0.7799133407966841,24.000421491047828
Moving assembly,0.7899164980803509,24.290031571040625
Moving assembly,0.7999620760097976,24.580869848360603
Moving assembly,0.8099510866692575,24.870070402144382
Moving assembly,0.8199263709300146,25.15887358065346
Moving assembly,0.829993856303134,25.45034621624241
Moving assembly,0.8399425258272241,25.73837896502723
Moving assembly,0.8499783200037693,26.02893417172123
Moving assembly,0.8599246122307816,26.316898135590833
Moving assembly,0.8699613161949773,26.60747971920075
Moving assembly,0.8799430792557039,26.896470722011358
Moving assembly,0.889914613174657,27.18516561920353
Moving assembly,0.899940938460233,27.47544688051816
Moving assembly,0.9099566132113925,27.765419850032124
Moving assembly,0.9199996984748391,28.05618643468101
Moving assembly,0.9299583251180663,28.34450780882597
Moving assembly,0.9399714833654412,28.63440804749451
Moving assembly,0.9499416496498944,28.923063645225994
Moving assembly,0.9599399966234764,29.212535131178853
Moving assembly,0.9699435846053627,29.502158287272348
Moving assembly,0.9799404226288715,29.791585952622626
Moving assembly,0.9899704638186059,30.081974900676435
Moving assembly,0.9999965726488068,30.37225004936896
Moving assembly,1.0099574320871527,30.66063619491657
Moving assembly,1.0199842522080644,30.95093210422549
Moving assembly,1.0299282517230386,31.23883024585026
Moving assembly,1.039952928274145,31.529064185067597
Moving assembly,1.0499456281726551,31.81837238627267
Moving assembly,1.0599673841890207,32.10852186212629
Moving assembly,1.0699381905818912,32.3971962614548
Moving assembly,1.0799265402712044,32.68637857214712
Moving assembly,1.0899215470765433,32.9757536432941
Moving assembly,1.0999966318489693,33.267447177967505
Moving assembly,1.109995511524942,33.556934459057565
Moving assembly,1.1199200024236624,33.84426805336705
Moving assembly,1.1299760781678527,34.13541129128625
Moving assembly,1.1399879746241997,34.42527545993224
Moving assembly,1.1499254065114346,34.712983768998775
Moving assembly,1.1599614963699199,35.00354844484045
Moving assembly,1.169926916304428,35.29206705432731
Moving assembly,1.179977029286354,35.58303764317931
Moving assembly,1.1899368801656782,35.87139494210807
Moving assembly,1.1999190343896702,36.16039800335133
Moving assembly,1.2099127896993516,36.44973699143725
Moving assembly,1.219999754372062,36.74177460383901
Moving assembly,1.2299240607925048,37.029102945414316
Moving assembly,1.239930091689698,37.31879734820624
Moving assembly,1.249908852816136,37.607702177504954
Moving assembly,1.259969570289194,37.89897974801132
Moving assembly,1.269997367040202,38.1893041510875
Moving assembly,1.2799150102057473,38.47643933415575
Moving assembly,1.289907700240844,38.76574721819627
Moving assembly,1.2999968930746224,39.05784899890982
Moving assembly,1.3099608196710102,39.34632403175276
Moving assembly,1.3199129566355416,39.63445769399537
Moving assembly,1.3299895470651804,39.92619448654559
Moving assembly,1.3399971095359406,40.21593273223934
Moving assembly,1.3499303694762272,40.50351971841724
Moving assembly,1.3599919905867561,40.79482295975783
Moving assembly,1.3699851505381473,41.08414409266076
Moving assembly,1.3799748265174656,41.373364320057966
Moving assembly,1.3899123059433516,41.6610733268102
Moving assembly,1.3999942451156462,41.952964696783305
Moving assembly,1.4099338649546564,42.24073562015066
Moving assembly,1.4199880585482523,42.53182363153768
Moving assembly,1.4299410224153921,42.819980782516424
Moving assembly,1.4399647378862452,43.110186261051865
Moving assembly,1.4499809452065195,43.40017433704837
Moving assembly,1.459944908936736,43.68864980623881
Moving assembly,1.4699512338979617,43.978351600974996
Moving assembly,1.4799235030007498,44.26706731811668
Moving assembly,1.4899366173026152,44.55696551017679
Moving assembly,1.4999904201269711,44.84804165337924
Moving assembly,1.5099575319327032,45.13660791034022
Moving assembly,1.5199765164080197,45.426675977745816
Moving assembly,1.5299491666946958,45.715402577956525
Moving assembly,1.5399987513572433,46.006356570615914
Moving assembly,1.549974901527717,46.29518451027171
Moving assembly,1.559979856524952,46.58484641474199
Moving assembly,1.5699594351443944,46.87377365040566
Moving assembly,1.579918773549063,47.162114944586314
Moving assembly,1.5899439769683827,47.452363199392124
Moving assembly,1.5999543075729818,47.742180921200124
Moving assembly,1.6099164701122104,48.03060417752687
Moving assembly,1.6199934375123124,48.32235131503892
Moving assembly,1.629976719484927,48.61138609833463
Moving assembly,1.6399320316245294,48.899611057729416
Moving assembly,1.6499685899983412,49.19018815596221
Moving assembly,1.6599434567047309,49.47897910327414
Moving assembly,1.6699831303536645,49.76964631564658
Moving assembly,1.6799338482886494,50.057738111551956
Moving assembly,1.6899761201780223,50.348480573082036
Moving assembly,1.69992928424783,50.63664317809287
Moving assembly,1.7099755055905552,50.92749991796644
Moving assembly,1.7199843801098906,51.21727532477566
Moving assembly,1.7299320636266187,51.505279080225485
Moving assembly,1.7399753388256676,51.79605035931543
Moving assembly,1.7499882378221576,52.0859421777654
Moving assembly,1.7599367238823038,52.373969106523035
Moving assembly,1.7699212396846729,52.663039175470026
Moving assembly,1.7799940536531063,52.954665679658085
Moving assembly,1.789942180057213,53.242682311985554
Moving assembly,1.7999695895979386,53.53299441398671
Moving assembly,1.8099469624085096,53.82185794363966
Moving assembly,1.8199691083681016,54.11201781367771
Moving assembly,1.8299171679675676,54.400032769408845
Moving assembly,1.8399400320049208,54.69021344086511
Moving assembly,1.8499899711646015,54.98117797725136
Moving assembly,1.8599223412782957,55.268738669297235
Moving assembly,1.86996112418816,55.559380235925765
Moving assembly,1.8799348770303093,55.848139112516456
Moving assembly,1.8899777973552359,56.13890056445969
Moving assembly,1.8999384412200213,56.42727997184515
Moving assembly,1.9099731120282661,56.71780258720324
Moving assembly,1.919954515796327,57.00678300470461
Moving assembly,1.929936960045592,57.295793534682716
Moving assembly,1.9399585878920462,57.5859385031333
Moving assembly,1.9499597434269063,57.87549079634018
Moving assembly,1.9599115016711308,58.163613020786165
Moving assembly,1.969983977620256,58.45523034254448
Moving assembly,1.9799540554424335,58.743883114591426
Moving assembly,1.9899863872632397,59.03433832455039
Moving assembly,1.9999703538813034,59.32339336085202
Moving assembly,2.009946973267683,59.612235751085564
Moving assembly,2.0199909790062835,59.90302914239383
Moving assembly,2.029966872477179,60.191850592119465
Moving assembly,2.0399606461028257,60.48118975550771
Moving assembly,2.0499637944735856,60.77080033174782
Moving assembly,2.059965218332684,61.060360915576155
Moving assembly,2.0699561710697525,61.349618303921986
Moving assembly,2.0799201752331835,61.63809546265069
Moving assembly,2.0899953148975583,61.92979018409443
Moving assembly,2.099958728119006,62.21825017429584
Moving assembly,2.109925032315064,62.5067938385918
Moving assembly,2.1199536060964004,62.797140333820415
Moving assembly,2.129985021832349,63.08756915522455
Moving assembly,2.139970783585738,63.37667627337379
Moving assembly,2.1499662359674603,63.66606397875674
Moving assembly,2.1599512865843082,63.95515049609918
Moving assembly,2.169946304954317,64.24452557764761
Moving assembly,2.1799437037601357,64.5339696250595
Moving assembly,2.1899661267113606,64.82413823722649
Moving assembly,2.199914040111689,65.11214970072511
Moving assembly,2.2099518420849944,65.40276365955042
Moving assembly,2.219979545845488,65.69308527667513
Moving assembly,2.229946428880868,65.98164598796323
Moving assembly,2.2399737534004425,66.27195658415965
Moving assembly,2.2499780068809625,66.5615992156325
Moving assembly,2.2599422814206815,66.85008434905349
Moving assembly,2.2699932041969295,67.14107811741601
Moving assembly,2.279952059043025,67.42940637009964
Moving assembly,2.289964359032452,67.71928198061059
Moving assembly,2.2999640222200144,68.00879173060133
Moving assembly,2.3099910842891513,68.29909475953708
Moving assembly,2.319917579662434,68.586486210763
Moving assembly,2.3299731467054303,68.87761454028495
Moving assembly,2.3399462295683526,69.16635478348351
Moving assembly,2.349960311473067,69.45628201586854
Moving assembly,2.3599678377285342,69.74601945135382
Moving assembly,2.3699161171423633,70.03404157956267
Moving assembly,2.3799909620431725,70.32572800190486
Moving assembly,2.3899964261327646,70.61540567608674
Moving assembly,2.399919542293609,70.90269919473177
Moving assembly,2.409967486389045,71.19360670887818
Moving assembly,2.4199444124620006,71.4824572001227
Moving assembly,2.4299537780780813,71.77221692993108
Moving assembly,2.439912383324009,72.06035385354542
Moving assembly,2.4499348022887286,72.3498767038105
Moving assembly,2.4599363281703726,72.63777078981585
Moving assembly,2.4699639710001366,72.92451926998984
Moving assembly,2.4799783935041466,73.20747692658999
Moving assembly,2.4899589937178273,73.48415009657383
Moving assembly,2.499980759365974,73.75418520175351
Moving assembly,2.5099259281406288,74.0134394445479
Moving assembly,2.519968243326099,74.26695019733552
Moving assembly,2.5299626932118757,74.51214831777288
Moving assembly,2.539992128844435,74.75183614196403
Moving assembly,2.5499517793088358,74.98385057224125
Moving assembly,2.5599459317824276,75.21000630097782
Moving assembly,2.5699875608820486,75.42975676032263
Moving assembly,2.5799634407477146,75.6400698547153
Moving assembly,2.5899976359886048,75.84356040849774
Moving assembly,2.5999538586885174,76.037889159798
Moving assembly,2.609932179006288,76.22539641823674
Moving assembly,2.6199814028189197,76.40726619963591
Moving assembly,2.62996368374016,76.58187955761187
Moving assembly,2.639926869237403,76.75117207716652
Moving assembly,2.6499809017479343,76.91789745749563
Moving assembly,2.659931608901232,77.07957442025672
Moving assembly,2.6699302075297298,77.23955563500792
Moving assembly,2.679925834619242,77.39794062125908
Moving assembly,2.6899210349086684,77.55563120393272
Moving assembly,2.699986691880266,77.71422866254167
Moving assembly,2.709917997818696,77.87067306793361
Moving assembly,2.719980158953198,78.02917782292496
Moving assembly,2.7299574274404588,78.18634527174628
Moving assembly,2.73998197206768,78.34425741503875
Moving assembly,2.749927030553463,78.50091743131897
Moving assembly,2.7599892595476376,78.65942317161449
Moving assembly,2.7699311728933593,78.81603363105847
Moving assembly,2.7799815756795963,78.97435309627227
Moving assembly,2.7899435449372385,79.13127951407067
Moving assembly,2.7999291500746315,79.28857824483524
Moving assembly,2.809998311228338,79.44719317619563
Moving assembly,2.819983901517645,79.60449163459798
Moving assembly,2.8299259032926294,79.76110345781882
Moving assembly,2.8399665374318968,79.91926902491348
Moving assembly,2.849980464035849,80.07701392119665
Moving assembly,2.8599724132676543,80.23441262136622
Moving assembly,2.8699750694906263,80.39197993766714
Moving assembly,2.8799306231424926,80.54880522227752
Moving assembly,2.8899371846635376,80.70643400458516
Moving assembly,2.8999362412962024,80.86394457158752
Moving assembly,2.9099914865070855,81.0223402645206
Moving assembly,2.9199124163380086,81.17862016780516
Moving assembly,2.9299784115287753,81.33718522595588
Moving assembly,2.9399364732871085,81.49405006857968
Moving assembly,2.9499143393425067,81.65122688787518
Moving assembly,2.959942329473013,81.80919328136214
Moving assembly,2.9699733014386185,81.96720659923838
Moving assembly,2.9799317744709315,82.12407781134334
Moving assembly,2.989931702368663,82.28160202407001
Moving assembly,2.9999586887304326,82.43955216547585
Moving assembly,3.0099220723408715,82.59648836599136
Moving assembly,3.0199777646953767,82.75484769383158
Moving assembly,3.0299722388212023,82.9121989222525
Moving assembly,3.039965562187682,83.06945034576819
Moving assembly,3.0499652233629257,83.22671764679761
Moving assembly,3.05993983183672,83.38352129741332
Moving assembly,3.069944723646831,83.54076837123138
Moving assembly,3.0799673093918467,83.69828562356285
Moving assembly,3.0899515705912464,83.85519848329545
Moving assembly,3.099996618402475,84.01305460150407
Moving assembly,3.1099435813257728,84.16935647709465
Moving assembly,3.11994486892057,84.32649545348661
Moving assembly,3.129939561414013,84.48347560482905
Moving assembly,3.139914600232997,84.64000634475485
Moving assembly,3.1499577257448825,84.79737591100054
Moving assembly,3.159963763595011,84.95391696518996
Moving assembly,3.1699744740670077,85.11032909911388
Moving assembly,3.1799145826637574,85.26556623710648
Moving assembly,3.189989096611752,85.42290009921174
Moving assembly,3.1999109287082566,85.5778495492782
Moving assembly,3.209961215371861,85.73480510880553
Moving assembly,3.2199136949896623,85.89023222872926
Moving assembly,3.2299520060444955,86.04698417351591
Moving assembly,3.2399747253086746,86.20344791614967
Moving assembly,3.249912405336842,86.35850100575874
Moving assembly,3.259956210497948,86.5151374759431
Moving assembly,3.2699760401257585,86.67132809368806
Moving assembly,3.279933369739025,86.82644743288755
Moving assembly,3.2899357981529844,86.98208117795997
Moving assembly,3.2999780149059514,87.13813455109656
Moving assembly,3.3099648376778332,87.29317308445043
Moving assembly,3.319982639241931,87.44852332899968
Moving assembly,3.3299546666600177,87.60285674853424
Moving assembly,3.339942535206861,87.75682515547216
Moving assembly,3.3499322210104667,87.91019025944425
Moving assembly,3.359951789036946,88.06364213310114
Moving assembly,3.36997548022929,88.21698713433076
Moving assembly,3.3799476808980153,88.3693837677622
Moving assembly,3.389955635225697,88.52203388541844
Moving assembly,3.3999628690261092,88.67417154237937
Moving assembly,3.409959199319165,88.8254639495806
Moving assembly,3.4199678444148995,88.97632871881117
Moving assembly,3.429959527105188,89.1263604414539
Moving assembly,3.4399164707625705,89.27518373451421
Moving assembly,3.449965848504517,89.42463707922299
Moving assembly,3.459987931280735,89.57318431956304
Moving assembly,3.469992485711434,89.72127087383777
Moving assembly,3.479987355730773,89.8691635091959
Moving assembly,3.4899355701272072,90.01635730640724
Moving assembly,3.4999158792296607,90.16402568284278
Moving assembly,3.5099864894568644,90.31302972265699
Moving assembly,3.519966570310626,90.46069304533398
Moving assembly,3.5299641631469845,90.60861352630889
Moving assembly,3.539967419476404,90.75661754622597
Moving assembly,3.5499949278334983,90.90498034424868
Moving assembly,3.5599766551373557,91.05266276895559
Moving assembly,3.569960946958475,91.20033693207792
Moving assembly,3.5799890543061,91.34841206858967
Moving assembly,3.5899804680342084,91.49508945605245
Moving assembly,3.599979583983733,91.64004481553617
Moving assembly,3.609922254638582,91.78128318581682
Moving assembly,3.619949034292211,91.92016180959166
Moving assembly,3.6299251144388633,92.05461841806685
Moving assembly,3.6399497495798405,92.18580778672468
Moving assembly,3.6499285714136676,92.31201251887052
Moving assembly,3.6599179964061412,92.43350437432645
Moving assembly,3.6699789923689843,92.55094802317888
Moving assembly,3.6799696990118242,92.66265910528361
Moving assembly,3.689957342833872,92.76936734361185
Moving assembly,3.6999599561408045,92.87123169071525
Moving assembly,3.709996021603432,92.96843280348494
Moving assembly,3.7199964896040734,93.06033189833715
Moving assembly,3.7299894974872783,93.14701210152344
Moving assembly,3.7399476849436444,93.2277909543343
Moving assembly,3.749914987442235,93.30258818196396
Moving assembly,3.7599850074020202,93.3717672709793
Moving assembly,3.769910128315143,93.4340283889742
Moving assembly,3.779914329629783,93.49163355629629
Moving assembly,3.789986701866888,93.54543155391856
Moving assembly,3.799984000247362,93.59546619747512
Moving assembly,3.809911914336745,93.64253603470874
Moving assembly,3.8199544167427746,93.6878411301943
Moving assembly,3.829973834453286,93.73075337100437
Moving assembly,3.8399489531887014,93.77126742479881
Moving assembly,3.849981966830495,93.81010367390914
Moving assembly,3.8599323729447046,93.84725232484735
Moving assembly,3.8699329794779853,93.88360185312865
Moving assembly,3.879953593073857,93.91925847704341
Moving assembly,3.8899193462273054,93.95427708291179
Moving assembly,3.8999674567536853,93.98942577749263
Moving assembly,3.9099738926704313,94.024393057271
Moving assembly,3.919971963033825,94.05930712644178
Moving assembly,3.9299569998277537,94.0941500365499
Moving assembly,3.939982898708446,94.12912109632747
Moving assembly,3.949968640165373,94.16394921754436
Moving assembly,3.9599934159146475,94.19891329015476
Moving assembly,3.969997519866244,94.23379165671125
Moving assembly,3.979982990551467,94.26848256221656
Moving assembly,3.9899346669935696,94.30280704592
Moving assembly,3.9999130036801933,94.33670063818208
Moving assembly,4.009970354351159,94.36990185951512
Moving assembly,4.0199790941063736,94.40177098234692
Moving assembly,4.029950745734171,94.43192825502419
Moving assembly,4.039942717751813,94.45958904756232
Moving assembly,4.0499469975789735,94.48428510914859
Moving assembly,4.059916768078634,94.50612008373623
Moving assembly,4.069938821230154,94.52531587132735
Moving assembly,4.079975100885102,94.54153847370743
Moving assembly,4.0899738577976645,94.55471280518609
Moving assembly,4.09995801027166,94.5656210566309
Moving assembly,4.109967524010925,94.57501238154157
Moving assembly,4.119996973123014,94.58317144276715
Moving assembly,4.129920749545665,94.5902090346738
Moving assembly,4.139947689710026,94.59634821036958
Moving assembly,4.1499913835555216,94.60142457993885
Moving assembly,4.159965118920347,94.60508892447085
Moving assembly,4.169913432839005,94.60662617201922
Moving assembly,4.179968965147302,94.60557998706014
Moving assembly,4.189929669998917,94.60250791977698
Moving assembly,4.199950409495853,94.59821318754891
Moving assembly,4.209930314805302,94.5933730630259
Moving assembly,4.219913416186126,94.58818322020618
Moving assembly,4.229951553564711,94.58269981404978
Moving assembly,4.239977093426184,94.5769725060742
Moving assembly,4.249937035462476,94.5707393303763
Moving assembly,4.259946528510444,94.56357979619965
Moving assembly,4.269969327940863,94.55566849620077
Moving assembly,4.279913423481409,94.54742440457436
Moving assembly,4.289993038818147,94.53892997189251
Moving assembly,4.299991225461763,94.5304784633947
Moving assembly,4.309945624254763,94.52205221135608
Moving assembly,4.319998665508673,94.51348750314514
Moving assembly,4.329954985610745,94.5049343505782
Moving assembly,4.339957874648214,94.49619226499667
Moving assembly,4.349963519845792,94.48716772870192
Moving assembly,4.359992726485439,94.47773164081431
Moving assembly,4.369938267809007,94.46801810387255
Moving assembly,4.379977219591097,94.457996717621
Moving assembly,4.389919285692073,94.44797252470227
Moving assembly,4.399953226906091,94.43772960350523
Moving assembly,4.409987380974212,94.42725136355945
Moving assembly,4.419988878028486,94.41645137970418
Moving assembly,4.42999886577631,94.40529432555626
Moving assembly,4.439988422207525,94.39384077880189
Moving assembly,4.449973551717772,94.38210383164953
Moving assembly,4.459977892248038,94.36997026085155
Moving assembly,4.469970398405355,94.3575466035353
Moving assembly,4.479913604810073,94.34496535380714
Moving assembly,4.489970078022336,94.33196653699474
Moving assembly,4.49993741492928,94.31879130914338
Moving assembly,4.509995120601538,94.30520418523037
Moving assembly,4.519912967104461,94.29153216606393
Moving assembly,4.529911878696883,94.27738627734604
Moving assembly,4.539943881176492,94.26288043350985
Moving assembly,4.549950243808194,94.24812942146099
Moving assembly,4.559960326635784,94.23299157493715
Moving assembly,4.569913198020405,94.21751646584907
Moving assembly,4.579985444513705,94.20133956956415
Moving assembly,4.5899360217587315,94.18464447964855
Moving assembly,4.599929223913603,94.16736309752191
Moving assembly,4.6099873564563625,94.14978761363263
Moving assembly,4.619960686584727,94.1321718281823
Moving assembly,4.629938719398666,94.11413335592752
Moving assembly,4.639939110220124,94.09492130861007
Moving assembly,4.649938085724427,94.07342728140198
Moving assembly,4.659940641841529,94.0485651395047
Moving assembly,4.669916187389535,94.0203709467544
Moving assembly,4.679938341115081,93.98921101733556
Moving assembly,4.689961483862384,93.95560759317065
Moving assembly,4.699974575675355,93.91966239684949
Moving assembly,4.709931442857634,93.8815682483615
Moving assembly,4.719973741005133,93.84055204085274
Moving assembly,4.729923877967267,93.79686535359215
Moving assembly,4.739934695376944,93.74946817850258
Moving assembly,4.749933087141692,93.6986380296804
Moving assembly,4.759947686275642,93.64438720186938
Moving assembly,4.769953864238596,93.5870065429071
Moving assembly,4.779977760577283,93.52631123667487
Moving assembly,4.789924831530022,93.46269689251801
Moving assembly,4.79994745762605,93.39508883657581
Moving assembly,4.809956384312096,93.32423026182832
Moving assembly,4.819989335650662,93.25009255094295
Moving assembly,4.82997843143417,93.17335620262153
Moving assembly,4.8399308876224,93.09402224887192
Moving assembly,4.849953462422451,93.0112418219433
Moving assembly,4.859960406139481,92.92577218511637
Moving assembly,4.869949922529651,92.83792719923615
Moving assembly,4.879985162324634,92.74751384560322
Moving assembly,4.889934406036768,92.65607082610757
Moving assembly,4.899912160993665,92.56281654699734
Moving assembly,4.909912296382969,92.46798194260917
Moving assembly,4.919952657889439,92.37149557798641
Moving assembly,4.9299272153804,92.27445446722446
Moving assembly,4.939973115714349,92.17564222160242
Moving assembly,4.9499855710608465,92.07627215735354
Moving assembly,4.959954266574386,91.97656489784634
Moving assembly,4.969996321362848,91.87522799852715
Moving assembly,4.9799927457786355,91.77309612270327
Moving assembly,4.989910372996275,91.6701966851844
Moving assembly,4.9999898281246065,91.56380813503678
Moving assembly,5.009944894077283,91.45657700278511
Moving assembly,5.019922824595333,91.34693185566209
Moving assembly,5.029950527708838,91.23476659253798
Moving assembly,5.039976457477679,91.12058052519387
Moving assembly,5.049998250612578,91.00400536878365
Moving assembly,5.059991522304214,90.88504675500889
Moving assembly,5.069992967342526,90.76340208392
Moving assembly,5.079932539354548,90.63994657397816
Moving assembly,5.0899687974130385,90.51289008644437
Moving assembly,5.09997393006848,90.38408328089609
Moving assembly,5.109924458012398,90.25389551961221
Moving assembly,5.119957649783202,90.12025698566164
Moving assembly,5.12997841387228,89.98436726970753
Moving assembly,5.139927095722118,89.84767908639297
Moving assembly,5.149960929375548,89.70885609370042
Moving assembly,5.159992276789586,89.56957947609214
Moving assembly,5.169916244608909,89.43144476278864
Moving assembly,5.179957565851426,89.29121859206292
Moving assembly,5.189934467174066,89.15115898852237
Moving assembly,5.199924140091511,89.00979338660042
Moving assembly,5.20992989008597,88.86653263766199
Moving assembly,5.219967545234522,88.72151017423116
Moving assembly,5.229983324760798,88.57601103955125
Moving assembly,5.239996154702305,88.43006127437489
Moving assembly,5.24992233447166,88.28517240857354
Moving assembly,5.259936029047533,88.1389750219619
Moving assembly,5.269935622512858,87.99296858015995
Moving assembly,5.279995732845253,87.84604657123141
Moving assembly,5.289953352829132,87.70058032727893
Moving assembly,5.2999507567247255,87.55441653884145
Moving assembly,5.3099886302819455,87.40748187253291
Moving assembly,5.3199321209041965,87.26163715843606
Moving assembly,5.3299211100005515,87.11487572961191
Moving assembly,5.3399776780879575,86.96697144241128
Moving assembly,5.349950290723728,86.82012904476782
Moving assembly,5.359922885445993,86.67293506738416
Moving assembly,5.369932044929238,86.5246764551924
Moving assembly,5.379982071020151,86.37517044189654
Moving assembly,5.389930430628704,86.22614002548725
Moving assembly,5.399915953963886,86.07486656042344
Moving assembly,5.40995240897122,85.92116176192995
Moving assembly,5.4199974268259785,85.7661728032303
Moving assembly,5.429927408806169,85.6122446238161
Moving assembly,5.43994883314191,85.45612468920233
Moving assembly,5.449958850974775,85.29927994429185
Moving assembly,5.4599346002699685,85.14231321090168
Moving assembly,5.469983054246704,84.98369930428697
Moving assembly,5.479992107511031,84.82519105648451
Moving assembly,5.489915044825474,84.66746528305288
Moving assembly,5.499939806089258,84.50758573767317
Moving assembly,5.5099406078399005,84.34777486850554
Moving assembly,5.519962846042148,84.18750914766167
Moving assembly,5.529956365017608,84.02769222333747
Moving assembly,5.53994993223088,83.86787449445151
Moving assembly,5.549941792256843,83.70808407178107
Moving assembly,5.559926319748035,83.54841087367525
Moving assembly,5.569999322343385,83.38732278289461
Moving assembly,5.579936722734598,83.22840222651168
Moving assembly,5.589923606788196,83.06863101882358
Moving assembly,5.599997659012918,82.90733122619771
Moving assembly,5.6099798462630055,82.74740821667936
Moving assembly,5.61997684948334,82.58720664157163
Moving assembly,5.629917804818382,82.42786121419337
Moving assembly,5.639987215473224,82.26642461437623
Moving assembly,5.649922620070556,82.10713360335944
Moving assembly,5.659941866124589,81.9464984135922
Moving assembly,5.669980815420188,81.78554730971035
Moving assembly,5.679989419928011,81.62508267970294
Moving assembly,5.689949831025864,81.46539069815267
Moving assembly,5.699959742318754,81.30490509725342
Moving assembly,5.70993265189657,81.14501274170816
Moving assembly,5.7199731076332085,80.98403746797462
Moving assembly,5.729986159079066,80.82350161694261
Moving assembly,5.739979822075205,80.66327665087397
Moving assembly,5.74998825633634,80.50281486196597
Moving assembly,5.759971067453863,80.34276384206511
Moving assembly,5.769914705944676,80.18334082482971
Moving assembly,5.779915093104964,80.02300793301373
Moving assembly,5.78995402449122,79.86205705402331
Moving assembly,5.799971838041347,79.70144477861335
Moving assembly,5.809948238187935,79.54149652144308
Moving assembly,5.819966433161139,79.38087822391128
Moving assembly,5.829963475515406,79.22059909774796
Moving assembly,5.8399578292163845,79.06036307925541
Moving assembly,5.849923008973904,78.90059472642898
Moving assembly,5.8599676883578,78.73955170701531
Moving assembly,5.869950859385353,78.57949481531912
Moving assembly,5.879961945706078,78.41899037977637
Moving assembly,5.88998548226972,78.25828634355713
Moving assembly,5.899948289989568,78.09855595965215
Moving assembly,5.909950491986365,77.93819397463137
Moving assembly,5.9199140767241465,77.77845109761383
Moving assembly,5.929943778315588,77.61764813478968
Moving assembly,5.939981904542898,77.45671005206512
Moving assembly,5.949924079854559,77.29731028322153
Moving assembly,5.959985841299361,77.13599321327264
Moving assembly,5.969944964122486,76.97632172744949
Moving assembly,5.979984692646613,76.81535793448164
Moving assembly,5.98992123451152,76.65604852130173
Moving assembly,5.9999627732253105,76.49505571013925
Moving assembly,6.0099897368341475,76.33429653187969
Moving assembly,6.019995101636493,76.17388359440582
Moving assembly,6.02998434103226,76.01372916906776
Moving assembly,6.039916868491363,75.85448398019652
Moving assembly,6.049959602064085,75.69347130619138
Moving assembly,6.05996420757195,75.53306211881554
Moving assembly,6.069980697623138,75.37243743012941
Moving assembly,6.079942919321193,75.21263287388491
Moving assembly,6.0899848578414915,75.0515029364134
Moving assembly,6.0999200108551515,74.89201875078894
Moving assembly,6.10995507224741,74.73074805924684
Moving assembly,6.119989798624146,74.56911987145712
Moving assembly,6.129956824465247,74.40810599360772
Moving assembly,6.139974559611954,74.24573537478346
Moving assembly,6.149928902030538,74.08343403561238
Moving assembly,6.159949720726873,73.91764646220565
Moving assembly,6.169920194382267,73.74856380938937
Moving assembly,6.17995039611183,73.57273536897573
Moving assembly,6.189968331930112,73.39094600864132
Moving assembly,6.199999582343959,73.20279473534393
Moving assembly,6.2099471247877185,73.01065765713675
Moving assembly,6.219984412369793,72.8117248426097
Moving assembly,6.229980641453494,72.6092212028586
Moving assembly,6.239915929178187,72.40418835172127
Moving assembly,6.249993171169993,72.19290405035456
Moving assembly,6.25991445930508,71.98245497723093
Moving assembly,6.269940141280217,71.76784784136719
Moving assembly,6.279936463845391,71.55176370214312
Moving assembly,6.289987798605394,71.33198147835024
Moving assembly,6.299936830776426,71.11155580735556
Moving assembly,6.309955716888128,70.88698941818416
Moving assembly,6.319992844598638,70.66051746327456
Moving assembly,6.329950354656333,70.43525592676767
Moving assembly,6.339957149845125,70.20878443191519
Moving assembly,6.3499173506895445,69.98336532617925
Moving assembly,6.359982470923128,69.75557164454979
Moving assembly,6.369979550279927,69.52931782795365
Moving assembly,6.379942769557757,69.30383031514546
Moving assembly,6.389964103290544,69.07702755594791
Moving assembly,6.399968822313347,68.85060082540441
Moving assembly,6.409933629444125,68.62507737642132
Moving assembly,6.419997156433056,68.39731969526112
Moving assembly,6.429923597443223,68.17266456148894
Moving assembly,6.439980430426857,67.9450584323112
Moving assembly,6.449920631947404,67.7200919286056
Moving assembly,6.459925437463352,67.49366335182621
Moving assembly,6.4699528531214305,67.26672307730841
Moving assembly,6.479970872838756,67.03999543914014
Moving assembly,6.489933050048966,66.81453162480975
Moving assembly,6.499971049803978,66.58735178554812
Moving assembly,6.509924435970957,66.36208690686382
Moving assembly,6.51991927130167,66.13588395138447
Moving assembly,6.529938861540502,65.90912074901424
Moving assembly,6.539944941295381,65.68266330830367
Moving assembly,6.549932124492426,65.45663353168449
Moving assembly,6.559934639022646,65.23025677405596
Moving assembly,6.569941910771063,65.00377233224613
Moving assembly,6.579954726835413,64.77716240246677
Moving assembly,6.589954448355206,64.55084882622332
Moving assembly,6.599924073090174,64.3252163785202
Moving assembly,6.609938559825719,64.09856859384139
Moving assembly,6.619969101457463,63.87155744392864
Moving assembly,6.629929881483165,63.64612514566316
Moving assembly,6.639916828671859,63.420100636114086
Moving assembly,6.649911804091404,63.19389443448372
Moving assembly,6.659988970872415,62.965828099688466
Moving assembly,6.669975679227844,62.73980905002101
Moving assembly,6.6799798429638475,62.51339498424729
Moving assembly,6.689969714266143,62.287304406901335
Moving assembly,6.699995039321219,62.060411469082524
Moving assembly,6.709925788049587,61.83565900588626
Moving assembly,6.71993306940999,61.60917446582289
Moving assembly,6.729953260986388,61.382397766013845
Moving assembly,6.739970069871313,61.155697655808524
Moving assembly,6.749972881198917,60.92931433950806
Moving assembly,6.759982795152901,60.70277026969092
Moving assembly,6.76999230626954,60.47623530805151
Moving assembly,6.779931045841631,60.25130204807584
Moving assembly,6.789969339644652,60.02411570761704
Moving assembly,6.799996066870108,59.79719117605944
Moving assembly,6.8099950095766735,59.57089550596938
Moving assembly,6.819984127792944,59.34482217726519
Moving assembly,6.829942142773709,59.119452745296066
Moving assembly,6.83992479492637,58.89352572512963
Moving assembly,6.849967984618561,58.666228647115275
Moving assembly,6.859982919947598,58.43957104066942
Moving assembly,6.86999445024317,58.212990514435106
Moving assembly,6.879948473019759,57.98771150177914
Moving assembly,6.889917705454959,57.762088241029836
Moving assembly,6.899918176873109,57.53575794457496
Moving assembly,6.90998910762306,57.3078329774071
Moving assembly,6.919977001462202,57.08178725638897
Moving assembly,6.9299289779890785,56.85655440191365
Moving assembly,6.939939121703786,56.63000514202911
Moving assembly,6.949978615812636,56.40279166321131
Moving assembly,6.959982938863076,56.176374187539764
Moving assembly,6.96993198649158,55.951207701134045
Moving assembly,6.979968268856902,55.72406691565083
Moving assembly,6.989957631337206,55.49798801169876
Moving assembly,6.999921255710294,55.27249160952237
Moving assembly,7.009938406314257,55.04578382859739
Moving assembly,7.019931339764348,54.81962416420353
Moving assembly,7.0299490324546,54.59290417187722
Moving assembly,7.039989485637967,54.36566908014107
Moving assembly,7.04998561284428,54.139437196293606
Moving assembly,7.059931421431308,53.914344127131855
Moving assembly,7.069988806478016,53.6867258515887
Moving assembly,7.079968509336471,53.46086565406517
Moving assembly,7.089923577128194,53.23556297992487
Moving assembly,7.099950974420575,53.00862335009659
Moving assembly,7.109953696705379,52.782242193396485
Moving assembly,7.119960735343054,52.55576336527804
Moving assembly,7.129922177433195,52.33031644851285
Moving assembly,7.139952698664498,52.10330609642659
Moving assembly,7.14999608633104,51.87600450362203
Moving assembly,7.15998588242417,51.649915747686585
Moving assembly,7.169987769420124,51.42355332687504
Moving assembly,7.1799205126383505,51.19875575976163
Moving assembly,7.189943330576465,50.97191962741973
Moving assembly,7.199929617999025,50.74591026790179
Moving assembly,7.2099733293646,50.51860133117576
Moving assembly,7.219973862114793,50.29226963084018
Moving assembly,7.229986255511472,50.0656694840158
Moving assembly,7.239939879449357,49.840399385412184
Moving assembly,7.249988832165983,49.61297177808477
Moving assembly,7.259951275355308,49.387502024514575
Moving assembly,7.269980883008628,49.160512184377374
Moving assembly,7.27998241644575,48.93415769069155
Moving assembly,7.2899189619431715,48.70927397481629
Moving assembly,7.299991426820916,48.48131410423554
Moving assembly,7.309943975890922,48.25606812766668
Moving assembly,7.319983173211014,48.02886110692191
Moving assembly,7.329979884857203,47.80261565837124
Moving assembly,7.339997290611611,47.57590192223686
Moving assembly,7.349933007510087,47.35103699544466
Moving assembly,7.359991781789827,47.12338703985732
Moving assembly,7.369976607936769,46.89741067033994
Moving assembly,7.379921737340567,46.67233268411086
Moving assembly,7.389938203483179,46.445640195627526
Moving assembly,7.399918947176417,46.219756192218206
Moving assembly,7.4099668943784955,45.99235123040783
Moving assembly,7.419930336260066,45.76685880675238
Moving assembly,7.429943469089849,45.54024183332396
Moving assembly,7.439957360402822,45.31360773221823
Moving assembly,7.449991610439263,45.08651286273238
Moving assembly,7.459945264136783,44.86124200608398
Moving assembly,7.469965289607258,44.63446897005049
Moving assembly,7.479968236930811,44.408082385500606
Moving assembly,7.489947282424588,44.18223671631572
Moving assembly,7.499927262415825,43.956369895143794
Moving assembly,7.509990595784646,43.72861664454182
Moving assembly,7.519955298102691,43.503095632482555
Moving assembly,7.529938553199706,43.27715474666304
Moving assembly,7.539939831432424,43.05080597554273
Moving assembly,7.5499285775128895,42.824740845007206
Moving assembly,7.559913530641912,42.598761574360765
Moving assembly,7.569945819074044,42.37171102043594
Moving assembly,7.579936681663814,42.14559802287789
Moving assembly,7.589955143786581,41.91886040123784
Moving assembly,7.599919124325865,41.69335580183554
Moving assembly,7.60994299832809,41.46649566183955
Moving assembly,7.619971311463702,41.239535008577576
Moving assembly,7.62994367523308,41.01384057753914
Moving assembly,7.639939471901827,40.787615815741795
Moving assembly,7.649947591854573,40.56111217101054
Moving assembly,7.659938454179666,40.3349991287361
Moving assembly,7.669924079061141,40.1090046503003
Moving assembly,7.679965514677916,39.8817470879664
Moving assembly,7.689918763680668,39.656485351067
Moving assembly,7.699942696630244,39.429623879160616
Moving assembly,7.709932404661901,39.2035369714742
Moving assembly,7.719967090889941,38.97643213468749
Moving assembly,7.729968695914818,38.750076044617145
Moving assembly,7.739955115187692,38.52406370329023
Moving assembly,7.749988353055424,38.29699181622301
Moving assembly,7.759962495695265,38.07125740629625
Moving assembly,7.769952033801731,37.84517458720165
Moving assembly,7.77994083520572,37.61910844786204
Moving assembly,7.789977068226983,37.39196884682777
Moving assembly,7.79996152378533,37.166001072869456
Moving assembly,7.809987647364741,36.93909027473244
Moving assembly,7.819948049467583,36.71366614551678
Moving assembly,7.829991531495573,36.48633600844961
Moving assembly,7.839987594380234,36.25995940266587
Moving assembly,7.8499731001400574,36.0334867475502
Moving assembly,7.85995978623916,35.80653983421586
Moving assembly,7.869951411755392,35.57915315423008
Moving assembly,7.879977965168683,35.35074591721063
Moving assembly,7.889911186727495,35.12415074683916
Moving assembly,7.899993245311035,34.89358305941446
Moving assembly,7.90993341943276,34.66526468968847
Moving assembly,7.919981077959683,34.43360210527847
Moving assembly,7.929947111314254,34.20317553173803
Moving assembly,7.93997206952037,33.97071210734499
Moving assembly,7.949995462996032,33.73735310522115
Moving assembly,7.959929874849831,33.50459619318099
Moving assembly,7.969920709021281,33.26867443112817
Moving assembly,7.979997262565321,33.02877404618275
Moving assembly,7.989950705612271,32.78986698830621
Moving assembly,7.999959571196209,32.547489639729704
Moving assembly,8.000049102938512,32.54531098496181
