series,Time (ms),Stress (MPa)
all printed,0.0,0.0
all printed,0.04996529836725116,111.67709350585938
all printed,0.09997696940357689,127.10530090332031
all printed,0.1499579723816479,112.51250457763672
all printed,0.19996899625834355,81.48466491699219
all printed,0.249966558093235,83.03985595703125
all printed,0.29998559116280554,66.17031860351562
all printed,0.3499963723560877,74.83822631835938
all printed,0.39994421497187327,84.53789520263672
all printed,0.4499641767949882,76.1855697631836
all printed,0.499928784452401,71.13591766357422
all printed,0.5499327894300433,50.92654800415039
all printed,0.5999996620129411,66.08354949951172
all printed,0.6499691006848287,52.99458312988281
all printed,0.6999988133007167,61.572566986083984
all printed,0.749985497082012,68.65621948242188
all printed,0.7999481701704759,73.94979858398438
all printed,0.8499570278558414,85.02171325683594
all printed,0.899944012089528,81.06219482421875
all printed,0.9499394698711696,79.44129180908203
all printed,0.9999671301613205,72.37588500976562
all printed,1.049999883979543,62.99565505981445
all printed,1.099977395824105,51.3333625793457
all printed,1.1499315771466434,58.4272346496582
all printed,1.1999357691454924,65.36478424072266
all printed,1.249943387583033,65.22091674804688
all printed,1.2999936864898198,67.73115539550781
all printed,1.3499680781408916,74.26559448242188
all printed,1.3999696811098705,81.69083404541016
all printed,1.4499412133405405,72.94339752197266
all printed,1.4999559672270733,60.948490142822266
all printed,1.5499655550875147,60.787010192871094
all printed,1.599928380275378,56.66241455078125
all printed,1.649931491271874,56.61702346801758
all printed,1.6999355593552308,56.599491119384766
all printed,1.7499789885246813,68.97423553466797
all printed,1.7999917551172147,73.64094543457031
all printed,1.8499739166998959,79.32512664794922
all printed,1.899989493242117,83.20730590820312
all printed,1.9499327763228786,82.6204605102539
all printed,1.9999465369297735,68.51667785644531
all printed,2.04996655107061,55.92631912231445
all printed,2.099941183970796,59.41754913330078
all printed,2.14991710592082,59.913360595703125
all printed,2.199953176562614,63.044166564941406
all printed,2.2499477832963435,69.3435287475586
all printed,2.299999391480874,74.14733123779297
all printed,2.3499475259171594,78.01034545898438
all printed,2.3999602557758832,78.5774917602539
all printed,2.4499512636485243,75.14627838134766
all printed,2.499940679102111,67.26480865478516
all printed,2.5499527840204603,59.54960250854492
all printed,2.599940968981799,80.39865112304688
all printed,2.649974290890068,99.2440414428711
all printed,2.69998356857706,80.01599884033203
all printed,2.74993428131191,62.3053092956543
all printed,2.799971275266531,58.653724670410156
all printed,2.8499894066342466,59.48311996459961
all printed,2.899934026801435,66.12983703613281
all printed,2.9499434281778716,66.57634735107422
all printed,2.9999168651491352,66.14202880859375
all printed,3.0499745882139315,67.80287170410156
all printed,3.0999632241524773,59.844608306884766
all printed,3.1499838680316903,61.15617752075195
all printed,3.1999814478738395,61.4444465637207
all printed,3.2499462917535547,55.472862243652344
all printed,3.2999332015365024,51.961448669433594
all printed,3.349938463252754,54.3702392578125
all printed,3.399927109690234,56.45075988769531
all printed,3.449971855156846,56.68929672241211
all printed,3.4999378588707515,60.87013244628906
all printed,3.549917742950946,62.61531066894531
all printed,3.599949724998256,61.94553756713867
all printed,3.6499464777941646,59.25305938720703
all printed,3.69998300247827,56.277347564697266
all printed,3.749951862379064,58.88593292236328
all printed,3.799960982084356,59.34490966796875
all printed,3.8499251456043493,62.50624084472656
all printed,3.8999378987290325,69.73066711425781
all printed,3.949958080901414,66.56997680664062
all printed,3.999983541770195,65.02725219726562
all printed,4.0499471031833,60.0201530456543
all printed,4.099949426170315,62.727996826171875
all printed,4.149933079630451,58.012916564941406
all printed,4.19996640092131,65.86758422851562
all printed,4.249933993903177,66.62908935546875
all printed,4.299955945841997,52.2830810546875
all printed,4.349983995262798,58.358646392822266
all printed,4.399983146713684,71.04386138916016
all printed,4.449971549190028,89.57952880859375
all printed,4.499966191493195,92.9947509765625
all printed,4.549989888694786,82.12305450439453
all printed,4.599992052941339,83.5219955444336
all printed,4.649989818656608,77.1904296875
all printed,4.699975082043545,72.43939971923828
all printed,4.749996672241481,59.689579010009766
all printed,4.79997007762257,58.82394027709961
all printed,4.849939235921605,65.5103988647461
all printed,4.89997454009229,73.07268524169922
all printed,4.949998241528085,60.55438232421875
all printed,4.9999852749250415,60.97188186645508
all printed,5.049947735461384,58.93902587890625
all printed,5.099923311199698,61.105472564697266
all printed,5.1499966554965395,56.408565521240234
all printed,5.199936692847161,61.30458068847656
all printed,5.249922463786196,62.2421760559082
all printed,5.299935422981341,70.17478942871094
all printed,5.349922656174799,70.90497589111328
all printed,5.3999292793812295,64.9236068725586
all printed,5.4499869551646185,54.4447135925293
all printed,5.499995719057553,61.50345993041992
all printed,5.549986318575438,58.91196823120117
all printed,5.59998468731859,65.36097717285156
all printed,5.649954726676184,62.87876892089844
all printed,5.699951153574449,56.61762237548828
all printed,5.749957134848757,66.32291412353516
all printed,5.799945437583162,80.82362365722656
all printed,5.849971813763658,93.76546478271484
all printed,5.899994667478218,69.50956726074219
all printed,5.949965201256177,70.84368133544922
all printed,5.999965248445373,72.09026336669922
all printed,6.049934327957727,72.95633697509766
all printed,6.09999943633641,67.1101303100586
all printed,6.1499310649927095,58.77366638183594
all printed,6.199922726184174,61.35596466064453
all printed,6.2499917790916655,67.83087158203125
all printed,6.299930235840539,69.96831512451172
all printed,6.349927956333025,72.06758880615234
all printed,6.399927143464858,59.7700080871582
all printed,6.449920473189332,61.856632232666016
all printed,6.499927916850496,57.32052230834961
all printed,6.549999321368284,60.56275177001953
all printed,6.599950580037981,54.06364822387695
all printed,6.649998222835022,56.263427734375
all printed,6.6999596360604725,62.36420822143555
all printed,6.749968432217629,63.07843780517578
all printed,6.799947044249277,58.42790985107422
all printed,6.849922460680434,56.39861297607422
all printed,6.899941223814313,58.577518463134766
all printed,6.94992743856826,59.15005111694336
all printed,6.99996945547196,67.59203338623047
all printed,7.049964686947357,69.99826049804688
all printed,7.099926322456232,75.58865356445312
all printed,7.1499354143256255,68.12419891357422
all printed,7.199929365286211,62.597721099853516
all printed,7.249972578757707,57.519256591796875
all printed,7.299981809881976,64.64794921875
all printed,7.34994703807176,57.38715362548828
all printed,7.399932534446809,60.5734748840332
all printed,7.449917499271228,60.41556167602539
all printed,7.4999421505630375,53.423484802246094
all printed,7.5499324887122325,58.000186920166016
all printed,7.599958266776327,55.569183349609375
all printed,7.6499862572244846,58.285404205322266
all printed,7.699965736411016,54.604610443115234
all printed,7.74999903114943,58.6263542175293
all printed,7.79994917002807,61.040504455566406
all printed,7.849988477099361,57.97760009765625
all printed,7.8999839125358395,52.04587173461914
all printed,7.949993626251251,58.478599548339844
all printed,7.999989256657149,56.85126495361328
all printed,8.000070528294538,56.85126495361328
body,0.0,0.0
body,0.04996529836725116,114.17491149902344
body,0.09997696940357689,128.67848205566406
body,0.1499579723816479,113.56861114501953
body,0.19996899625834355,81.06219482421875
body,0.249966558093235,81.54366302490234
body,0.29998559116280554,63.73465347290039
body,0.3499963723560877,74.03616333007812
body,0.39994421497187327,84.35222625732422
body,0.4499641767949882,76.07317352294922
body,0.499928784452401,70.83182525634766
body,0.5499327894300433,50.41240692138672
body,0.5999996620129411,66.86830139160156
body,0.6499691006848287,53.43108367919922
body,0.6999988133007167,61.452571868896484
body,0.749985497082012,68.0771255493164
body,0.7999481701704759,72.80595397949219
body,0.8499570278558414,82.83190155029297
body,0.899944012089528,78.80848693847656
body,0.9499394698711696,77.98960876464844
body,0.9999671301613205,71.94806671142578
body,1.049999883979543,63.1021842956543
body,1.099977395824105,51.13821029663086
body,1.1499315771466434,57.3031005859375
body,1.1999357691454924,64.92882537841797
body,1.249943387583033,64.47310638427734
body,1.2999936864898198,66.61456298828125
body,1.3499680781408916,73.38288116455078
body,1.3999696811098705,81.36420440673828
body,1.4499412133405405,72.39437103271484
body,1.4999559672270733,59.92453384399414
body,1.5499655550875147,60.53532791137695
body,1.599928380275378,56.99688720703125
body,1.649931491271874,56.60032272338867
body,1.6999355593552308,56.516056060791016
body,1.7499789885246813,68.81707000732422
body,1.7999917551172147,72.80370330810547
body,1.8499739166998959,77.60975646972656
body,1.899989493242117,80.73013305664062
body,1.9499327763228786,80.16381072998047
body,1.9999465369297735,67.41268157958984
body,2.04996655107061,55.030914306640625
body,2.099941183970796,58.922508239746094
body,2.14991710592082,60.067508697509766
body,2.199953176562614,61.69841384887695
body,2.2499477832963435,66.9857177734375
body,2.299999391480874,72.99752044677734
body,2.3499475259171594,77.62890625
body,2.3999602557758832,78.28231811523438
body,2.4499512636485243,74.68424987792969
body,2.499940679102111,66.07757568359375
body,2.5499527840204603,58.75770568847656
body,2.599940968981799,81.48326110839844
body,2.649974290890068,100.78711700439453
body,2.69998356857706,80.48237609863281
body,2.74993428131191,62.11244583129883
body,2.799971275266531,59.10206985473633
body,2.8499894066342466,59.74053192138672
body,2.899934026801435,65.822265625
body,2.9499434281778716,65.33164978027344
body,2.9999168651491352,64.3492431640625
body,3.0499745882139315,67.27639770507812
body,3.0999632241524773,60.61457443237305
body,3.1499838680316903,62.037071228027344
body,3.1999814478738395,61.65188980102539
body,3.2499462917535547,55.97779083251953
body,3.2999332015365024,52.363075256347656
body,3.349938463252754,55.27190017700195
body,3.399927109690234,56.94035720825195
body,3.449971855156846,56.2990608215332
body,3.4999378588707515,61.22819519042969
body,3.549917742950946,62.46076583862305
body,3.599949724998256,61.50175476074219
body,3.6499464777941646,58.71101379394531
body,3.69998300247827,56.062103271484375
body,3.749951862379064,58.398807525634766
body,3.799960982084356,58.41678237915039
body,3.8499251456043493,62.592979431152344
body,3.8999378987290325,70.15760803222656
body,3.949958080901414,66.81172943115234
body,3.999983541770195,65.09114074707031
body,4.0499471031833,59.40564727783203
body,4.099949426170315,63.17439270019531
body,4.149933079630451,58.2016487121582
body,4.19996640092131,66.05797576904297
body,4.249933993903177,66.02679443359375
body,4.299955945841997,51.19048309326172
body,4.349983995262798,58.126983642578125
body,4.399983146713684,71.04386138916016
body,4.449971549190028,90.02615356445312
body,4.499966191493195,93.06169891357422
body,4.549989888694786,80.71440887451172
body,4.599992052941339,81.95751190185547
body,4.649989818656608,76.12435913085938
body,4.699975082043545,70.95763397216797
body,4.749996672241481,58.947086334228516
body,4.79997007762257,58.98173141479492
body,4.849939235921605,66.48067474365234
body,4.89997454009229,74.03651428222656
body,4.949998241528085,61.552425384521484
body,4.9999852749250415,61.707088470458984
body,5.049947735461384,59.11297607421875
body,5.099923311199698,61.12595748901367
body,5.1499966554965395,55.20150375366211
body,5.199936692847161,59.248653411865234
body,5.249922463786196,61.19479751586914
body,5.299935422981341,70.49543762207031
body,5.349922656174799,71.0575942993164
body,5.3999292793812295,64.40998840332031
body,5.4499869551646185,55.03302764892578
body,5.499995719057553,61.63443374633789
body,5.549986318575438,58.208744049072266
body,5.59998468731859,64.84403991699219
body,5.649954726676184,61.90186309814453
body,5.699951153574449,56.2178840637207
body,5.749957134848757,66.63542938232422
body,5.799945437583162,81.58872985839844
body,5.849971813763658,94.61414337158203
body,5.899994667478218,68.54011535644531
body,5.949965201256177,70.48033142089844
body,5.999965248445373,72.09026336669922
body,6.049934327957727,72.77696990966797
body,6.09999943633641,67.40997314453125
body,6.1499310649927095,59.85102844238281
body,6.199922726184174,62.36576461791992
body,6.2499917790916655,68.67881774902344
body,6.299930235840539,70.58009338378906
body,6.349927956333025,72.02874755859375
body,6.399927143464858,59.60107421875
body,6.449920473189332,62.273399353027344
body,6.499927916850496,57.558101654052734
body,6.549999321368284,60.702823638916016
body,6.599950580037981,54.43296813964844
body,6.649998222835022,56.92560577392578
body,6.6999596360604725,62.20689010620117
body,6.749968432217629,62.216766357421875
body,6.799947044249277,58.605140686035156
body,6.849922460680434,57.06871032714844
body,6.899941223814313,58.82490921020508
body,6.94992743856826,58.79188537597656
body,6.99996945547196,66.95684051513672
body,7.049964686947357,69.85956573486328
body,7.099926322456232,75.75713348388672
body,7.1499354143256255,68.06033325195312
body,7.199929365286211,62.44293975830078
body,7.249972578757707,56.99121856689453
body,7.299981809881976,65.24059295654297
body,7.34994703807176,57.843849182128906
body,7.399932534446809,61.22507858276367
body,7.449917499271228,60.90359878540039
body,7.4999421505630375,54.03717041015625
body,7.5499324887122325,58.890106201171875
body,7.599958266776327,56.23219680786133
body,7.6499862572244846,58.152164459228516
body,7.699965736411016,54.1550407409668
body,7.74999903114943,58.6060791015625
body,7.79994917002807,61.03947448730469
body,7.849988477099361,57.87135314941406
body,7.8999839125358395,51.92854690551758
body,7.949993626251251,58.22396469116211
body,7.999989256657149,57.20220184326172
body,8.000070528294538,57.20220184326172
closure left,0.0,0.0
closure left,0.04996529836725116,21.956945419311523
closure left,0.09997696940357689,39.85506057739258
closure left,0.1499579723816479,65.79292297363281
closure left,0.19996899625834355,109.97399139404297
closure left,0.249966558093235,158.72401428222656
closure left,0.29998559116280554,169.54324340820312
closure left,0.3499963723560877,150.4188232421875
closure left,0.39994421497187327,125.25578308105469
closure left,0.4499641767949882,95.47821807861328
closure left,0.499928784452401,85.1318130493164
closure left,0.5499327894300433,70.35240173339844
closure left,0.5999996620129411,43.46015167236328
closure left,0.6499691006848287,23.3452091217041
closure left,0.6999988133007167,62.330909729003906
closure left,0.749985497082012,102.81585693359375
closure left,0.7999481701704759,137.7994384765625
closure left,0.8499570278558414,160.7445526123047
closure left,0.899944012089528,161.20408630371094
closure left,0.9499394698711696,126.92179107666016
closure left,0.9999671301613205,85.6668472290039
closure left,1.049999883979543,60.75686264038086
closure left,1.099977395824105,55.605350494384766
closure left,1.1499315771466434,87.586669921875
closure left,1.1999357691454924,78.99150848388672
closure left,1.249943387583033,87.71612548828125
closure left,1.2999936864898198,122.96147155761719
closure left,1.3499680781408916,138.35263061523438
closure left,1.3999696811098705,138.22914123535156
closure left,1.4499412133405405,135.2164764404297
closure left,1.4999559672270733,113.7125244140625
closure left,1.5499655550875147,73.57332611083984
closure left,1.599928380275378,47.61748123168945
closure left,1.649931491271874,46.20069122314453
closure left,1.6999355593552308,50.691917419433594
closure left,1.7499789885246813,75.77510070800781
closure left,1.7999917551172147,109.13335418701172
closure left,1.8499739166998959,144.6414031982422
closure left,1.899989493242117,166.39239501953125
closure left,1.9499327763228786,147.7201385498047
closure left,1.9999465369297735,98.98654174804688
closure left,2.04996655107061,71.01522064208984
closure left,2.099941183970796,68.79928588867188
closure left,2.14991710592082,60.399940490722656
closure left,2.199953176562614,98.47434997558594
closure left,2.2499477832963435,130.24700927734375
closure left,2.299999391480874,110.20867919921875
closure left,2.3499475259171594,100.53671264648438
closure left,2.3999602557758832,95.0750732421875
closure left,2.4499512636485243,101.19412994384766
closure left,2.499940679102111,117.06206512451172
closure left,2.5499527840204603,88.17245483398438
closure left,2.599940968981799,43.71048355102539
closure left,2.649974290890068,56.34842300415039
closure left,2.69998356857706,69.45194244384766
closure left,2.74993428131191,66.1237564086914
closure left,2.799971275266531,48.11863327026367
closure left,2.8499894066342466,46.379173278808594
closure left,2.899934026801435,79.45454406738281
closure left,2.9499434281778716,102.69585418701172
closure left,2.9999168651491352,106.00332641601562
closure left,3.0499745882139315,81.44741821289062
closure left,3.0999632241524773,41.73361587524414
closure left,3.1499838680316903,45.07981872558594
closure left,3.1999814478738395,49.07204818725586
closure left,3.2499462917535547,36.89957046508789
closure left,3.2999332015365024,32.56863784790039
closure left,3.349938463252754,30.555448532104492
closure left,3.399927109690234,45.169883728027344
closure left,3.449971855156846,52.70147705078125
closure left,3.4999378588707515,46.81318283081055
closure left,3.549917742950946,64.93001556396484
closure left,3.599949724998256,71.67033386230469
closure left,3.6499464777941646,74.76773834228516
closure left,3.69998300247827,67.12578582763672
closure left,3.749951862379064,71.6829605102539
closure left,3.799960982084356,81.48704528808594
closure left,3.8499251456043493,61.72168731689453
closure left,3.8999378987290325,61.50952911376953
closure left,3.949958080901414,70.29214477539062
closure left,3.999983541770195,73.1683578491211
closure left,4.0499471031833,71.20977020263672
closure left,4.099949426170315,47.6010627746582
closure left,4.149933079630451,53.8985595703125
closure left,4.19996640092131,68.97815704345703
closure left,4.249933993903177,85.17936706542969
closure left,4.299955945841997,74.31521606445312
closure left,4.349983995262798,58.687347412109375
closure left,4.399983146713684,67.18668365478516
closure left,4.449971549190028,77.89366149902344
closure left,4.499966191493195,93.30397033691406
closure left,4.549989888694786,121.68617248535156
closure left,4.599992052941339,127.30274200439453
closure left,4.649989818656608,118.50032043457031
closure left,4.699975082043545,114.9150161743164
closure left,4.749996672241481,89.4117431640625
closure left,4.79997007762257,46.957340240478516
closure left,4.849939235921605,42.76209259033203
closure left,4.89997454009229,51.634605407714844
closure left,4.949998241528085,38.371482849121094
closure left,4.9999852749250415,44.83903121948242
closure left,5.049947735461384,48.544586181640625
closure left,5.099923311199698,47.85293960571289
closure left,5.1499966554965395,81.3555679321289
closure left,5.199936692847161,106.0694351196289
closure left,5.249922463786196,90.20194244384766
closure left,5.299935422981341,62.6096305847168
closure left,5.349922656174799,62.94939041137695
closure left,5.3999292793812295,74.228271484375
closure left,5.4499869551646185,44.76657485961914
closure left,5.499995719057553,62.9932746887207
closure left,5.549986318575438,77.98064422607422
closure left,5.59998468731859,93.413330078125
closure left,5.649954726676184,93.49649810791016
closure left,5.699951153574449,66.76383209228516
closure left,5.749957134848757,55.87073516845703
closure left,5.799945437583162,51.555030822753906
closure left,5.849971813763658,61.82105255126953
closure left,5.899994667478218,106.15995025634766
closure left,5.949965201256177,77.15409851074219
closure left,5.999965248445373,70.38733673095703
closure left,6.049934327957727,79.9893569946289
closure left,6.09999943633641,61.748809814453125
closure left,6.1499310649927095,30.048919677734375
closure left,6.199922726184174,39.79585266113281
closure left,6.2499917790916655,51.67500686645508
closure left,6.299930235840539,46.89373779296875
closure left,6.349927956333025,74.35504913330078
closure left,6.399927143464858,59.936588287353516
closure left,6.449920473189332,46.89690399169922
closure left,6.499927916850496,45.58045959472656
closure left,6.549999321368284,53.09950256347656
closure left,6.599950580037981,46.584434509277344
closure left,6.649998222835022,44.91237258911133
closure left,6.6999596360604725,63.77473831176758
closure left,6.749968432217629,59.29166793823242
closure left,6.799947044249277,41.76600646972656
closure left,6.849922460680434,40.65409851074219
closure left,6.899941223814313,50.491737365722656
closure left,6.94992743856826,69.59391784667969
closure left,6.99996945547196,90.36559295654297
closure left,7.049964686947357,77.72691345214844
closure left,7.099926322456232,64.15782928466797
closure left,7.1499354143256255,69.28636169433594
closure left,7.199929365286211,66.66629791259766
closure left,7.249972578757707,84.87521362304688
closure left,7.299981809881976,69.61128997802734
closure left,7.34994703807176,45.57866287231445
closure left,7.399932534446809,43.6307258605957
closure left,7.449917499271228,48.89634323120117
closure left,7.4999421505630375,46.541866302490234
closure left,7.5499324887122325,37.83097839355469
closure left,7.599958266776327,33.86968231201172
closure left,7.6499862572244846,59.06050109863281
closure left,7.699965736411016,75.69786071777344
closure left,7.74999903114943,60.23512649536133
closure left,7.79994917002807,57.0549430847168
closure left,7.849988477099361,65.28813171386719
closure left,7.8999839125358395,56.487815856933594
closure left,7.949993626251251,63.53230285644531
closure left,7.999989256657149,49.88136672973633
closure left,8.000070528294538,49.88136672973633
closure right,0.0,0.0
closure right,0.04996529836725116,22.312557220458984
closure right,0.09997696940357689,38.114627838134766
closure right,0.1499579723816479,61.22622299194336
closure right,0.19996899625834355,106.03446197509766
closure right,0.249966558093235,146.50865173339844
closure right,0.29998559116280554,164.81761169433594
closure right,0.3499963723560877,150.69869995117188
closure right,0.39994421497187327,123.1664810180664
closure right,0.4499641767949882,88.96922302246094
closure right,0.499928784452401,75.41059875488281
closure right,0.5499327894300433,60.4185676574707
closure right,0.5999996620129411,36.68382263183594
closure right,0.6499691006848287,40.06837844848633
closure right,0.6999988133007167,75.23696899414062
closure right,0.749985497082012,112.86994171142578
closure right,0.7999481701704759,149.15280151367188
closure right,0.8499570278558414,175.73452758789062
closure right,0.899944012089528,171.41065979003906
closure right,0.9499394698711696,132.59774780273438
closure right,0.9999671301613205,91.64855194091797
closure right,1.049999883979543,60.40154266357422
closure right,1.099977395824105,56.02617263793945
closure right,1.1499315771466434,76.35671997070312
closure right,1.1999357691454924,76.8265151977539
closure right,1.249943387583033,103.53218078613281
closure right,1.2999936864898198,130.61227416992188
closure right,1.3499680781408916,136.4248809814453
closure right,1.3999696811098705,133.82688903808594
closure right,1.4499412133405405,121.05701446533203
closure right,1.4999559672270733,100.97795104980469
closure right,1.5499655550875147,61.935523986816406
closure right,1.599928380275378,49.573158264160156
closure right,1.649931491271874,74.79854583740234
closure right,1.6999355593552308,75.63758850097656
closure right,1.7499789885246813,78.37213897705078
closure right,1.7999917551172147,116.44932556152344
closure right,1.8499739166998959,151.83082580566406
closure right,1.899989493242117,171.01637268066406
closure right,1.9499327763228786,155.8307342529297
closure right,1.9999465369297735,103.95194244384766
closure right,2.04996655107061,86.32536315917969
closure right,2.099941183970796,71.46649169921875
closure right,2.14991710592082,49.53097915649414
closure right,2.199953176562614,94.27853393554688
closure right,2.2499477832963435,132.0313262939453
closure right,2.299999391480874,116.27962493896484
closure right,2.3499475259171594,105.83795928955078
closure right,2.3999602557758832,98.94454956054688
closure right,2.4499512636485243,126.55157470703125
closure right,2.499940679102111,129.5537567138672
closure right,2.5499527840204603,84.82306671142578
closure right,2.599940968981799,45.73406982421875
closure right,2.649974290890068,62.8882942199707
closure right,2.69998356857706,68.77383422851562
closure right,2.74993428131191,65.31880187988281
closure right,2.799971275266531,52.62823486328125
closure right,2.8499894066342466,50.5411262512207
closure right,2.899934026801435,70.18222045898438
closure right,2.9499434281778716,92.03553009033203
closure right,2.9999168651491352,90.87284088134766
closure right,3.0499745882139315,70.89302825927734
closure right,3.0999632241524773,50.60277557373047
closure right,3.1499838680316903,47.37012481689453
closure right,3.1999814478738395,59.65132522583008
closure right,3.2499462917535547,47.235084533691406
closure right,3.2999332015365024,46.463375091552734
closure right,3.349938463252754,38.95307922363281
closure right,3.399927109690234,49.189327239990234
closure right,3.449971855156846,78.36331939697266
closure right,3.4999378588707515,61.43475341796875
closure right,3.549917742950946,67.9605941772461
closure right,3.599949724998256,77.4053726196289
closure right,3.6499464777941646,78.07072448730469
closure right,3.69998300247827,59.16758728027344
closure right,3.749951862379064,70.48439025878906
closure right,3.799960982084356,77.82970428466797
closure right,3.8499251456043493,59.12385177612305
closure right,3.8999378987290325,62.103553771972656
closure right,3.949958080901414,46.32900619506836
closure right,3.999983541770195,52.28462219238281
closure right,4.0499471031833,76.84384155273438
closure right,4.099949426170315,63.2849006652832
closure right,4.149933079630451,52.7103157043457
closure right,4.19996640092131,51.8273811340332
closure right,4.249933993903177,76.20743560791016
closure right,4.299955945841997,78.13513946533203
closure right,4.349983995262798,73.81539154052734
closure right,4.399983146713684,75.75161743164062
closure right,4.449971549190028,69.67569732666016
closure right,4.499966191493195,86.86823272705078
closure right,4.549989888694786,115.57335662841797
closure right,4.599992052941339,115.8028564453125
closure right,4.649989818656608,115.08460998535156
closure right,4.699975082043545,113.02276611328125
closure right,4.749996672241481,94.96724700927734
closure right,4.79997007762257,55.35117721557617
closure right,4.849939235921605,37.570396423339844
closure right,4.89997454009229,38.89825439453125
closure right,4.949998241528085,38.1816520690918
closure right,4.9999852749250415,42.3492317199707
closure right,5.049947735461384,60.51064682006836
closure right,5.099923311199698,71.77381896972656
closure right,5.1499966554965395,101.16062927246094
closure right,5.199936692847161,115.74388885498047
closure right,5.249922463786196,84.00211334228516
closure right,5.299935422981341,57.11080551147461
closure right,5.349922656174799,70.89298248291016
closure right,5.3999292793812295,83.53126525878906
closure right,5.4499869551646185,42.831905364990234
closure right,5.499995719057553,54.09254837036133
closure right,5.549986318575438,74.73224639892578
closure right,5.59998468731859,81.66343688964844
closure right,5.649954726676184,90.20480346679688
closure right,5.699951153574449,70.22826385498047
closure right,5.749957134848757,60.69452667236328
closure right,5.799945437583162,64.03679656982422
closure right,5.849971813763658,60.87132263183594
closure right,5.899994667478218,109.93842315673828
closure right,5.949965201256177,84.6993408203125
closure right,5.999965248445373,74.53294372558594
closure right,6.049934327957727,75.22991943359375
closure right,6.09999943633641,50.664031982421875
closure right,6.1499310649927095,41.730186462402344
closure right,6.199922726184174,34.932315826416016
closure right,6.2499917790916655,46.637611389160156
closure right,6.299930235840539,55.87525939941406
closure right,6.349927956333025,73.34585571289062
closure right,6.399927143464858,66.22303009033203
closure right,6.449920473189332,52.004844665527344
closure right,6.499927916850496,48.77716827392578
closure right,6.549999321368284,57.20167541503906
closure right,6.599950580037981,49.69740295410156
closure right,6.649998222835022,41.45722961425781
closure right,6.6999596360604725,68.67696380615234
closure right,6.749968432217629,102.73241424560547
closure right,6.799947044249277,75.87621307373047
closure right,6.849922460680434,46.362060546875
closure right,6.899941223814313,55.629005432128906
closure right,6.94992743856826,76.18244171142578
closure right,6.99996945547196,89.22039031982422
closure right,7.049964686947357,71.58062744140625
closure right,7.099926322456232,73.0390625
closure right,7.1499354143256255,68.65309143066406
closure right,7.199929365286211,70.3006362915039
closure right,7.249972578757707,55.7484130859375
closure right,7.299981809881976,34.30391311645508
closure right,7.34994703807176,35.71205520629883
closure right,7.399932534446809,41.26888656616211
closure right,7.449917499271228,39.02132034301758
closure right,7.4999421505630375,32.328269958496094
closure right,7.5499324887122325,33.52858352661133
closure right,7.599958266776327,36.229434967041016
closure right,7.6499862572244846,64.82499694824219
closure right,7.699965736411016,70.35755157470703
closure right,7.74999903114943,59.233917236328125
closure right,7.79994917002807,67.58419036865234
closure right,7.849988477099361,56.25291442871094
closure right,7.8999839125358395,53.54700469970703
closure right,7.949993626251251,64.23914337158203
closure right,7.999989256657149,53.8897705078125
closure right,8.000070528294538,53.8897705078125
impact pod roots,0.0,0.0
impact pod roots,0.04996529836725116,161.40524291992188
impact pod roots,0.09997696940357689,150.69210815429688
impact pod roots,0.1499579723816479,125.93868255615234
impact pod roots,0.19996899625834355,96.7894287109375
impact pod roots,0.249966558093235,85.56967163085938
impact pod roots,0.29998559116280554,58.065059661865234
impact pod roots,0.3499963723560877,66.66400146484375
impact pod roots,0.39994421497187327,75.04360961914062
impact pod roots,0.4499641767949882,66.61320495605469
impact pod roots,0.499928784452401,67.26140594482422
impact pod roots,0.5499327894300433,63.180850982666016
impact pod roots,0.5999996620129411,72.74881744384766
impact pod roots,0.6499691006848287,70.73980712890625
impact pod roots,0.6999988133007167,67.673095703125
impact pod roots,0.749985497082012,62.517677307128906
impact pod roots,0.7999481701704759,63.8541145324707
impact pod roots,0.8499570278558414,95.83677673339844
impact pod roots,0.899944012089528,96.9312973022461
impact pod roots,0.9499394698711696,89.6445083618164
impact pod roots,0.9999671301613205,57.46056365966797
impact pod roots,1.049999883979543,66.64582824707031
impact pod roots,1.099977395824105,57.004310607910156
impact pod roots,1.1499315771466434,60.2487678527832
impact pod roots,1.1999357691454924,65.80876922607422
impact pod roots,1.249943387583033,74.61198425292969
impact pod roots,1.2999936864898198,65.475341796875
impact pod roots,1.3499680781408916,57.49177932739258
impact pod roots,1.3999696811098705,56.59470748901367
impact pod roots,1.4499412133405405,62.305328369140625
impact pod roots,1.4999559672270733,67.49837493896484
impact pod roots,1.5499655550875147,63.10733413696289
impact pod roots,1.599928380275378,63.4193229675293
impact pod roots,1.649931491271874,65.81306457519531
impact pod roots,1.6999355593552308,59.01008987426758
impact pod roots,1.7499789885246813,56.06535339355469
impact pod roots,1.7999917551172147,68.03352355957031
impact pod roots,1.8499739166998959,87.553955078125
impact pod roots,1.899989493242117,84.14952850341797
impact pod roots,1.9499327763228786,92.17581939697266
impact pod roots,1.9999465369297735,85.33772277832031
impact pod roots,2.04996655107061,58.834266662597656
impact pod roots,2.099941183970796,52.64773941040039
impact pod roots,2.14991710592082,55.68104934692383
impact pod roots,2.199953176562614,60.531734466552734
impact pod roots,2.2499477832963435,72.19527435302734
impact pod roots,2.299999391480874,80.42591857910156
impact pod roots,2.3499475259171594,70.0472412109375
impact pod roots,2.3999602557758832,66.32415771484375
impact pod roots,2.4499512636485243,64.85577392578125
impact pod roots,2.499940679102111,60.460147857666016
impact pod roots,2.5499527840204603,73.19248962402344
impact pod roots,2.599940968981799,98.24226379394531
impact pod roots,2.649974290890068,114.1403579711914
impact pod roots,2.69998356857706,106.34011840820312
impact pod roots,2.74993428131191,70.7437515258789
impact pod roots,2.799971275266531,72.33505249023438
impact pod roots,2.8499894066342466,77.93721771240234
impact pod roots,2.899934026801435,71.66271209716797
impact pod roots,2.9499434281778716,94.70326232910156
impact pod roots,2.9999168651491352,75.05078125
impact pod roots,3.0499745882139315,64.06659698486328
impact pod roots,3.0999632241524773,78.84806823730469
impact pod roots,3.1499838680316903,73.01841735839844
impact pod roots,3.1999814478738395,75.25083923339844
impact pod roots,3.2499462917535547,63.56622314453125
impact pod roots,3.2999332015365024,51.094482421875
impact pod roots,3.349938463252754,65.64334106445312
impact pod roots,3.399927109690234,62.506813049316406
impact pod roots,3.449971855156846,62.629058837890625
impact pod roots,3.4999378588707515,55.68501281738281
impact pod roots,3.549917742950946,54.845157623291016
impact pod roots,3.599949724998256,68.32003784179688
impact pod roots,3.6499464777941646,72.9440689086914
impact pod roots,3.69998300247827,62.92128372192383
impact pod roots,3.749951862379064,65.53242492675781
impact pod roots,3.799960982084356,57.940433502197266
impact pod roots,3.8499251456043493,72.62559509277344
impact pod roots,3.8999378987290325,86.31829071044922
impact pod roots,3.949958080901414,76.87276458740234
impact pod roots,3.999983541770195,85.20984649658203
impact pod roots,4.0499471031833,68.74425506591797
impact pod roots,4.099949426170315,65.80348205566406
impact pod roots,4.149933079630451,66.9698257446289
impact pod roots,4.19996640092131,61.9033203125
impact pod roots,4.249933993903177,75.64257049560547
impact pod roots,4.299955945841997,58.2203254699707
impact pod roots,4.349983995262798,61.14871597290039
impact pod roots,4.399983146713684,101.48310852050781
impact pod roots,4.449971549190028,117.42476654052734
impact pod roots,4.499966191493195,95.46694946289062
impact pod roots,4.549989888694786,100.07950592041016
impact pod roots,4.599992052941339,94.15123748779297
impact pod roots,4.649989818656608,70.4395523071289
impact pod roots,4.699975082043545,77.8087387084961
impact pod roots,4.749996672241481,64.97354125976562
impact pod roots,4.79997007762257,66.71084594726562
impact pod roots,4.849939235921605,86.19983673095703
impact pod roots,4.89997454009229,77.07744598388672
impact pod roots,4.949998241528085,61.249446868896484
impact pod roots,4.9999852749250415,62.987701416015625
impact pod roots,5.049947735461384,64.02948760986328
impact pod roots,5.099923311199698,68.60340881347656
impact pod roots,5.1499966554965395,64.4647216796875
impact pod roots,5.199936692847161,65.73929595947266
impact pod roots,5.249922463786196,66.51689910888672
impact pod roots,5.299935422981341,87.71923065185547
impact pod roots,5.349922656174799,88.10331726074219
impact pod roots,5.3999292793812295,70.9538803100586
impact pod roots,5.4499869551646185,67.3095474243164
impact pod roots,5.499995719057553,68.59503173828125
impact pod roots,5.549986318575438,70.04786682128906
impact pod roots,5.59998468731859,73.81703186035156
impact pod roots,5.649954726676184,66.42546844482422
impact pod roots,5.699951153574449,71.081787109375
impact pod roots,5.749957134848757,93.67638397216797
impact pod roots,5.799945437583162,96.55923461914062
impact pod roots,5.849971813763658,103.92927551269531
impact pod roots,5.899994667478218,79.88137817382812
impact pod roots,5.949965201256177,84.85276794433594
impact pod roots,5.999965248445373,77.02718353271484
impact pod roots,6.049934327957727,73.37477111816406
impact pod roots,6.09999943633641,80.93411254882812
impact pod roots,6.1499310649927095,74.46073913574219
impact pod roots,6.199922726184174,74.22606658935547
impact pod roots,6.2499917790916655,79.35844421386719
impact pod roots,6.299930235840539,73.58210754394531
impact pod roots,6.349927956333025,76.51165008544922
impact pod roots,6.399927143464858,61.90753173828125
impact pod roots,6.449920473189332,63.16694259643555
impact pod roots,6.499927916850496,62.758296966552734
impact pod roots,6.549999321368284,73.11985778808594
impact pod roots,6.599950580037981,55.17234802246094
impact pod roots,6.649998222835022,72.8154067993164
impact pod roots,6.6999596360604725,60.15495300292969
impact pod roots,6.749968432217629,70.16429901123047
impact pod roots,6.799947044249277,57.56658172607422
impact pod roots,6.849922460680434,67.7484130859375
impact pod roots,6.899941223814313,62.8702278137207
impact pod roots,6.94992743856826,70.0210952758789
impact pod roots,6.99996945547196,79.30094909667969
impact pod roots,7.049964686947357,93.2667236328125
impact pod roots,7.099926322456232,94.0828857421875
impact pod roots,7.1499354143256255,75.30081176757812
impact pod roots,7.199929365286211,69.5455322265625
impact pod roots,7.249972578757707,65.04124450683594
impact pod roots,7.299981809881976,70.48370361328125
impact pod roots,7.34994703807176,61.041053771972656
impact pod roots,7.399932534446809,74.42753601074219
impact pod roots,7.449917499271228,72.30860900878906
impact pod roots,7.4999421505630375,58.6128044128418
impact pod roots,7.5499324887122325,70.04251861572266
impact pod roots,7.599958266776327,61.546958923339844
impact pod roots,7.6499862572244846,66.9756088256836
impact pod roots,7.699965736411016,62.154335021972656
impact pod roots,7.74999903114943,62.64665222167969
impact pod roots,7.79994917002807,63.84614562988281
impact pod roots,7.849988477099361,63.45634078979492
impact pod roots,7.8999839125358395,64.70866394042969
impact pod roots,7.949993626251251,67.56497955322266
impact pod roots,7.999989256657149,67.41914367675781
impact pod roots,8.000070528294538,67.41914367675781
central bridge,0.0,0.0
central bridge,0.04996529836725116,3.72302508354187
central bridge,0.09997696940357689,20.279430389404297
central bridge,0.1499579723816479,26.03400230407715
central bridge,0.19996899625834355,31.055217742919922
central bridge,0.249966558093235,40.34394073486328
central bridge,0.29998559116280554,57.765289306640625
central bridge,0.3499963723560877,72.90940856933594
central bridge,0.39994421497187327,84.89340209960938
central bridge,0.4499641767949882,76.96198272705078
central bridge,0.499928784452401,58.49868392944336
central bridge,0.5499327894300433,30.482421875
central bridge,0.5999996620129411,28.683809280395508
central bridge,0.6499691006848287,47.026695251464844
central bridge,0.6999988133007167,55.38801956176758
central bridge,0.749985497082012,64.41468811035156
central bridge,0.7999481701704759,69.325927734375
central bridge,0.8499570278558414,52.42098617553711
central bridge,0.899944012089528,49.24965286254883
central bridge,0.9499394698711696,47.448604583740234
central bridge,0.9999671301613205,44.413936614990234
central bridge,1.049999883979543,36.677520751953125
central bridge,1.099977395824105,25.46894073486328
central bridge,1.1499315771466434,41.175846099853516
central bridge,1.1999357691454924,38.408206939697266
central bridge,1.249943387583033,55.36127471923828
central bridge,1.2999936864898198,63.460208892822266
central bridge,1.3499680781408916,74.33916473388672
central bridge,1.3999696811098705,82.3587875366211
central bridge,1.4499412133405405,70.76081848144531
central bridge,1.4999559672270733,56.23039245605469
central bridge,1.5499655550875147,39.202274322509766
central bridge,1.599928380275378,30.7818603515625
central bridge,1.649931491271874,41.027381896972656
central bridge,1.6999355593552308,51.93479919433594
central bridge,1.7499789885246813,64.29922485351562
central bridge,1.7999917551172147,58.440067291259766
central bridge,1.8499739166998959,60.66726303100586
central bridge,1.899989493242117,50.04722213745117
central bridge,1.9499327763228786,44.79090881347656
central bridge,1.9999465369297735,48.51580810546875
central bridge,2.04996655107061,29.302812576293945
central bridge,2.099941183970796,29.278762817382812
central bridge,2.14991710592082,30.418903350830078
central bridge,2.199953176562614,33.55887222290039
central bridge,2.2499477832963435,48.24492645263672
central bridge,2.299999391480874,56.858001708984375
central bridge,2.3499475259171594,76.54578399658203
central bridge,2.3999602557758832,79.1231460571289
central bridge,2.4499512636485243,75.7883529663086
central bridge,2.499940679102111,66.37247467041016
central bridge,2.5499527840204603,46.60847473144531
central bridge,2.599940968981799,28.21942710876465
central bridge,2.649974290890068,37.52450942993164
central bridge,2.69998356857706,37.43330383300781
central bridge,2.74993428131191,42.535762786865234
central bridge,2.799971275266531,37.28499221801758
central bridge,2.8499894066342466,47.83030319213867
central bridge,2.899934026801435,49.45246887207031
central bridge,2.9499434281778716,46.852420806884766
central bridge,2.9999168651491352,38.20794677734375
central bridge,3.0499745882139315,33.543941497802734
central bridge,3.0999632241524773,38.817718505859375
central bridge,3.1499838680316903,40.316429138183594
central bridge,3.1999814478738395,32.224857330322266
central bridge,3.2499462917535547,30.474729537963867
central bridge,3.2999332015365024,25.15376853942871
central bridge,3.349938463252754,35.72209930419922
central bridge,3.399927109690234,48.0737190246582
central bridge,3.449971855156846,45.51896286010742
central bridge,3.4999378588707515,40.622920989990234
central bridge,3.549917742950946,45.09173583984375
central bridge,3.599949724998256,46.039520263671875
central bridge,3.6499464777941646,44.7028694152832
central bridge,3.69998300247827,42.1096305847168
central bridge,3.749951862379064,37.059593200683594
central bridge,3.799960982084356,32.81285095214844
central bridge,3.8499251456043493,26.507518768310547
central bridge,3.8999378987290325,24.708351135253906
central bridge,3.949958080901414,27.43166160583496
central bridge,3.999983541770195,27.775930404663086
central bridge,4.0499471031833,31.54800033569336
central bridge,4.099949426170315,33.367393493652344
central bridge,4.149933079630451,39.114715576171875
central bridge,4.19996640092131,41.882904052734375
central bridge,4.249933993903177,39.83024978637695
central bridge,4.299955945841997,33.158084869384766
central bridge,4.349983995262798,40.060157775878906
central bridge,4.399983146713684,51.21312713623047
central bridge,4.449971549190028,47.97321319580078
central bridge,4.499966191493195,37.41780471801758
central bridge,4.549989888694786,31.588485717773438
central bridge,4.599992052941339,34.38028335571289
central bridge,4.649989818656608,38.32123947143555
central bridge,4.699975082043545,45.952125549316406
central bridge,4.749996672241481,52.803524017333984
central bridge,4.79997007762257,53.897705078125
central bridge,4.849939235921605,50.29404067993164
central bridge,4.89997454009229,32.886634826660156
central bridge,4.949998241528085,28.260868072509766
central bridge,4.9999852749250415,38.6587028503418
central bridge,5.049947735461384,47.11841583251953
central bridge,5.099923311199698,58.018741607666016
central bridge,5.1499966554965395,45.407875061035156
central bridge,5.199936692847161,35.80299758911133
central bridge,5.249922463786196,33.79574966430664
central bridge,5.299935422981341,34.455291748046875
central bridge,5.349922656174799,34.2191047668457
central bridge,5.3999292793812295,31.665145874023438
central bridge,5.4499869551646185,29.937400817871094
central bridge,5.499995719057553,35.45515441894531
central bridge,5.549986318575438,32.5214958190918
central bridge,5.59998468731859,38.255977630615234
central bridge,5.649954726676184,33.59474563598633
central bridge,5.699951153574449,38.03056335449219
central bridge,5.749957134848757,51.896095275878906
central bridge,5.799945437583162,48.785316467285156
central bridge,5.849971813763658,41.44834518432617
central bridge,5.899994667478218,36.802696228027344
central bridge,5.949965201256177,29.19844627380371
central bridge,5.999965248445373,30.91683578491211
central bridge,6.049934327957727,34.36410903930664
central bridge,6.09999943633641,41.25433349609375
central bridge,6.1499310649927095,29.8919677734375
central bridge,6.199922726184174,28.25434112548828
central bridge,6.2499917790916655,34.284568786621094
central bridge,6.299930235840539,25.593645095825195
central bridge,6.349927956333025,25.437448501586914
central bridge,6.399927143464858,36.40093994140625
central bridge,6.449920473189332,41.529457092285156
central bridge,6.499927916850496,51.57243347167969
central bridge,6.549999321368284,37.8826904296875
central bridge,6.599950580037981,36.21087646484375
central bridge,6.649998222835022,32.49889373779297
central bridge,6.6999596360604725,25.04307746887207
central bridge,6.749968432217629,38.92697525024414
central bridge,6.799947044249277,36.24348068237305
central bridge,6.849922460680434,37.85131072998047
central bridge,6.899941223814313,36.167179107666016
central bridge,6.94992743856826,35.8243293762207
central bridge,6.99996945547196,32.61574172973633
central bridge,7.049964686947357,30.967546463012695
central bridge,7.099926322456232,29.835613250732422
central bridge,7.1499354143256255,34.25327682495117
central bridge,7.199929365286211,31.346683502197266
central bridge,7.249972578757707,34.0463981628418
central bridge,7.299981809881976,35.231422424316406
central bridge,7.34994703807176,30.474058151245117
central bridge,7.399932534446809,21.5460262298584
central bridge,7.449917499271228,23.556777954101562
central bridge,7.4999421505630375,30.371980667114258
central bridge,7.5499324887122325,39.22521209716797
central bridge,7.599958266776327,34.59688949584961
central bridge,7.6499862572244846,26.849994659423828
central bridge,7.699965736411016,29.657939910888672
central bridge,7.74999903114943,27.569734573364258
central bridge,7.79994917002807,22.435466766357422
central bridge,7.849988477099361,23.03117561340332
central bridge,7.8999839125358395,25.394123077392578
central bridge,7.949993626251251,22.050060272216797
central bridge,7.999989256657149,23.09113121032715
central bridge,8.000070528294538,23.09113121032715
T slot body,0.0,0.0
T slot body,0.04996529836725116,54.69400405883789
T slot body,0.09997696940357689,89.30358123779297
T slot body,0.1499579723816479,101.0634765625
T slot body,0.19996899625834355,80.52540588378906
T slot body,0.249966558093235,87.08480834960938
T slot body,0.29998559116280554,74.7776107788086
T slot body,0.3499963723560877,71.10819244384766
T slot body,0.39994421497187327,68.85405731201172
T slot body,0.4499641767949882,73.33817291259766
T slot body,0.499928784452401,61.926055908203125
T slot body,0.5499327894300433,56.72154235839844
T slot body,0.5999996620129411,60.52321243286133
T slot body,0.6499691006848287,65.02310180664062
T slot body,0.6999988133007167,63.880104064941406
T slot body,0.749985497082012,59.43891525268555
T slot body,0.7999481701704759,76.10100555419922
T slot body,0.8499570278558414,99.22776794433594
T slot body,0.899944012089528,110.8480224609375
T slot body,0.9499394698711696,119.84959411621094
T slot body,0.9999671301613205,96.42095947265625
T slot body,1.049999883979543,73.52081298828125
T slot body,1.099977395824105,63.36833572387695
T slot body,1.1499315771466434,67.03797912597656
T slot body,1.1999357691454924,63.63436508178711
T slot body,1.249943387583033,76.18986511230469
T slot body,1.2999936864898198,59.044883728027344
T slot body,1.3499680781408916,64.88800048828125
T slot body,1.3999696811098705,73.54100799560547
T slot body,1.4499412133405405,79.3843002319336
T slot body,1.4999559672270733,58.74381637573242
T slot body,1.5499655550875147,59.79043197631836
T slot body,1.599928380275378,59.17027282714844
T slot body,1.649931491271874,53.17018127441406
T slot body,1.6999355593552308,59.64740753173828
T slot body,1.7499789885246813,69.39041137695312
T slot body,1.7999917551172147,84.39667510986328
T slot body,1.8499739166998959,100.2357406616211
T slot body,1.899989493242117,122.41068267822266
T slot body,1.9499327763228786,95.55908203125
T slot body,1.9999465369297735,76.30410766601562
T slot body,2.04996655107061,53.92582321166992
T slot body,2.099941183970796,70.5963134765625
T slot body,2.14991710592082,54.44557571411133
T slot body,2.199953176562614,48.414886474609375
T slot body,2.2499477832963435,61.67060089111328
T slot body,2.299999391480874,101.83304595947266
T slot body,2.3499475259171594,78.6309585571289
T slot body,2.3999602557758832,64.17813873291016
T slot body,2.4499512636485243,55.80963897705078
T slot body,2.499940679102111,52.66462707519531
T slot body,2.5499527840204603,57.93191909790039
T slot body,2.599940968981799,95.73942565917969
T slot body,2.649974290890068,78.9047622680664
T slot body,2.69998356857706,65.58617401123047
T slot body,2.74993428131191,70.46959686279297
T slot body,2.799971275266531,53.371315002441406
T slot body,2.8499894066342466,65.9983901977539
T slot body,2.899934026801435,79.94310760498047
T slot body,2.9499434281778716,66.76966857910156
T slot body,2.9999168651491352,64.67965698242188
T slot body,3.0499745882139315,83.98461151123047
T slot body,3.0999632241524773,60.11850357055664
T slot body,3.1499838680316903,64.57343292236328
T slot body,3.1999814478738395,65.32296752929688
T slot body,3.2499462917535547,54.71540451049805
T slot body,3.2999332015365024,43.40292739868164
T slot body,3.349938463252754,59.20586395263672
T slot body,3.399927109690234,66.35302734375
T slot body,3.449971855156846,66.4807357788086
T slot body,3.4999378588707515,76.1648941040039
T slot body,3.549917742950946,83.4563980102539
T slot body,3.599949724998256,78.139892578125
T slot body,3.6499464777941646,60.043983459472656
T slot body,3.69998300247827,71.77435302734375
T slot body,3.749951862379064,80.97123718261719
T slot body,3.799960982084356,82.88782501220703
T slot body,3.8499251456043493,64.44120788574219
T slot body,3.8999378987290325,78.27835845947266
T slot body,3.949958080901414,61.569488525390625
T slot body,3.999983541770195,68.8742446899414
T slot body,4.0499471031833,67.67017364501953
T slot body,4.099949426170315,71.57330322265625
T slot body,4.149933079630451,81.52934265136719
T slot body,4.19996640092131,71.1692886352539
T slot body,4.249933993903177,72.73477172851562
T slot body,4.299955945841997,62.15336990356445
T slot body,4.349983995262798,71.23063659667969
T slot body,4.399983146713684,65.01158142089844
T slot body,4.449971549190028,73.82709503173828
T slot body,4.499966191493195,74.73047637939453
T slot body,4.549989888694786,81.86976623535156
T slot body,4.599992052941339,95.26740264892578
T slot body,4.649989818656608,82.67635345458984
T slot body,4.699975082043545,68.02190399169922
T slot body,4.749996672241481,65.9302978515625
T slot body,4.79997007762257,58.25796890258789
T slot body,4.849939235921605,65.2050552368164
T slot body,4.89997454009229,62.924720764160156
T slot body,4.949998241528085,67.0284652709961
T slot body,4.9999852749250415,77.02128601074219
T slot body,5.049947735461384,77.0400619506836
T slot body,5.099923311199698,66.63151550292969
T slot body,5.1499966554965395,59.71624755859375
T slot body,5.199936692847161,61.0843391418457
T slot body,5.249922463786196,53.939613342285156
T slot body,5.299935422981341,86.62242126464844
T slot body,5.349922656174799,88.1651382446289
T slot body,5.3999292793812295,63.22140121459961
T slot body,5.4499869551646185,54.79472351074219
T slot body,5.499995719057553,63.42036437988281
T slot body,5.549986318575438,84.92890930175781
T slot body,5.59998468731859,80.04503631591797
T slot body,5.649954726676184,62.384727478027344
T slot body,5.699951153574449,61.933902740478516
T slot body,5.749957134848757,64.84317016601562
T slot body,5.799945437583162,73.9166259765625
T slot body,5.849971813763658,65.63245391845703
T slot body,5.899994667478218,65.9910888671875
T slot body,5.949965201256177,79.45072937011719
T slot body,5.999965248445373,63.61980056762695
T slot body,6.049934327957727,63.360809326171875
T slot body,6.09999943633641,53.66582107543945
T slot body,6.1499310649927095,60.87498474121094
T slot body,6.199922726184174,65.56615447998047
T slot body,6.2499917790916655,107.70906829833984
T slot body,6.299930235840539,95.57069396972656
T slot body,6.349927956333025,64.64488983154297
T slot body,6.399927143464858,74.53089141845703
T slot body,6.449920473189332,64.8166732788086
T slot body,6.499927916850496,71.56817626953125
T slot body,6.549999321368284,62.460365295410156
T slot body,6.599950580037981,58.6298942565918
T slot body,6.649998222835022,61.27397537231445
T slot body,6.6999596360604725,62.30642318725586
T slot body,6.749968432217629,56.09562683105469
T slot body,6.799947044249277,56.028072357177734
T slot body,6.849922460680434,66.50389862060547
T slot body,6.899941223814313,56.75468826293945
T slot body,6.94992743856826,61.310020446777344
T slot body,6.99996945547196,70.63652038574219
T slot body,7.049964686947357,69.03535461425781
T slot body,7.099926322456232,92.67056274414062
T slot body,7.1499354143256255,59.662872314453125
T slot body,7.199929365286211,50.138912200927734
T slot body,7.249972578757707,57.52596664428711
T slot body,7.299981809881976,62.34041976928711
T slot body,7.34994703807176,60.843650817871094
T slot body,7.399932534446809,62.77743911743164
T slot body,7.449917499271228,49.7603645324707
T slot body,7.4999421505630375,57.667320251464844
T slot body,7.5499324887122325,55.39657974243164
T slot body,7.599958266776327,56.21072006225586
T slot body,7.6499862572244846,63.6689567565918
T slot body,7.699965736411016,66.02706909179688
T slot body,7.74999903114943,75.85453033447266
T slot body,7.79994917002807,62.330345153808594
T slot body,7.849988477099361,67.19642639160156
T slot body,7.8999839125358395,58.626163482666016
T slot body,7.949993626251251,68.1827163696289
T slot body,7.999989256657149,61.395896911621094
T slot body,8.000070528294538,61.395896911621094
bolt ligaments,0.0,0.0
bolt ligaments,0.04996529836725116,33.60952377319336
bolt ligaments,0.09997696940357689,48.916866302490234
bolt ligaments,0.1499579723816479,58.78521728515625
bolt ligaments,0.19996899625834355,65.49584197998047
bolt ligaments,0.249966558093235,71.25175476074219
bolt ligaments,0.29998559116280554,77.29163360595703
bolt ligaments,0.3499963723560877,68.54840850830078
bolt ligaments,0.39994421497187327,56.53738021850586
bolt ligaments,0.4499641767949882,58.509620666503906
bolt ligaments,0.499928784452401,54.263397216796875
bolt ligaments,0.5499327894300433,43.31483840942383
bolt ligaments,0.5999996620129411,31.340177536010742
bolt ligaments,0.6499691006848287,43.32753372192383
bolt ligaments,0.6999988133007167,50.431495666503906
bolt ligaments,0.749985497082012,57.67377853393555
bolt ligaments,0.7999481701704759,67.50859069824219
bolt ligaments,0.8499570278558414,83.5172348022461
bolt ligaments,0.899944012089528,80.28240203857422
bolt ligaments,0.9499394698711696,76.91537475585938
bolt ligaments,0.9999671301613205,59.671932220458984
bolt ligaments,1.049999883979543,53.91536331176758
bolt ligaments,1.099977395824105,39.08710861206055
bolt ligaments,1.1499315771466434,57.4425048828125
bolt ligaments,1.1999357691454924,61.75297546386719
bolt ligaments,1.249943387583033,66.7899169921875
bolt ligaments,1.2999936864898198,63.9813232421875
bolt ligaments,1.3499680781408916,67.13461303710938
bolt ligaments,1.3999696811098705,64.35211944580078
bolt ligaments,1.4499412133405405,60.68743896484375
bolt ligaments,1.4999559672270733,51.53604507446289
bolt ligaments,1.5499655550875147,48.656227111816406
bolt ligaments,1.599928380275378,44.13937759399414
bolt ligaments,1.649931491271874,45.73698043823242
bolt ligaments,1.6999355593552308,51.98352813720703
bolt ligaments,1.7499789885246813,57.98993682861328
bolt ligaments,1.7999917551172147,63.696250915527344
bolt ligaments,1.8499739166998959,77.20784759521484
bolt ligaments,1.899989493242117,80.73296356201172
bolt ligaments,1.9499327763228786,67.36225128173828
bolt ligaments,1.9999465369297735,54.21571731567383
bolt ligaments,2.04996655107061,41.38654327392578
bolt ligaments,2.099941183970796,52.47344970703125
bolt ligaments,2.14991710592082,46.56098175048828
bolt ligaments,2.199953176562614,50.63300704956055
bolt ligaments,2.2499477832963435,55.55720520019531
bolt ligaments,2.299999391480874,66.8926773071289
bolt ligaments,2.3499475259171594,58.345088958740234
bolt ligaments,2.3999602557758832,63.60615539550781
bolt ligaments,2.4499512636485243,54.874759674072266
bolt ligaments,2.499940679102111,53.62264633178711
bolt ligaments,2.5499527840204603,48.48603820800781
bolt ligaments,2.599940968981799,47.47697830200195
bolt ligaments,2.649974290890068,43.99641036987305
bolt ligaments,2.69998356857706,51.221954345703125
bolt ligaments,2.74993428131191,51.58698272705078
bolt ligaments,2.799971275266531,42.27806854248047
bolt ligaments,2.8499894066342466,51.25202941894531
bolt ligaments,2.899934026801435,70.066650390625
bolt ligaments,2.9499434281778716,60.84801483154297
bolt ligaments,2.9999168651491352,58.52654266357422
bolt ligaments,3.0499745882139315,51.53376770019531
bolt ligaments,3.0999632241524773,41.769962310791016
bolt ligaments,3.1499838680316903,50.0382194519043
bolt ligaments,3.1999814478738395,46.53452682495117
bolt ligaments,3.2499462917535547,38.25261306762695
bolt ligaments,3.2999332015365024,32.0929069519043
bolt ligaments,3.349938463252754,37.29512023925781
bolt ligaments,3.399927109690234,51.73987579345703
bolt ligaments,3.449971855156846,48.757110595703125
bolt ligaments,3.4999378588707515,57.293678283691406
bolt ligaments,3.549917742950946,58.30952072143555
bolt ligaments,3.599949724998256,50.898414611816406
bolt ligaments,3.6499464777941646,51.87303161621094
bolt ligaments,3.69998300247827,62.07447814941406
bolt ligaments,3.749951862379064,59.960411071777344
bolt ligaments,3.799960982084356,57.144168853759766
bolt ligaments,3.8499251456043493,44.16364288330078
bolt ligaments,3.8999378987290325,46.61671829223633
bolt ligaments,3.949958080901414,51.8984375
bolt ligaments,3.999983541770195,42.55501174926758
bolt ligaments,4.0499471031833,44.47283935546875
bolt ligaments,4.099949426170315,46.5283203125
bolt ligaments,4.149933079630451,62.08294677734375
bolt ligaments,4.19996640092131,58.57118225097656
bolt ligaments,4.249933993903177,56.850440979003906
bolt ligaments,4.299955945841997,52.10045623779297
bolt ligaments,4.349983995262798,50.60380935668945
bolt ligaments,4.399983146713684,48.88936233520508
bolt ligaments,4.449971549190028,45.17397689819336
bolt ligaments,4.499966191493195,61.14273452758789
bolt ligaments,4.549989888694786,61.54487991333008
bolt ligaments,4.599992052941339,72.2069091796875
bolt ligaments,4.649989818656608,62.96793746948242
bolt ligaments,4.699975082043545,58.30624008178711
bolt ligaments,4.749996672241481,50.33466339111328
bolt ligaments,4.79997007762257,41.39897155761719
bolt ligaments,4.849939235921605,39.03233337402344
bolt ligaments,4.89997454009229,41.31290817260742
bolt ligaments,4.949998241528085,41.1677360534668
bolt ligaments,4.9999852749250415,38.869361877441406
bolt ligaments,5.049947735461384,59.45276641845703
bolt ligaments,5.099923311199698,45.589447021484375
bolt ligaments,5.1499966554965395,56.48258972167969
bolt ligaments,5.199936692847161,57.83799362182617
bolt ligaments,5.249922463786196,42.36790466308594
bolt ligaments,5.299935422981341,50.807254791259766
bolt ligaments,5.349922656174799,49.27217102050781
bolt ligaments,5.3999292793812295,47.374420166015625
bolt ligaments,5.4499869551646185,42.923038482666016
bolt ligaments,5.499995719057553,47.57830810546875
bolt ligaments,5.549986318575438,68.70636749267578
bolt ligaments,5.59998468731859,65.12843322753906
bolt ligaments,5.649954726676184,54.341461181640625
bolt ligaments,5.699951153574449,41.26654052734375
bolt ligaments,5.749957134848757,49.742488861083984
bolt ligaments,5.799945437583162,39.350894927978516
bolt ligaments,5.849971813763658,46.221641540527344
bolt ligaments,5.899994667478218,46.12039566040039
bolt ligaments,5.949965201256177,51.667701721191406
bolt ligaments,5.999965248445373,52.61387634277344
bolt ligaments,6.049934327957727,47.7929801940918
bolt ligaments,6.09999943633641,42.6047477722168
bolt ligaments,6.1499310649927095,31.90020751953125
bolt ligaments,6.199922726184174,27.46897315979004
bolt ligaments,6.2499917790916655,51.438377380371094
bolt ligaments,6.299930235840539,55.280452728271484
bolt ligaments,6.349927956333025,39.85249328613281
bolt ligaments,6.399927143464858,43.982177734375
bolt ligaments,6.449920473189332,47.08230209350586
bolt ligaments,6.499927916850496,46.52882385253906
bolt ligaments,6.549999321368284,46.53805923461914
bolt ligaments,6.599950580037981,44.714393615722656
bolt ligaments,6.649998222835022,35.3584098815918
bolt ligaments,6.6999596360604725,42.2063102722168
bolt ligaments,6.749968432217629,44.357852935791016
bolt ligaments,6.799947044249277,39.87568664550781
bolt ligaments,6.849922460680434,36.95114517211914
bolt ligaments,6.899941223814313,43.85009765625
bolt ligaments,6.94992743856826,43.26737594604492
bolt ligaments,6.99996945547196,54.76857376098633
bolt ligaments,7.049964686947357,50.11842346191406
bolt ligaments,7.099926322456232,48.4405403137207
bolt ligaments,7.1499354143256255,42.3690071105957
bolt ligaments,7.199929365286211,35.48323059082031
bolt ligaments,7.249972578757707,41.60543441772461
bolt ligaments,7.299981809881976,41.10231018066406
bolt ligaments,7.34994703807176,32.92148208618164
bolt ligaments,7.399932534446809,29.457828521728516
bolt ligaments,7.449917499271228,36.30575180053711
bolt ligaments,7.4999421505630375,31.299413681030273
bolt ligaments,7.5499324887122325,31.85852813720703
bolt ligaments,7.599958266776327,36.76694107055664
bolt ligaments,7.6499862572244846,42.29486083984375
bolt ligaments,7.699965736411016,48.57444381713867
bolt ligaments,7.74999903114943,45.638206481933594
bolt ligaments,7.79994917002807,45.005313873291016
bolt ligaments,7.849988477099361,40.027400970458984
bolt ligaments,7.8999839125358395,36.676021575927734
bolt ligaments,7.949993626251251,43.552188873291016
bolt ligaments,7.999989256657149,43.26991653442383
bolt ligaments,8.000070528294538,43.26991653442383
motor seats,0.0,0.0
motor seats,0.04996529836725116,163.42630004882812
motor seats,0.09997696940357689,176.8173828125
motor seats,0.1499579723816479,145.4160919189453
motor seats,0.19996899625834355,105.77095031738281
motor seats,0.249966558093235,102.71231079101562
motor seats,0.29998559116280554,81.01808166503906
motor seats,0.3499963723560877,93.2249755859375
motor seats,0.39994421497187327,89.741455078125
motor seats,0.4499641767949882,80.74935913085938
motor seats,0.499928784452401,98.49691772460938
motor seats,0.5499327894300433,73.4074478149414
motor seats,0.5999996620129411,92.65922546386719
motor seats,0.6499691006848287,73.0784683227539
motor seats,0.6999988133007167,80.43233489990234
motor seats,0.749985497082012,89.50225830078125
motor seats,0.7999481701704759,93.25984954833984
motor seats,0.8499570278558414,107.68924713134766
motor seats,0.899944012089528,107.86688232421875
motor seats,0.9499394698711696,104.23612213134766
motor seats,0.9999671301613205,98.58279418945312
motor seats,1.049999883979543,88.02229309082031
motor seats,1.099977395824105,74.5362548828125
motor seats,1.1499315771466434,77.80211639404297
motor seats,1.1999357691454924,86.56314086914062
motor seats,1.249943387583033,85.21957397460938
motor seats,1.2999936864898198,82.98265075683594
motor seats,1.3499680781408916,74.39689636230469
motor seats,1.3999696811098705,75.85215759277344
motor seats,1.4499412133405405,95.93245697021484
motor seats,1.4999559672270733,86.30963897705078
motor seats,1.5499655550875147,90.73967742919922
motor seats,1.599928380275378,82.74150085449219
motor seats,1.649931491271874,86.92615509033203
motor seats,1.6999355593552308,76.0346450805664
motor seats,1.7499789885246813,93.60224914550781
motor seats,1.7999917551172147,97.86599731445312
motor seats,1.8499739166998959,101.27454376220703
motor seats,1.899989493242117,105.7226333618164
motor seats,1.9499327763228786,104.58363342285156
motor seats,1.9999465369297735,94.09278106689453
motor seats,2.04996655107061,78.97566223144531
motor seats,2.099941183970796,87.71473693847656
motor seats,2.14991710592082,82.66804504394531
motor seats,2.199953176562614,85.67066955566406
motor seats,2.2499477832963435,93.30105590820312
motor seats,2.299999391480874,98.86845397949219
motor seats,2.3499475259171594,88.54424285888672
motor seats,2.3999602557758832,87.89214324951172
motor seats,2.4499512636485243,80.32884979248047
motor seats,2.499940679102111,71.90862274169922
motor seats,2.5499527840204603,78.47576141357422
motor seats,2.599940968981799,114.55413818359375
motor seats,2.649974290890068,138.5241241455078
motor seats,2.69998356857706,107.48001861572266
motor seats,2.74993428131191,84.15362548828125
motor seats,2.799971275266531,90.79100799560547
motor seats,2.8499894066342466,85.97237396240234
motor seats,2.899934026801435,89.82660675048828
motor seats,2.9499434281778716,97.6690673828125
motor seats,2.9999168651491352,89.83076477050781
motor seats,3.0499745882139315,93.10589599609375
motor seats,3.0999632241524773,94.14302062988281
motor seats,3.1499838680316903,90.84691619873047
motor seats,3.1999814478738395,87.74917602539062
motor seats,3.2499462917535547,80.09110260009766
motor seats,3.2999332015365024,78.71576690673828
motor seats,3.349938463252754,79.80872344970703
motor seats,3.399927109690234,78.59723663330078
motor seats,3.449971855156846,79.72100067138672
motor seats,3.4999378588707515,81.7571792602539
motor seats,3.549917742950946,89.26993560791016
motor seats,3.599949724998256,83.55731201171875
motor seats,3.6499464777941646,81.18221282958984
motor seats,3.69998300247827,77.4430160522461
motor seats,3.749951862379064,81.5469741821289
motor seats,3.799960982084356,79.10832214355469
motor seats,3.8499251456043493,91.53660583496094
motor seats,3.8999378987290325,106.3603515625
motor seats,3.949958080901414,98.10102844238281
motor seats,3.999983541770195,94.17781829833984
motor seats,4.0499471031833,83.90185546875
motor seats,4.099949426170315,92.86815643310547
motor seats,4.149933079630451,81.84087371826172
motor seats,4.19996640092131,93.85948181152344
motor seats,4.249933993903177,93.30523681640625
motor seats,4.299955945841997,72.3448715209961
motor seats,4.349983995262798,84.18580627441406
motor seats,4.399983146713684,103.03119659423828
motor seats,4.449971549190028,127.57504272460938
motor seats,4.499966191493195,132.31004333496094
motor seats,4.549989888694786,103.00968170166016
motor seats,4.599992052941339,109.27041625976562
motor seats,4.649989818656608,104.94552612304688
motor seats,4.699975082043545,99.18205261230469
motor seats,4.749996672241481,78.2018051147461
motor seats,4.79997007762257,78.93157958984375
motor seats,4.849939235921605,97.56501007080078
motor seats,4.89997454009229,106.05509948730469
motor seats,4.949998241528085,92.71160888671875
motor seats,4.9999852749250415,90.14794921875
motor seats,5.049947735461384,82.79466247558594
motor seats,5.099923311199698,87.78527069091797
motor seats,5.1499966554965395,74.2942886352539
motor seats,5.199936692847161,81.4439697265625
motor seats,5.249922463786196,87.60554504394531
motor seats,5.299935422981341,97.06507873535156
motor seats,5.349922656174799,100.86470031738281
motor seats,5.3999292793812295,87.71733093261719
motor seats,5.4499869551646185,81.59542083740234
motor seats,5.499995719057553,87.77767944335938
motor seats,5.549986318575438,78.5440902709961
motor seats,5.59998468731859,84.91584777832031
motor seats,5.649954726676184,88.05177307128906
motor seats,5.699951153574449,79.98261260986328
motor seats,5.749957134848757,97.15873718261719
motor seats,5.799945437583162,111.66790771484375
motor seats,5.849971813763658,125.71931457519531
motor seats,5.899994667478218,95.4230728149414
motor seats,5.949965201256177,98.61508178710938
motor seats,5.999965248445373,101.2994384765625
motor seats,6.049934327957727,107.40945434570312
motor seats,6.09999943633641,97.2885971069336
motor seats,6.1499310649927095,87.22016143798828
motor seats,6.199922726184174,92.51435089111328
motor seats,6.2499917790916655,99.2333984375
motor seats,6.299930235840539,101.88512420654297
motor seats,6.349927956333025,107.7623291015625
motor seats,6.399927143464858,86.5593032836914
motor seats,6.449920473189332,91.38013458251953
motor seats,6.499927916850496,83.81695556640625
motor seats,6.549999321368284,85.73477172851562
motor seats,6.599950580037981,79.62364959716797
motor seats,6.649998222835022,84.4634017944336
motor seats,6.6999596360604725,94.70145416259766
motor seats,6.749968432217629,92.0253677368164
motor seats,6.799947044249277,91.11575317382812
motor seats,6.849922460680434,85.92411041259766
motor seats,6.899941223814313,88.1349868774414
motor seats,6.94992743856826,82.88407135009766
motor seats,6.99996945547196,95.11052703857422
motor seats,7.049964686947357,101.96491241455078
motor seats,7.099926322456232,102.44731140136719
motor seats,7.1499354143256255,101.89167022705078
motor seats,7.199929365286211,95.4631118774414
motor seats,7.249972578757707,82.48222351074219
motor seats,7.299981809881976,99.80122375488281
motor seats,7.34994703807176,92.40638732910156
motor seats,7.399932534446809,92.21568298339844
motor seats,7.449917499271228,91.51351165771484
motor seats,7.4999421505630375,84.42797088623047
motor seats,7.5499324887122325,91.43121337890625
motor seats,7.599958266776327,81.9346694946289
motor seats,7.6499862572244846,83.89595031738281
motor seats,7.699965736411016,76.4798812866211
motor seats,7.74999903114943,84.21854400634766
motor seats,7.79994917002807,83.76483154296875
motor seats,7.849988477099361,85.02384185791016
motor seats,7.8999839125358395,77.0933609008789
motor seats,7.949993626251251,85.54073333740234
motor seats,7.999989256657149,80.56368255615234
motor seats,8.000070528294538,80.56368255615234
