time_s,pusher_P95_MPa,pusher_P99_MPa,pusher_max_MPa,body_P95_MPa,body_P99_MPa,body_max_MPa,pad_root_P95_MPa,pad_root_P99_MPa,pad_root_max_MPa,cap_P95_MPa,cap_P99_MPa,cap_max_MPa,outer_pad_P95_MPa,outer_pad_P99_MPa,outer_pad_max_MPa,center_P95_MPa,center_P99_MPa,center_max_MPa
0.0,0.0,0.0,0.0,0.0,0.0,0.0,0.0,0.0,0.0,0.0,0.0,0.0,0.0,0.0,0.0,0.0,0.0,0.0
3.992180289428024e-05,70.46712241275871,103.57923331371961,194.44113623611565,39.26492163971182,97.74603413008737,132.28407066218844,85.07604408723621,115.41773783646167,194.44113623611565,3.433376204010028,10.289369249289578,39.8733172091023,102.1994575931544,114.86106290611613,132.28407066218844,0.10243811937953583,0.36515218265851024,1.0205023844621444
7.998341460013645e-05,79.56670303477824,109.49407294731077,179.9873712866164,54.44562361167906,95.19662572382167,169.03487117255386,99.2056529453372,119.63637829755632,179.9873712866164,17.374416182404385,33.89711751074581,94.56442325010028,98.15398429176891,117.01809096713882,169.03487117255386,8.657540868243142,13.930745789780767,25.03847439907525
0.00011999118214976184,61.19664838129732,81.47877494739744,177.10077661814202,37.30092266731043,60.46456776393646,114.62496382447928,74.86928093937611,96.2651825016871,177.10077661814202,29.163118200144766,48.218740380780154,118.43080925342866,62.747442639667035,75.99126008592162,114.62496382447928,21.143502774800872,27.09224806885945,47.081736606513125
0.0001599360037052889,42.08397990660964,63.365825366922465,176.83222908464447,33.38195239586309,40.68887843323601,166.33699563272998,56.558498510880156,78.22947237468128,176.83222908464447,33.83725512335472,55.95006176895351,143.63428211316753,33.85911209981014,40.805079787887585,69.71838044144397,29.590871828733622,38.64417786634173,63.18753812125345
0.00019997317646040422,50.91902040477717,74.69097423751771,224.00811766647166,42.06636995312195,64.60256787951182,157.3843448602026,63.61771084543949,87.79450359387029,198.7001112278518,40.959505952607685,67.26739750319432,224.00811766647166,66.50959586828023,78.74284154916668,119.18409166174246,39.73622307635637,45.32391065758536,64.19494272111126
0.00023997197434463317,48.629523795436924,63.14643410959421,133.9034677169932,48.59186004413204,58.51064162422765,124.20430565448187,54.10821875848909,75.77545662807083,133.9034677169932,27.35667154530846,37.59733442517551,110.16950428637871,43.73964601769832,54.61391414498083,124.20430565448187,52.354678570467655,60.98693730914441,71.40680396813543
0.0002799686103381658,51.053302763346046,65.52419990920578,120.54863019356596,53.29107529940765,65.82548965320062,87.11581124924828,50.500915404083806,68.2353391346695,120.54863019356596,31.48931479112785,47.628170084797524,96.32856037209727,37.351888636630015,48.125569747224326,80.18688859319315,59.055187252918216,67.79370823475581,87.11581124924828
0.00031998422998354056,58.48648843631378,76.091468477564,147.0521202060176,61.099384897818354,78.7206926559927,135.34635011329064,57.944169561748296,75.3480421210686,147.0521202060176,38.15948711046093,54.973607783213644,104.49479868223705,57.800222037037955,72.9530779287125,123.41096945713731,66.25357119029285,81.4645126773544,135.34635011329064
0.0003599957531127489,56.22131150282616,71.07010781406073,178.0767129991624,59.9313948197504,76.26258167951241,120.52825101410521,47.650282600693465,64.28560737878071,141.29784143507447,36.958530894214995,59.06360371078861,178.0767129991624,34.437872375924464,45.49579127698607,86.77434796264936,64.5048846499579,81.79540529239135,103.02695602349087
0.00039991445782872726,61.81477998458296,78.98244021311808,171.939407942508,65.20823197008335,79.92195032826497,126.66109630701904,58.508021789060905,79.87421148180967,161.878132664938,38.83859254047669,59.57907038184078,171.939407942508,54.25870770448087,74.7749037415571,103.50711106239356,71.52427276975989,83.52845630605732,117.80522388089597
0.00043999172685156926,59.85871960484118,75.53167799982243,162.04896573291236,63.586211391217624,79.05037230878125,123.1224267053569,54.65024340193579,71.75818288367503,162.04896573291236,36.773853561170746,63.14104143877877,124.3610868949813,44.870380804359506,58.03669415398202,91.5402079657795,69.04737942680313,84.93746106021246,123.1224267053569
0.0004799898998726475,58.079765218953945,73.73281076747563,153.90864439445068,63.1500139576842,77.02656834887507,153.90864439445068,47.80925344358967,64.47849076169553,121.25101458544283,36.21347930370021,62.8831014079017,132.38673385008664,28.70852267667222,38.68496929400924,84.72282854064453,68.55272407540221,81.42349364476287,153.90864439445068
0.0005199152636620098,61.538306492164274,80.05692797883076,143.5769118828804,68.21003577669845,83.80297956621611,143.5769118828804,48.90318485759316,67.67672779025095,111.15699550986399,36.95981764800078,64.04761009246187,128.7994450172074,35.743188032465866,45.09076817293609,82.83730648969015,75.36496600766576,87.37963568606598,143.5769118828804
0.0005599115468524084,55.25697798222069,82.77170163227125,153.83759075804664,62.90459380757187,87.84511197978219,129.4961556209061,46.90469769020472,66.71946441102244,138.83446157958815,34.111760913095345,52.271797134662876,153.83759075804664,33.88389949038131,42.51851776079471,83.02728095089381,74.77086191365204,91.45331101327967,129.4961556209061
0.0005999771628614293,53.59648312992488,72.28903638851824,145.15609741211094,57.68674134603187,74.9776267780841,145.15609741211094,47.93475430783708,68.29973152248236,138.76966298351303,35.60083548027893,57.77883091268743,136.32373109590912,39.18085035105727,47.428772060943,91.43231188678598,64.63666326222837,80.40773375006462,145.15609741211094
0.0006399478927703882,48.907596983063385,64.62102123403518,170.92080294615485,49.32504417399183,60.59626025199243,144.0882918580015,49.72352050229181,68.90650597572713,156.983926476577,41.041408561847234,69.36698417068979,170.92080294615485,40.06677260235957,53.06545172061966,144.0882918580015,52.97158925029584,64.5336705586895,105.70182167678232
0.0006799805485352961,42.081164452785735,56.6510032898685,170.2332034971294,41.210566852431356,51.85185158460181,100.95262390262796,43.0262926000032,59.61961478164729,170.2332034971294,44.24069535477262,72.4881416002212,165.91451426273235,38.98730428492348,49.12608574913517,90.75466395814666,43.14034279095903,54.146234991185416,93.89363248743017
0.0007199863745769578,43.15464202566334,61.892151095722504,172.372712477708,39.44542254387331,51.15236577016247,122.51851969902167,49.54823983422746,70.26079650261366,136.9895681410207,45.17408356603366,76.91864736928326,172.372712477708,42.23311869260693,56.989530191719204,122.51851969902167,41.37450189972502,52.85667437284609,80.90366867999079
0.0007599110391354217,38.1597255907747,55.86260490834299,182.70464200225535,33.38990778548482,43.68261404716382,120.60524664350744,44.324831319600825,61.3803883611311,122.09168642322244,44.49014233382287,72.39318335328505,182.70464200225535,36.23267418599795,49.57519058211203,120.60524664350744,34.98479734900376,44.711381815335265,81.64522380401394
0.0007999470908897214,37.66534024565694,54.9087813438687,200.86997645374393,33.56214962547434,43.14810851837612,108.81495559873123,42.84531843317407,58.67815472697266,156.9081288847444,46.580701091745475,76.24373014720804,200.86997645374393,32.12145988646715,43.41821761692851,75.07884985973996,36.07715223020743,45.241200866746404,108.81495559873123
0.0008399429455142348,41.388727488627175,60.2778017629505,186.48861297314937,35.4643676109395,47.04044438025829,129.2668666593638,49.010540812073636,66.11882815009359,102.47710679876552,46.14343559869278,81.85180901635157,186.48861297314937,36.27746807573389,50.019569546487084,129.2668666593638,38.19445968864143,48.82706602868602,83.83932507128375
0.0008799660035104204,40.07887538953987,58.263490024820534,165.04044873051143,38.75339225410225,54.58586689373348,94.12270121083087,40.6065167105858,54.53625483828404,131.52522949957836,46.76916663301126,85.84250838093378,165.04044873051143,25.24399853964957,32.25139132651516,49.976573744624766,45.79463043446779,58.7464480597331,94.12270121083087
0.0009199785957612338,42.0338261715635,59.368697228935865,180.38258970229055,37.855546593249215,46.81705770144812,113.56738530744144,48.39372369931895,68.90579437107732,157.68345890675897,44.29602088872332,81.15320931550906,180.38258970229055,30.754245187665493,39.68272086252508,77.02874739017756,40.934186209162455,49.11154690330272,113.56738530744144
0.0009599553826869183,43.25517177264997,59.09182845021268,176.23264040133836,43.750762535566246,58.40740753139403,97.473380146464,43.13369817513875,57.23273271526749,153.80057069579058,40.67040458546812,73.21328232468926,176.23264040133836,29.467944577426312,39.9769199904388,82.2747572852585,49.14899803264886,61.72082374856386,97.473380146464
0.0009999545634887417,46.609211519242116,60.214647043324156,186.88867905797807,48.57009805621446,59.5914406159511,122.41774922857694,43.605522829435664,58.70184556755934,122.69905298411567,39.7193806198386,67.71414168827168,186.88867905797807,30.68930633122128,41.175594750168386,80.0662680160663,52.59161106014266,63.16200325891332,105.24521193255744
0.001039927141122725,49.23529609536638,63.39015682419803,138.39075164854574,51.62071702296268,64.445915825256,99.86304758536937,46.13554428629525,57.959209453113516,113.47171828020099,40.595596298697075,67.15491208232632,138.39075164854574,31.69458251957058,40.491930371142615,87.45728515327731,57.34429076621842,67.97418333907692,89.47492131036402
0.0010799796028456922,54.18525511085325,71.64245113698495,160.86904043848313,60.025641506441694,75.05733611208731,123.67517021067745,46.6046292140535,59.39390656775217,142.82034855947518,40.34933060417766,62.74515649520367,160.86904043848313,41.46676921031263,52.78982254294371,87.20074869980489,66.43243933525426,79.37452665004876,123.67517021067745
0.0011199167034167158,54.767539515914464,74.68328776548566,331.0069243489271,58.792181845597355,80.65442630487091,145.91401830605605,49.50180617743509,64.73531919005059,104.48405890051461,34.701485064061494,63.17865452623684,331.0069243489271,36.71055384375172,47.702878076376535,95.22475493777456,67.13552424486662,88.12702736302923,145.91401830605605
0.001159993978385567,52.90574525882825,67.43459817487835,184.78882245854263,57.279914542496485,69.69292739106164,105.64414616760378,43.83598566471161,59.5994902265482,127.29678179695408,41.17894498223302,61.747244847495196,184.78882245854263,34.37240339617149,45.40465162584857,73.63354710395694,62.325187722201555,73.10302547283817,99.37145271834362
0.0011999349288270241,56.95337145986345,81.05087795753887,157.8877300546732,65.2162211050486,86.09386763318957,157.8877300546732,41.69331259493743,60.712345240456976,156.77806417441556,45.262668933907726,69.64652647398891,120.91668936726576,30.97438749250665,40.93114501288632,77.04097137982538,74.3728783735419,92.2113380608946,157.8877300546732
0.0012399735366350384,54.56708540465132,76.2818423642948,189.26526621626036,59.30186378182424,81.19718544873881,130.147513753314,49.17607673096152,64.94111009117472,160.04287638852705,42.301583976788635,64.05862632854603,189.26526621626036,37.71438679727554,49.00843845002827,72.2491536843441,69.16726944798023,86.67494216596143,130.147513753314
0.0012799951075779397,52.07620851060707,68.03640027177428,154.62876757695838,54.4799493711139,68.15567961880026,111.13265524296224,48.130043651204595,65.16902135703702,126.89799953199562,44.224156842977145,72.70146772148664,154.62876757695838,26.03686846181171,35.07012348923795,77.73386998672486,59.2174044881033,72.26098966178124,103.61042159665291
0.0013199252299269436,52.375165343926895,69.82404501216044,181.45775000901867,55.30707132248419,68.31356988004298,134.87197222193186,45.69128710505704,68.5648907346775,168.44408758120534,47.31010825773908,84.00207004045473,181.45775000901867,31.395509830200773,41.131764828780405,106.9337701467761,60.02536788305927,72.7751779584892,111.04393988304798
0.0013599285886901286,51.473666712913754,73.6108129603166,206.8490004077087,51.68938583427623,65.84675763663753,125.48290975035599,49.15644767807231,80.68751782585848,183.68858012452927,56.22343858771418,91.5186093035988,206.8490004077087,37.39116992450815,51.16669037633555,89.16030483098561,56.65827564532291,70.52740145079068,125.48290975035599
0.0013999726449443705,49.89994078675358,67.99263913300244,208.3864022050575,50.877763419673215,64.70548655155226,128.9346124791499,46.19059777052561,65.99027399774923,184.33597649162493,53.20732882568054,88.89535509251789,208.3864022050575,28.51480511907114,37.4587358946698,58.79850362738732,55.87911752527915,69.36638658707137,128.9346124791499
0.001439980967453381,45.8847781488016,64.35770385753163,267.58568782115384,44.50209956124752,59.59007977763975,100.6700096121074,47.53667074579726,63.413142884571265,155.20193491250646,49.78003287567046,84.22931295796556,267.58568782115384,32.438798683493935,44.15668196693694,67.37945680133363,47.63417570963606,63.39551266553445,99.8790228009438
0.0014799569464324766,43.035429834251744,64.08123985210302,239.18624352484568,42.09436609320383,57.88750488117197,151.148809346131,43.17891312392569,59.76449164947742,161.74630417726675,49.87486901899017,90.87779224106966,239.18624352484568,37.51487562235126,47.58701301185274,81.72460462996303,45.26448139442868,64.37997148416342,112.81681644249589
0.0015199950743868037,44.71925424528003,65.45286221597043,238.54537589155996,41.36674983591785,52.58999147106692,123.10549067522624,48.9148346330163,68.79611937008795,120.81487230606969,53.87521085503992,88.76764082174371,238.54537589155996,32.39618951755994,41.77910703095279,78.64873995568765,43.593140450925155,55.83379796199738,123.10549067522624
0.0015599980833411664,39.34421506083993,57.67469711530371,172.92035074201402,35.44858929309697,45.96297427535511,86.20189352311809,42.711796505053094,57.82578521864256,100.11139049145488,53.740335972659665,94.99023869665741,172.92035074201402,31.720337513795386,42.86337835255596,74.77576519334076,38.10836839623976,48.35666799633123,77.40250304064341
