time_s,central_seam_max_opening_mm,central_seam_P95_opening_mm,central_seam_max_closure_mm,bolt_1_mean_relative_displacement_mm,bolt_2_mean_relative_displacement_mm,bolt_3_mean_relative_displacement_mm,bolt_4_mean_relative_displacement_mm
0.0,0.0,0.0,0.0,0.0,0.0,0.0,0.0
9.922247410957487e-06,5.839395538632189e-19,4.2437210646698684e-36,1.2536977433532277e-18,1.9231315844472287e-08,0.0,1.1906946412269035e-08,6.842277657836021e-46
1.9911010100103482e-05,5.087119359974361e-10,1.5059634648429699e-22,2.029196946673926e-10,0.00015233626937637067,0.0,0.00015679173887080537,1.9259299443872359e-31
2.993688058315728e-05,3.6735926313535214e-06,8.661044470939545e-18,2.604695507833906e-06,0.0024267864946582555,1.0384723517522397e-10,0.0024256074387499875,2.450243589611122e-10
3.9969392893472906e-05,1.6207553081986153e-06,6.393190138127202e-21,0.0004978596222344566,0.0010778801239805422,5.726260883044841e-07,0.000987908641905877,8.40269808679378e-07
4.9984145988995653e-05,5.708967996643249e-07,-5.239371030027412e-22,0.009179181969407533,0.010587478685130072,7.100827770823585e-05,0.010651021027273036,8.092480831912915e-05
5.99328817338984e-05,4.11090520310878e-08,-1.3644191590200369e-15,0.02070909034495663,0.029230771532114456,0.0006300060491769129,0.028193656630048868,0.0006372687291033356
6.994938499620772e-05,0.0003510999159940397,-1.2472398370442879e-11,0.025857010672844443,0.04525014108095913,0.002603095668729394,0.044000772283699176,0.0026573028680961105
7.999566584442557e-05,0.013587016791197757,0.0007279806160817013,0.026855026924081895,0.05494947395389155,0.008835734496122467,0.053745211530086316,0.008564632944420954
8.991405841191506e-05,0.03207841581344761,0.02098349425758387,0.024384937762473458,0.05789547692330994,0.02069750407533852,0.05741841769790816,0.019997105162129068
9.994039248559251e-05,0.07083467229278043,0.04705050802903714,0.032571158610383684,0.07046142128013826,0.03557322920896921,0.06962601997303751,0.03514556166693249
0.00010997986921970758,0.11736143645188268,0.0841194613689878,0.023899407505025644,0.08785874374518228,0.05222244392610854,0.0861726607108034,0.05276347221071016
0.00011997424267381205,0.15549582850273952,0.11853756964352893,0.02303032361442418,0.09165472163661512,0.06568275197762433,0.09143403055703708,0.06738889365623943
0.0001299126175778389,0.2641388505163033,0.15345660040572456,0.029425648022059117,0.09720465478458577,0.07824797707621554,0.09702696811593627,0.07961180848827318
0.0001399398392283419,0.35995693631745695,0.21638662343943582,0.04912608280489281,0.11278119531416078,0.08569838108649716,0.11183721180262253,0.08620632790144996
0.00014993534478304952,0.44755794251243985,0.28791870136186826,0.06573348915866413,0.12495267156453728,0.09220307497232468,0.12484647248700445,0.09315948866778648
0.00015999894599161326,0.5564655068923958,0.35953857130912575,0.08061114711684857,0.1354099294767374,0.1039020920490641,0.13430398027607973,0.1036626186968651
0.00016991524374102048,0.6753822455204874,0.44991442564914946,0.08270172796635249,0.141835146496946,0.11535402857871191,0.1414213783072132,0.11481782227919092
0.00017993065560426146,0.8129960850750346,0.5362791677155144,0.08014655387631688,0.1500235746154855,0.12438814275789463,0.1489368148409602,0.12456074277731637
0.00018991412904103075,0.9631648086714654,0.5899191387211427,0.07282735883495453,0.1562957706535761,0.13118613846421512,0.15591119702533643,0.13134098999792035
0.00019991357637521437,1.0836023403646886,0.7064576362469168,0.05568725113098284,0.15173682797121896,0.12819331640970852,0.1502966927428796,0.13069278483611618
0.0002099199128002812,1.1501834622801623,0.8307538422209987,0.052593466685396585,0.1439385646178435,0.13099995569841716,0.14303710198792213,0.1327928228313134
0.00021991493641922442,1.2405225559231503,0.9160620212950253,0.05100968678685235,0.14213422438255996,0.13456851399894287,0.1410623763839595,0.1339014955614038
0.00022999943792403904,1.2318252339685833,0.9627815311584546,0.0484222884859549,0.13816548681625276,0.13793186229362311,0.13789334839921438,0.13690001326234608
0.00023993359600686884,1.2220866678330855,1.0125123215701994,0.05918012744930942,0.13030030680446553,0.13340845822694533,0.13112555449570934,0.13404259737697818
0.00024997294237185573,1.2405854219680679,1.061553556535992,0.060255813421233366,0.12939703501397942,0.12437144757647937,0.12997771424368998,0.1256798640708191
0.0002599789545651186,1.2669450201056962,1.0888618777621206,0.07169711162554285,0.13098386581503277,0.11409406844107732,0.12991526045926652,0.11511545795885633
0.0002699571140549004,1.319585393887886,1.0995856262883108,0.05734827447016374,0.12986406445137633,0.10809253751926129,0.1257098728049007,0.10797002637988838
0.0002799853857040796,1.3765187969597814,1.1654552501610744,0.05644462464108589,0.12656803620692825,0.10327206104833403,0.12448639281660832,0.10172855153316872
0.0002899999405534827,1.5354633833139133,1.2075764033891712,0.038312732677455184,0.12350861519203367,0.09451727450610627,0.12092273109779829,0.09474661037035208
0.0002999781696643092,1.5972215719781018,1.2724773445605835,0.10506956840070732,0.12248494786323667,0.08887767932847493,0.12111326292754414,0.08972659726708167
0.00030006847250103896,1.596955307656371,1.273142359560383,0.10549493165447822,0.12248150714653579,0.08884116863802337,0.12111927226226035,0.08967986512359924
