time_s,group_id,dof,weighted_displacement_m,weighted_velocity_m_s
0.0,500,1,0.0,0.0
9.989963192433698e-06,500,1,0.0,6.296644609346012e-43
1.9946948081706548e-05,500,1,0.0,-4.2191700892428965e-25
2.9936410885108502e-05,500,1,1.1564741484146532e-18,-9.55819957712207e-18
3.9921802894280255e-05,500,1,9.950090796288107e-19,-1.2072044147631997e-13
4.997681669513509e-05,500,1,-5.710423047049016e-17,-2.2747191093632282e-11
5.999084106281442e-05,500,1,-5.251310218540706e-16,-3.4149120163584623e-12
6.991092103133941e-05,500,1,1.7073571914097803e-15,4.221744620558354e-10
7.998338472472615e-05,500,1,5.558573565863712e-15,1.1546333333889436e-10
8.995051991106551e-05,500,1,-1.0980746663373986e-15,-1.121745890619863e-09
9.99504450036086e-05,500,1,-1.6678069414074754e-14,-2.821704120359314e-09
0.00010999096422944632,500,1,-5.010332782478611e-14,-3.2968845986580675e-09
0.00011999359193526734,500,1,-8.88879712158475e-14,-3.763836464720782e-09
0.00012994251283597816,500,1,-1.411394550630005e-13,-9.846131354684928e-09
0.00013993743058220186,500,1,-2.717222144140439e-13,-1.223724133136983e-08
0.00014995870994798948,500,1,-3.2823089644200883e-13,2.962293021990803e-09
0.0001599164829737738,500,1,-2.51870501011438e-13,5.4209929323256745e-09
0.00016997878332424812,500,1,-2.497078217621575e-13,-2.376744800969277e-09
0.0001799193112306633,500,1,-2.8934670889195317e-13,-5.96786009499084e-09
0.0001899520601412834,500,1,-3.6613960019242497e-13,-8.175166543722412e-09
0.0001999993082105989,500,1,-4.4589008998735177e-13,-9.863975358737065e-09
0.0002099880817018489,500,1,-4.986969191279108e-13,5.7999670621811106e-09
0.000219961998633097,500,1,-3.766297847597813e-13,1.3759106298749657e-08
0.00022999867073867513,500,1,-2.439152870024712e-13,8.614518320904097e-09
0.00023997563380506994,500,1,-2.120373595806838e-13,-7.076908434267004e-10
0.00024998503017070565,500,1,-2.3220716561871916e-13,-1.6841455868776833e-09
0.00025992427874247927,500,1,-2.2411157029830504e-13,3.7008685005446296e-09
0.0002699219261539762,500,1,-2.0870124323792453e-13,-3.6771571620963783e-09
0.0002799354488434132,500,1,-2.5107717757633617e-13,-1.3841018886573409e-09
0.0002899290986284926,500,1,-2.18869334209725e-13,5.6555607072517056e-09
0.0002999818585602357,500,1,-1.1356519193192905e-13,1.3771594670197729e-08
0.00030994330766118453,500,1,-3.815300668712912e-14,4.042729206954476e-09
0.0003199250739298324,500,1,-1.0792097602943876e-14,1.549564629388378e-09
0.00032998952041924236,500,1,3.63098833226945e-14,6.742383734659185e-09
0.0003399877560041757,500,1,6.397151154952812e-14,-2.9234369369746105e-09
0.0003499897938405149,500,1,3.899655356440988e-14,-2.2606198163410696e-09
0.00035992728669542924,500,1,-1.4353342385830885e-14,-7.697833481756788e-09
0.0003699143371530551,500,1,-6.31278792410337e-14,-6.994100576473983e-09
0.0003799584806503054,500,1,-1.1035253318233094e-13,-1.9232973269556197e-09
0.0003899384682275275,500,1,-1.5882458058279073e-13,-5.025920124523964e-09
0.00039991983694590434,500,1,-1.3642371093751122e-13,7.222217157654143e-09
0.0004099198747312895,500,1,-8.711012190439418e-14,2.0835749792169622e-09
0.00041994483308318756,500,1,-7.711875842780769e-14,-9.477139073510443e-10
0.00042996202408289365,500,1,-8.710340662718835e-14,5.3774497910108465e-09
0.00043993294795004916,500,1,2.4721202054834787e-14,8.468659495886044e-09
0.00044991585655193014,500,1,-8.041991687380082e-15,-7.584096156643128e-09
0.0004599259929941842,500,1,-1.9633288592980913e-14,-2.459856207615019e-10
0.0004699882034867308,500,1,1.1809262199851886e-14,8.021219882747843e-09
0.00047996509996811105,500,1,4.509933415218145e-14,-5.979824607704742e-09
0.0004899643475631937,500,1,2.4964154821029844e-14,2.907195345569491e-09
0.0004999626844150479,500,1,-4.9161992158415144e-14,-1.0835596586655782e-08
0.0005099891984671297,500,1,-5.921625630166474e-14,8.6958584222252e-09
0.0005199678110160662,500,1,5.4948053892318535e-14,1.2047502884193761e-08
0.0005299113958562461,500,1,1.5702655240543498e-13,3.117395896978792e-09
0.0005399978710366806,500,1,8.600931110987892e-14,-6.895335108447753e-09
0.0005499775640650294,500,1,6.953967024610208e-14,-1.3761355943664455e-10
0.0005599516527016105,500,1,4.001810208621552e-14,-7.2868020506433595e-09
0.0005699880770181412,500,1,-7.687933609493679e-14,-1.3087003702949573e-08
0.0005799756197913125,500,1,-1.6741810845641303e-13,-2.89952839516161e-09
0.0005899205188011095,500,1,-1.187040764484169e-13,1.107097441499505e-08
0.0005999272308792308,500,1,-3.0354121925940496e-14,2.0613617479625646e-09
0.0006099238111063899,500,1,-7.53070760793422e-14,-2.2100198338037558e-09
0.0006199766155961252,500,1,-6.549107086921044e-14,7.483375863426289e-10
0.0006299229977715811,500,1,-1.207563822224725e-13,-1.3365972571788287e-08
0.000639973640093208,500,1,-1.9339506141950779e-13,4.04069244730465e-09
0.0006499700395808684,500,1,-1.0258947643250352e-13,1.170449542842178e-08
0.0006599557251040922,500,1,5.926250599465072e-14,1.6586479439917312e-08
0.0006699189178816747,500,1,1.9129327621583833e-13,8.664587464179974e-09
0.0006799526968651924,500,1,2.5399342312821283e-13,4.7560981819572135e-09
0.0006899204836290289,500,1,2.8439527869592333e-13,4.8986245060334e-09
0.00069997099617532,500,1,3.442036288154107e-13,2.8672972884891124e-09
0.0007099695437041487,500,1,3.6907625664429206e-13,9.555608804223681e-09
0.0007199714857917364,500,1,4.260929140716043e-13,-3.8270773494719634e-09
0.000729935493460422,500,1,3.4976620768244465e-13,-7.797364670603102e-09
0.0007399274245512884,500,1,2.3700696759982806e-13,-1.4739884923731239e-08
0.0007499431720847861,500,1,1.6980318065291814e-13,7.343158303640962e-10
0.0007599858004742278,500,1,1.8675172865111663e-13,3.0863976929751402e-09
0.0007699694656590392,500,1,1.7808149940302161e-13,-7.029831133875675e-09
0.0007799880966227515,500,1,4.611030185604735e-14,-1.611152711245012e-08
0.0007899386282710307,500,1,-1.1152436218375933e-13,-1.2594279397148966e-08
0.0007999416129677691,500,1,-7.258337715706288e-14,7.517962863357042e-09
0.0008099172803248133,500,1,-1.144026322310557e-13,-1.014983741498554e-08
0.0008199598691427289,500,1,-2.1993602821119076e-13,-9.015924451460933e-09
0.0008299669543381752,500,1,-2.26966232266812e-13,7.4378022907328756e-09
0.000839971779171591,500,1,-1.7168094406500543e-13,3.4425913786328977e-09
0.0008499858168006692,500,1,-2.1483421493867245e-13,-6.824379283898452e-09
0.0008599961223255325,500,1,-1.982124732155901e-13,1.0173874187557885e-08
0.0008699875488789666,500,1,-7.25425960146635e-14,8.066108558857366e-09
0.0008799828298040059,500,1,-1.3207186741275544e-14,7.897172360493698e-09
0.0008899771398224485,500,1,6.028822393026011e-14,4.738501688250629e-09
0.0008999409758322045,500,1,1.1144611709174024e-13,3.917135591585685e-09
0.0009099356395021971,500,1,1.4815503763588624e-13,8.28591914525667e-09
0.0009199799996381776,500,1,2.436475483581736e-13,7.955680891846839e-09
0.0009299758580038798,500,1,2.4730799276940357e-13,-8.384681504658431e-09
0.0009399363457137804,500,1,1.4748102641470168e-13,-8.457377798087862e-09
0.0009499582294905885,500,1,1.3885835383143025e-13,1.9869404455086226e-09
0.0009599416755504957,500,1,1.1835084422765407e-13,-1.9135014128757177e-09
0.0009699456614041934,500,1,6.841897450611707e-14,-8.421499664290621e-09
0.0009799731052283582,500,1,2.412995823457471e-14,-3.1453343263265765e-09
0.0009899407243911856,500,1,4.23258941729867e-14,5.58462842636942e-09
0.0009999273262883196,500,1,1.0353433300307798e-13,2.4730785752602458e-09
0.0010099184295651919,500,1,1.0893619075650219e-13,1.4080343002653706e-09
0.001019911391773919,500,1,4.9561174222500625e-14,-1.2203502985919101e-08
0.0010299345079368678,500,1,-3.592001353883113e-14,-4.0269820533733736e-09
0.0010399550372423097,500,1,-3.1432710811084546e-14,4.268590647615866e-09
0.001049947234013961,500,1,8.437772967121896e-15,3.016530802923967e-09
0.0010599503858492126,500,1,-1.585206490676899e-14,-6.215973402667885e-09
0.001069924242444839,500,1,-4.1244980182402434e-14,3.629164885277092e-09
0.0010799431686746843,500,1,8.79710919317626e-14,1.5634792474572556e-08
0.0010899154869035397,500,1,2.4516610987304404e-13,1.2161322116011064e-08
0.001099991286733784,500,1,2.851245766046081e-13,-3.4162735973453096e-09
0.0011099552673259237,500,1,2.3354376920992634e-13,-4.8028503396579936e-09
0.0011199435893406368,500,1,1.8708239062020869e-13,-5.119413226672975e-09
0.0011299240211485391,500,1,1.5121818744699743e-13,-3.1915247666880475e-09
0.0011399280133237908,500,1,1.4124510378844563e-13,2.3141532023984723e-09
0.0011499696280439212,500,1,1.4227881263287941e-13,-4.313622160856401e-09
0.0011599279211489592,500,1,9.576432020692947e-14,-5.308138040227561e-09
0.0011699716463168342,500,1,4.957898139615075e-14,1.681665695585366e-09
0.0011799244055894721,500,1,1.0045054692827283e-13,-8.44373460040515e-11
0.0011899264460871273,500,1,5.487351668702605e-14,-6.610210212532053e-09
0.0011999995485767378,500,1,1.997000451830523e-15,-4.2321781357212984e-09
0.0012099791086800354,500,1,-3.320285985189349e-14,-2.815646604759081e-09
0.0012199772371629229,500,1,-8.70057665982595e-14,-1.0013675666442623e-08
0.0012299325915215652,500,1,-2.187276137391881e-13,-1.4275774576355538e-08
0.0012399540737118614,500,1,-2.3309548125775674e-13,1.4703497974721813e-08
0.001249954558535317,500,1,-7.847248860169188e-14,1.0706239117475036e-08
0.001259984879604457,500,1,-8.852440434609522e-15,6.3227513225072585e-09
0.0012699866578533483,500,1,1.4697526388892908e-14,3.4562639972257614e-09
0.0012799369681764233,500,1,8.711866296111782e-14,6.3331618144202295e-09
0.0012899611762641518,500,1,9.87791501765316e-14,2.246995018870268e-09
0.0012999314295428024,500,1,1.54157871194618e-13,5.351534965170046e-09
0.0013099340385593476,500,1,2.3692048595942987e-13,6.9619274095655825e-09
0.001319922381673685,500,1,2.3169851725169527e-13,-7.511504473978192e-09
0.0013299449793254944,500,1,1.3171663026500646e-13,-1.520303871682671e-08
0.001339943202592548,500,1,-2.064523398462618e-14,-1.3950928828831977e-08
0.0013499518348642128,500,1,-1.4814014065568464e-13,-7.3420637070054084e-09
0.001359980781849514,500,1,-9.384162550863859e-14,1.3865512182853479e-08
0.0013699663961714394,500,1,-4.6971823301864436e-14,-7.612395908074276e-09
0.00137996078699737,500,1,-2.3479120394871017e-13,-1.7663504159326493e-08
0.0013899136226293326,500,1,-2.4493719043108174e-13,1.2199814769520145e-08
0.001399923007607575,500,1,-9.572130025057137e-14,1.224362533580603e-08
0.0014099861383479139,500,1,-4.771528783659206e-14,3.4582777197478265e-09
0.0014199467168396504,500,1,-4.4877923974933915e-14,-3.7327018698185555e-09
0.0014299550047716912,500,1,-1.9815675115315498e-14,1.078559863643136e-08
0.0014399414085106027,500,1,5.537345893178071e-14,-3.4116695579733403e-09
0.00144999899308443,500,1,1.9477324628161216e-14,2.650921357427727e-09
0.0014599899700134045,500,1,1.3440765393843337e-14,-7.508276472778519e-09
0.0014699495601526197,500,1,3.1676801777802475e-14,3.544814219935688e-09
0.0014799132876748221,500,1,-6.647201167861265e-16,-1.9873088175081932e-09
0.0014899988542361226,500,1,-7.37381885254271e-15,-4.2701708835579666e-10
0.0014999118085305895,500,1,7.391860230802753e-15,7.429095394417828e-10
0.0015099881847253957,500,1,-1.2414670687391102e-14,-6.560044285564004e-09
0.0015199505115410688,500,1,-9.250586842098307e-16,6.129655477637996e-09
0.0015299324421124483,500,1,-3.174634254749734e-14,-1.2264793708416377e-08
0.0015399429695449431,500,1,-1.1888595009230192e-13,-4.501861716743605e-09
0.0015499222606404238,500,1,-1.324306506639381e-13,7.234543797363102e-10
0.0015599211217602914,500,1,-3.068248187124015e-14,1.565147400572897e-08
0.0015699853779245847,500,1,4.000658243813286e-14,2.8968054621714145e-09
0.0015799938176277437,500,1,6.89342754699087e-14,6.039058586537749e-09
0.0015899452408367131,500,1,9.412729859328665e-14,-5.4452218185840895e-09
0.0015999488184707169,500,1,1.1890868742122154e-14,1.0060044464133e-09
0.0016099457469756985,500,1,3.583343406612753e-14,2.3124333003998743e-09
0.0016199719756506224,500,1,1.8748315345953198e-14,-2.9153850115287705e-09
0.0016299655555115356,500,1,3.557274104188518e-15,2.9507612204354716e-09
0.0016399505214948172,500,1,8.393559149588378e-14,1.3329207904089202e-08
0.0016499761127773032,500,1,1.5954294499019236e-13,3.077872484658073e-09
0.0016599663397957394,500,1,1.5316295391806962e-13,-5.124399682365777e-09
0.0016699856387930676,500,1,6.952797780329818e-14,-2.4759093941728594e-09
0.00167998268032895,500,1,9.653850323852221e-14,8.021532535429365e-10
0.001689923294070508,500,1,1.3887538851103248e-14,-9.719110405370657e-09
0.00169996712118196,500,1,2.5123515599726268e-14,4.186639618319887e-09
0.001709992886509472,500,1,7.068123687790744e-14,1.1876361949436642e-08
0.001719997099978542,500,1,1.9854423823333772e-13,4.4411960775647685e-09
0.0017299142358455089,500,1,1.901414748849313e-13,-1.4994513408694843e-09
0.0017399539457483245,500,1,9.014586427043107e-14,-2.2400273969047646e-08
0.0017499494939320532,500,1,-9.071778769268075e-14,-4.678996745610675e-09
0.0017599416255696001,500,1,-9.090373175339381e-14,1.0094046709596682e-09
0.001769998954741053,500,1,-7.41450832480138e-14,-1.1118096776563391e-08
0.0017799150728379984,500,1,-1.8361886718141346e-13,-1.8066590445897646e-09
0.0017899759794651182,500,1,-1.0261380300699043e-13,1.7901901086525562e-08
0.0017999954648482018,500,1,4.7516562895737885e-14,1.186385756302144e-08
0.0018099481286733188,500,1,7.699691951460873e-14,-1.0689674923014536e-08
0.0018199152745008846,500,1,-1.1433964770813081e-14,-3.666042858174734e-09
0.0018299966678176837,500,1,-2.8292588151441036e-14,4.913845885745616e-09
0.001839957695290799,500,1,2.7962504917610192e-14,2.679475474831605e-09
0.001849988010622647,500,1,3.617327893115901e-14,-3.468206832835108e-10
0.0018599267929138971,500,1,5.256119127992117e-14,4.1765734030974055e-09
0.0018699710463444728,500,1,4.354044455165927e-14,-4.644589379765307e-09
0.0018799200244502823,500,1,4.795174131898283e-14,9.373865461625996e-09
0.001889914477415609,500,1,1.8765280399447165e-13,7.188971695715196e-09
0.0018999900851859749,500,1,2.2134777633031361e-13,2.6746177356207212e-09
0.0019099978025976876,500,1,1.8328629155313532e-13,-4.5110784552271355e-09
0.001919950721943876,500,1,1.2493132376322717e-13,-1.8801818102431866e-08
0.0019299181381710975,500,1,-6.750520891514629e-14,-1.3514484226151424e-08
0.001939913689319005,500,1,-1.2780733900881794e-13,2.3148926109328727e-09
0.0019499540786654481,500,1,-9.851427196249686e-14,2.866877624185804e-09
0.0019599276713923863,500,1,-2.1101271229471974e-14,9.833065695019627e-09
0.001969963263036636,500,1,2.860820575659867e-14,-7.84159359668024e-09
0.0019799398825209773,500,1,-1.1156484019424272e-13,-8.5446571485015e-09
0.001989961164950719,500,1,-7.123532983310094e-14,1.39076630212287e-08
0.0019999140445912307,500,1,5.530528326155946e-14,3.3363125595542442e-09
0.0020099333738071456,500,1,-3.7616240214388176e-14,-9.158280689369747e-09
0.0020199157619419476,500,1,-5.692495679340956e-14,5.4012927880320305e-09
0.0020299321094492625,500,1,3.830991954060798e-15,4.494868532933793e-09
0.0020399196655400843,500,1,-2.1022298959667667e-15,-7.564195714238053e-09
0.0020499978080355074,500,1,-5.043532111791301e-14,-7.479383085096103e-11
0.002059941018646421,500,1,1.5016555842762083e-15,4.033130218683567e-09
0.00206994871156455,500,1,-8.067539471618692e-14,-1.4125339405091086e-08
0.002079966708577437,500,1,-2.2522014483799616e-13,-1.1886475803635221e-08
0.002089932385867754,500,1,-2.1063876080103412e-13,2.381245944871324e-08
0.002099923083751752,500,1,4.728492903081699e-14,1.672121061058185e-08
0.0021099734877566226,500,1,9.868786882393779e-14,-6.012926018206244e-09
0.0021199878688879133,500,1,-3.92690602630467e-14,-1.580881214824359e-08
0.0021299857661484086,500,1,-3.970856384827857e-14,8.205019608187314e-09
0.0021399836187072207,500,1,2.688680356778333e-15,1.1468103133793761e-09
0.0021499644029970956,500,1,-9.265994106711067e-15,-5.37623220941974e-09
0.002159978046438846,500,1,-3.831798329426584e-14,1.6252544865480445e-09
0.0021699244611505923,500,1,-4.929336802732547e-14,-1.1296389379467087e-08
0.0021799797228649596,500,1,-1.1564832250548465e-13,1.0039033826458876e-08
0.0021899980183700918,500,1,-2.0561612986249103e-14,9.861667933652729e-09
0.0021999729365442485,500,1,3.5023549866357436e-14,-1.5957357657470084e-09
0.002209919214160787,500,1,-3.340763419617783e-14,-6.132705177019915e-09
0.0022199806873625734,500,1,-7.168911121744996e-14,5.638543659758355e-09
0.0022299432472233306,500,1,-5.636629028381735e-14,5.803525271463883e-09
0.002239940081278522,500,1,6.580438920343276e-14,1.1072126548938854e-08
0.002249956012423786,500,1,7.106195245907247e-14,-1.0926369142794101e-08
0.002259981016548979,500,1,-2.13892277031876e-14,-4.078680587715766e-09
0.0022699307303048113,500,1,-1.8045102028637337e-15,-6.160693344359203e-10
0.0022799344344445202,500,1,6.7355990085443814e-15,4.8512830974623e-09
0.002289987367738622,500,1,8.342966125758763e-14,9.514069476690423e-09
0.0022999651171705954,500,1,9.874435491009134e-14,-4.54096948931948e-09
0.002309918701751481,500,1,1.0379386135701786e-13,3.25764776265558e-09
0.0023199578261096088,500,1,1.2221869312634874e-13,-7.17621284618275e-09
0.0023299321248993108,500,1,1.4992402782974422e-13,6.343407799036527e-09
0.0023399967116743982,500,1,1.1905959057593963e-13,-7.773759663765034e-09
0.0023499639491245763,500,1,1.4553113115913386e-13,2.5625674637819174e-09
0.0023599473483627473,500,1,7.288938570282951e-14,-1.3710737017946784e-08
0.0023699991615202666,500,1,-3.919313773536898e-15,-5.055491691940972e-09
0.002379968602717591,500,1,-2.1839028456200997e-14,1.0259881000340698e-09
0.002389990409690875,500,1,-5.81518247252011e-14,-6.734437313360431e-09
0.002399952412879762,500,1,-9.912491918999617e-14,3.3480172800803842e-09
0.0024099241504219626,500,1,-5.57882495896226e-14,9.047585125543378e-09
0.002419949671716438,500,1,7.50036239848895e-14,1.4622998749380667e-08
0.002429942894988035,500,1,6.604623532108223e-14,-7.604331719868185e-09
0.002439928926540759,500,1,-1.679828117698203e-14,-1.3786063957077488e-09
0.002449935482684769,500,1,7.164691203601775e-14,2.2039488178915434e-08
0.0024599921363648116,500,1,1.4378535898539307e-13,-1.550829242802365e-08
0.002469920760375418,500,1,7.602130696596123e-14,3.808595716581209e-09
0.0024799588545121034,500,1,6.302140104534008e-14,-9.385454316501729e-09
0.0024899840874599635,500,1,-5.5083467355530186e-14,-4.517113461055544e-09
0.002499983482249081,500,1,-1.6721820529272922e-13,-1.9802771311638878e-08
0.0025099624454172687,500,1,-1.7291642801593645e-13,1.767457014079099e-08
0.0025199967452210915,500,1,1.6897158721046815e-14,1.4563082711971376e-08
0.0025299319906418828,500,1,1.9273740894563355e-14,-8.4137366344883e-09
0.002539975793130079,500,1,-1.1641067714548547e-14,5.867817065574599e-09
0.0025499572545718096,500,1,5.700985560716201e-14,5.257673463265888e-09
0.002559983211366168,500,1,1.4454760054649542e-13,6.46908393520107e-09
0.0025699558383349584,500,1,1.5079269823363613e-13,-5.723825385883785e-09
0.0025799500054188816,500,1,1.2131685524158296e-13,2.4461084546789635e-09
0.0025899738730149665,500,1,9.892195993143867e-14,-1.0406016132114004e-08
0.002599996623844749,500,1,6.760728358507048e-14,1.7923941358910511e-09
0.0026099655512380237,500,1,9.582035228342329e-15,-6.7270462360269345e-09
0.002619975259216486,500,1,-6.921549210246302e-14,-1.4039901241602593e-08
0.0026299830241246574,500,1,-2.2719968471147066e-13,-1.3534716958307769e-08
0.0026399376484572672,500,1,-1.9615178350942258e-13,1.4403369275051148e-08
0.002649985960951364,500,1,-1.1215726308436537e-13,6.253263684641297e-09
0.002659991483230085,500,1,-1.7718828749003243e-14,-3.164239703590255e-10
0.0026699337281358426,500,1,-8.796362194820077e-14,-1.1012749212557793e-08
0.0026799747201865123,500,1,-1.2428908305382822e-13,-2.2235908392342907e-09
0.002689930491522843,500,1,-5.73785243019394e-14,1.780005898233128e-08
0.0026999647142087035,500,1,5.894842787187472e-14,2.1202191842484286e-09
0.0027099986662110914,500,1,1.7717865037267504e-13,8.716645849560223e-09
0.0027199929378035263,500,1,1.364054580127726e-13,7.968763426902115e-10
0.0027299961024888353,500,1,1.842889684985135e-13,3.153348276940804e-09
0.0027399777062117655,500,1,1.5021913622614998e-13,-8.192516234850622e-09
0.002749988759524654,500,1,9.394633847443525e-15,-1.3892600736475913e-08
0.002759967258329172,500,1,-8.39237076236338e-14,-3.3612290173401504e-09
0.0027699794181682714,500,1,-2.2979590506930908e-14,8.181486127467608e-09
0.002779980632912558,500,1,4.6970518871125664e-14,5.704643424309097e-09
0.002789926345535676,500,1,7.848413488120015e-14,-3.816676641399397e-09
0.002799934376084237,500,1,2.2840680491712992e-14,-4.018507804293137e-09
0.0028099372523266004,500,1,-2.0467392429328324e-14,-1.1228603824520178e-08
0.002819916001669946,500,1,-5.943456117671831e-14,3.2236978642075087e-09
0.00282992711632193,500,1,-8.754646245684276e-15,2.718226532749668e-09
0.0028399219233172816,500,1,4.719268629582805e-14,9.311805659883987e-09
0.0028499696060877693,500,1,9.799460877902687e-14,-1.3456186165328177e-09
0.0028599957685153197,500,1,7.424905484822338e-14,-1.0211479439803384e-08
0.002869930554772693,500,1,-3.366759453692081e-15,4.9672898017050215e-09
0.0028799202181661416,500,1,1.2060641249806228e-13,1.2614303712688013e-08
0.002889963520355464,500,1,1.7819645363242528e-13,-9.37573796377933e-10
0.002899964068899386,500,1,1.346948811167814e-13,-7.576975526168983e-09
0.002909921888765981,500,1,9.237131797846555e-14,6.719712675185008e-09
0.0029199897397370247,500,1,1.8412557584298814e-13,6.050340173313629e-09
0.0029299449426635426,500,1,2.2581288848890803e-13,4.840530087868444e-09
0.0029399218969938814,500,1,2.812665837812877e-13,1.6361098170714072e-09
0.002949935623520926,500,1,3.1518052599245616e-13,2.4460409253634907e-09
0.002959986750666649,500,1,2.7743198092577276e-13,-8.185767647050923e-09
0.002969931585006157,500,1,1.5713339375326985e-13,-1.619191980495316e-08
0.0029799764289382244,500,1,4.338294046918323e-14,-2.977775637180713e-09
0.0029899668918744486,500,1,7.714023579521827e-14,3.470187470711039e-10
0.00299996506892776,500,1,3.239589315123109e-14,1.4924185914866328e-09
0.0030099991430690616,500,1,-5.994709665734649e-15,-6.2219258634144126e-09
0.0030199496430219513,500,1,2.959855329039661e-14,8.311222876589142e-09
0.0030299256279612712,500,1,1.3579589519920401e-13,3.165178355524212e-09
0.0030399639674849412,500,1,1.2692411276724394e-13,-1.9692211195021514e-09
0.003049934485515712,500,1,6.675927104421268e-14,-9.3541116519269e-09
0.003059921140484939,500,1,6.390358077770775e-14,-4.345250582959981e-10
0.003069966333378743,500,1,8.544018967261875e-14,2.9091451470009133e-11
0.0030799288442964977,500,1,2.1305917777660402e-14,-8.631611050913257e-09
0.0030899880804200006,500,1,2.873582990482737e-14,9.484954488492292e-09
0.0030999991837144737,500,1,1.4883124775460187e-13,6.700405702497747e-09
0.0031099869501223032,500,1,1.158283843458955e-13,1.2241261962420147e-09
0.003119970436648161,500,1,1.5528011615786354e-13,5.02544927893922e-09
0.00312995095534574,500,1,2.0249071720052601e-13,2.1154482610086234e-09
0.0031399530197900845,500,1,2.0186734160892832e-13,-1.917240810556109e-10
0.00314998514360482,500,1,2.298442943675198e-13,6.709316824338174e-09
0.0031599491759565727,500,1,2.529117899537168e-13,-7.034812732342743e-09
0.0031699947005524526,500,1,1.7560133018225356e-13,-1.2639357560573217e-08
0.0031799817930986615,500,1,7.012232261117816e-14,-7.844508154164487e-09
0.0031899225375935894,500,1,9.90664341060871e-14,1.0285519019825884e-08
0.0031999715588095375,500,1,1.669471234093888e-13,8.836718523586029e-09
0.0032099919614991227,500,1,1.5235939070166842e-13,-1.3753505723190784e-08
0.003219973715884055,500,1,-4.410706215952735e-14,-2.1164800356743285e-08
0.0032299845301459844,500,1,-1.8627944510258426e-13,-1.2705193869200215e-08
0.0032399775181600156,500,1,-2.2389097242565392e-13,5.893868726403184e-09
0.0032499730603749565,500,1,-1.5669614009930413e-13,4.171759493409866e-09
0.0032599485036904907,500,1,-9.299707225033738e-14,1.1295984259085401e-08
0.0032699579510647326,500,1,1.3646278668495043e-14,3.395086101143363e-09
0.003279917002494333,500,1,5.977667616945776e-14,4.823405563847416e-09
0.0,501,2,0.0,0.0
9.989963192433698e-06,501,2,0.0,4.151320788642959e-41
1.9946948081706548e-05,501,2,0.0,-2.4500861384858874e-25
2.9936410885108502e-05,501,2,-4.3393100380140124e-20,-2.875479897762152e-17
3.9921802894280255e-05,501,2,-4.289194919783953e-19,-3.5755345103456444e-13
4.997681669513509e-05,501,2,-2.253670598141827e-16,-1.0278458336190899e-10
5.999084106281442e-05,501,2,-8.508216154469112e-15,-2.3730051534887053e-09
6.991092103133941e-05,501,2,-7.807995720208022e-14,-1.3120060161561642e-08
7.998338472472615e-05,501,2,-2.6708938371001825e-13,-2.1549202299311898e-08
8.995051991106551e-05,501,2,-4.758166367754192e-13,-2.308699169339956e-08
9.99504450036086e-05,501,2,-7.655174091450938e-13,-3.2116677435578556e-08
0.00010999096422944632,501,2,-1.0528707939199658e-12,-2.369192134816199e-08
0.00011999359193526734,501,2,-1.3251716089169826e-12,-3.4564014150806344e-08
0.00012994251283597816,501,2,-1.5931901201001472e-12,-1.3382622343627304e-08
0.00013993743058220186,501,2,-1.2915956942616573e-12,8.938243040157445e-08
0.00014995870994798948,501,2,-6.919409435614948e-13,-8.288227604236198e-10
0.0001599164829737738,501,2,-1.0112237585377208e-12,-2.671482654537094e-08
0.00016997878332424812,501,2,-9.988497252618259e-13,-5.08405375437837e-09
0.0001799193112306633,501,2,-9.598442273471303e-13,-1.5116978224760658e-09
0.0001899520601412834,501,2,-1.55433865512691e-12,-7.959847504040996e-08
0.0001999993082105989,501,2,-1.8621808772995106e-12,-7.653126743445426e-09
0.0002099880817018489,501,2,-2.3792444455036053e-12,-6.7455840746522e-08
0.000219961998633097,501,2,-2.477582153448247e-12,2.4189331843116335e-08
0.00022999867073867513,501,2,-2.13654144221964e-12,4.828416744206976e-08
0.00023997563380506994,501,2,-1.66904628613458e-12,4.863553826339739e-08
0.00024998503017070565,501,2,-1.3233383539099e-12,2.429262180303482e-09
0.00025992427874247927,501,2,-1.383405881711687e-12,6.033957901385723e-08
0.0002699219261539762,501,2,-5.486865844485378e-13,3.526923814112237e-08
0.0002799354488434132,501,2,-9.508967726857285e-13,-4.3472967781177374e-08
0.0002899290986284926,501,2,-6.157191405087867e-13,9.501242959064626e-08
0.0002999818585602357,501,2,9.395008138068026e-14,5.3444484837683603e-08
0.00030994330766118453,501,2,5.747319988495944e-13,2.1488669288416418e-08
0.0003199250739298324,501,2,7.940758697154915e-13,2.844989804851039e-08
0.00032998952041924236,501,2,9.211229953835992e-13,3.476867960205965e-09
0.0003399877560041757,501,2,1.1501097535953188e-12,3.375867707600122e-08
0.0003499897938405149,501,2,1.5024802165901395e-12,1.5769413552746414e-08
0.00035992728669542924,501,2,1.7221682238134953e-12,7.473453017547982e-08
0.0003699143371530551,501,2,2.0024607007530784e-12,-2.895493067534005e-08
0.0003799584806503054,501,2,1.711727772785637e-12,1.3135264681496395e-08
0.0003899384682275275,501,2,2.0724655880694713e-12,-3.3541311004678387e-09
0.00039991983694590434,501,2,1.6250248966989862e-12,-1.401731390682226e-08
0.0004099198747312895,501,2,1.4899569369559713e-12,-3.51284188404577e-08
0.00041994483308318756,501,2,6.483946646468949e-13,-8.581178678745971e-08
0.00042996202408289365,501,2,7.468638981735203e-13,5.557214444174008e-08
0.00043993294795004916,501,2,9.852927257717956e-13,2.0368897707401246e-08
0.00044991585655193014,501,2,8.947174632309516e-13,3.887616761844015e-08
0.0004599259929941842,501,2,1.8336722385717957e-12,1.194461409781411e-07
0.0004699882034867308,501,2,2.3332933875357077e-12,1.2034160098983726e-08
0.00047996509996811105,501,2,2.7341753541285696e-12,3.1180734216817996e-08
0.0004899643475631937,501,2,3.1117155725428748e-12,4.77729288350659e-08
0.0004999626844150479,501,2,3.236602255128683e-12,-9.107835832744549e-09
0.0005099891984671297,501,2,3.2259843905089233e-12,-5.967470440015887e-08
0.0005199678110160662,501,2,2.3418811784551782e-12,-6.96072727235375e-08
0.0005299113958562461,501,2,2.1790973939292326e-12,4.96795969917585e-08
0.0005399978710366806,501,2,2.1138711373230694e-12,-6.874360625186426e-08
0.0005499775640650294,501,2,1.823503509784186e-12,-9.363268022033466e-09
0.0005599516527016105,501,2,1.7083576611990562e-12,2.1481534634437693e-08
0.0005699880770181412,501,2,1.9904668733562725e-12,1.0353162993581577e-08
0.0005799756197913125,501,2,2.5879318490702047e-12,7.83637542633997e-08
0.0005899205188011095,501,2,2.9455267096397363e-12,6.95368656544737e-08
0.0005999272308792308,501,2,3.676804473135443e-12,1.6162367694194657e-09
0.0006099238111063899,501,2,3.410074048766816e-12,1.503214924758467e-08
0.0006199766155961252,501,2,3.1592574761232957e-12,-2.0709082892977904e-08
0.0006299229977715811,501,2,3.045492169269446e-12,-6.113200923252293e-08
0.000639973640093208,501,2,2.2390335841903503e-12,-6.522304074607632e-08
0.0006499700395808684,501,2,1.9315676733452263e-12,2.0361039965166583e-08
0.0006599557251040922,501,2,1.8708303457700684e-12,-6.734935170671363e-08
0.0006699189178816747,501,2,1.238352253941623e-12,-6.3445443343468355e-09
0.0006799526968651924,501,2,2.4648800752174297e-12,1.7485961101293412e-07
0.0006899204836290289,501,2,3.487666586603341e-12,5.375598266521564e-08
0.00069997099617532,501,2,3.7806357047390606e-12,5.910581257762004e-08
0.0007099695437041487,501,2,4.258965501503873e-12,6.494839761839177e-08
0.0007199714857917364,501,2,4.802931242688579e-12,-3.7496255891888985e-09
0.000729935493460422,501,2,3.692850522986693e-12,-1.3221807487751036e-07
0.0007399274245512884,501,2,3.1619140103091763e-12,-3.887505894972776e-08
0.0007499431720847861,501,2,2.275801443828065e-12,-9.806736500639346e-08
0.0007599858004742278,501,2,1.5623883742958678e-12,-8.815100527304054e-08
0.0007699694656590392,501,2,5.336696372765541e-13,-4.423864702340907e-08
0.0007799880966227515,501,2,8.56778623742338e-13,3.362923117755656e-08
0.0007899386282710307,501,2,9.732952223578777e-13,2.934218423789048e-09
0.0007999416129677691,501,2,1.5751358144232633e-12,1.1796376020445365e-07
0.0008099172803248133,501,2,2.9802477217837076e-12,1.3832892709064737e-07
0.0008199598691427289,501,2,3.980856958093679e-12,5.207660569439554e-08
0.0008299669543381752,501,2,4.7421302859984235e-12,8.169900400645247e-08
0.000839971779171591,501,2,5.413106960827467e-12,-7.828861448011537e-10
0.0008499858168006692,501,2,4.763687525227798e-12,-2.35508602342005e-08
0.0008599961223255325,501,2,4.570773020327618e-12,-5.250272051837701e-08
0.0008699875488789666,501,2,4.5205308409328876e-12,-5.644709893948274e-09
0.0008799828298040059,501,2,4.229862174496418e-12,-1.3933125320164663e-08
0.0008899771398224485,501,2,4.592692477950293e-12,7.430675980080181e-08
0.0008999409758322045,501,2,4.988351704903089e-12,2.1870721414463112e-08
0.0009099356395021971,501,2,5.282411044227418e-12,-2.0942535761125924e-09
0.0009199799996381776,501,2,5.544020720749023e-12,2.2942390542901592e-08
0.0009299758580038798,501,2,6.081160799394211e-12,1.0413463208402973e-07
0.0009399363457137804,501,2,6.854144273091452e-12,8.87357819445711e-08
0.0009499582294905885,501,2,7.083919801936182e-12,-4.4874861604426997e-08
0.0009599416755504957,501,2,6.569811040405948e-12,-1.2846414465528255e-07
0.0009699456614041934,501,2,5.174028631753369e-12,-1.1951377670849084e-07
0.0009799731052283582,501,2,4.221163091918008e-12,-9.259545200035468e-08
0.0009899407243911856,501,2,3.1308801376668006e-12,-1.173997997705456e-07
0.0009999273262883196,501,2,1.5867623580638653e-12,-1.3828328218634146e-07
0.0010099184295651919,501,2,1.2505057888712381e-12,4.634092298783088e-08
0.001019911391773919,501,2,1.1500819759968466e-12,-5.179731023263745e-08
0.0010299345079368678,501,2,1.3702593137303147e-12,4.7077861775601804e-08
0.0010399550372423097,501,2,1.8085553670985077e-12,8.227868611432321e-08
0.001049947234013961,501,2,2.4189763487094708e-12,5.4053264253450806e-08
0.0010599503858492126,501,2,2.5671868127932936e-12,1.3865211201391503e-08
0.001069924242444839,501,2,3.250475741703191e-12,7.997994799779917e-08
0.0010799431686746843,501,2,3.922471756309751e-12,9.014573931764858e-08
0.0010899154869035397,501,2,4.150890961789229e-12,4.2188701532275275e-08
0.001099991286733784,501,2,4.348400745789139e-12,-5.682501269532736e-08
0.0011099552673259237,501,2,3.905345298146586e-12,-4.5155269412511245e-08
0.0011199435893406368,501,2,2.919526592866633e-12,-9.862033917675331e-08
0.0011299240211485391,501,2,2.018458135042442e-12,-8.209199214848084e-08
0.0011399280133237908,501,2,1.5569349961869433e-12,-2.9806025508838374e-08
0.0011499696280439212,501,2,9.868107833020624e-13,-8.051632405248199e-08
0.0011599279211489592,501,2,9.730914872171405e-13,4.585094293130254e-08
0.0011699716463168342,501,2,1.333470850016158e-12,-6.205917557622342e-08
0.0011799244055894721,501,2,5.118376900157921e-13,-1.2936446913691668e-08
0.0011899264460871273,501,2,7.956985968011164e-13,8.741445584048435e-08
0.0011999995485767378,501,2,2.285788894859468e-12,9.105416165500202e-08
0.0012099791086800354,501,2,2.3731318220753493e-12,7.620260167318094e-08
0.0012199772371629229,501,2,3.0502700449556823e-12,-2.163131351297365e-08
0.0012299325915215652,501,2,2.2280983346311886e-12,-1.285103175818758e-07
0.0012399540737118614,501,2,1.0300037190345834e-12,-9.593175231970008e-08
0.001249954558535317,501,2,3.5529972654312417e-13,-2.7738075614180957e-08
0.001259984879604457,501,2,9.563349935635783e-14,-8.782188420930481e-09
0.0012699866578533483,501,2,6.205803913420871e-13,6.192978219132783e-08
0.0012799369681764233,501,2,8.352775682083551e-13,-1.6754342135882894e-08
0.0012899611762641518,501,2,4.031322395044515e-13,-7.3295992608635174e-09
0.0012999314295428024,501,2,7.799204431422919e-13,2.3812066790585007e-08
0.0013099340385593476,501,2,6.960627312437104e-13,7.620702402455493e-09
0.001319922381673685,501,2,1.750387910380265e-13,-1.3785437569246994e-07
0.0013299449793254944,501,2,-2.990913282828727e-13,4.4355688066932686e-08
0.001339943202592548,501,2,1.869704952385358e-14,-3.376910764907315e-08
0.0013499518348642128,501,2,-2.810598764019386e-13,-4.139448783746502e-10
0.001359980781849514,501,2,-4.0007251445930427e-13,6.156520848676905e-09
0.0013699663961714394,501,2,6.02494742058023e-13,6.401006688583344e-08
0.00137996078699737,501,2,4.2413568779881757e-13,-6.507708966152492e-08
0.0013899136226293326,501,2,-2.385162409749154e-13,-3.9618132552377006e-08
0.001399923007607575,501,2,-5.650347075834214e-13,-1.1560793033993377e-07
0.0014099861383479139,501,2,-1.2644432569264502e-12,8.776299931234632e-08
0.0014199467168396504,501,2,-8.297129742499396e-14,6.5720028863403e-09
0.0014299550047716912,501,2,-5.337154808172419e-13,3.5541836140851046e-09
0.0014399414085106027,501,2,2.7590552421680094e-13,1.7239008839875503e-07
0.00144999899308443,501,2,9.529945116130089e-13,-6.628850918177775e-08
0.0014599899700134045,501,2,2.38410233901594e-13,-2.5886146781672892e-08
0.0014699495601526197,501,2,1.677016233011115e-13,1.952303080310358e-08
0.0014799132876748221,501,2,3.2582950192061014e-13,4.880303818618342e-08
0.0014899988542361226,501,2,-2.216527124264899e-14,-1.668651711250746e-08
0.0014999118085305895,501,2,2.2423135939177163e-13,7.190762774111903e-08
0.0015099881847253957,501,2,1.544307182946205e-13,8.671643403346252e-10
0.0015199505115410688,501,2,6.249902430712027e-13,8.167487230981152e-08
0.0015299324421124483,501,2,1.6214714177259179e-12,8.777301757634248e-08
0.0015399429695449431,501,2,3.2379986194354176e-12,1.4516431584565836e-07
0.0015499222606404238,501,2,3.4941967893468943e-12,1.1555037038313287e-08
0.0015599211217602914,501,2,4.1058445722784486e-12,1.0503841063602692e-07
0.0015699853779245847,501,2,4.572722221016169e-12,-5.411899453577895e-08
0.0015799938176277437,501,2,3.945602569302821e-12,-1.6552953896464828e-08
0.0015899452408367131,501,2,4.86083844345158e-12,1.2371863505888925e-07
0.0015999488184707169,501,2,4.795897409943812e-12,-7.269110929852829e-08
0.0016099457469756985,501,2,4.779932854826483e-12,-3.1866334015973052e-09
0.0016199719756506224,501,2,4.688788347181568e-12,1.9737501695538118e-08
0.0016299655555115356,501,2,5.5045184447870266e-12,3.5895315331213595e-08
0.0016399505214948172,501,2,5.6586881363264235e-12,6.063783225540575e-08
0.0016499761127773032,501,2,6.181618586760117e-12,6.224294027412647e-08
0.0016599663397957394,501,2,6.767553065593402e-12,1.8776936505648933e-08
0.0016699856387930676,501,2,7.119717546269077e-12,5.4127552773231e-08
0.00167998268032895,501,2,7.522011428984753e-12,4.1623728019857253e-08
0.001689923294070508,501,2,7.802345900441432e-12,4.0361063186056256e-08
0.00169996712118196,501,2,8.932399372436504e-12,8.89474557341785e-08
0.001709992886509472,501,2,9.491055219577969e-12,3.215552146773604e-08
0.001719997099978542,501,2,9.525762469130613e-12,-1.539500305014485e-09
0.0017299142358455089,501,2,9.863998540768446e-12,8.282697672168382e-08
0.0017399539457483245,501,2,1.0083704772329179e-11,-4.121586094640861e-08
0.0017499494939320532,501,2,1.0072839250522235e-11,6.29813054001116e-08
0.0017599416255696001,501,2,1.066069462389704e-11,7.838615384558878e-08
0.001769998954741053,501,2,1.1487759812964411e-11,7.881108127216763e-08
0.0017799150728379984,501,2,1.2108444543519007e-11,6.84847121235066e-08
0.0017899759794651182,501,2,1.248811737206883e-11,-9.545482934636418e-08
0.0017999954648482018,501,2,1.1521704793850899e-11,5.766777610993756e-09
0.0018099481286733188,501,2,1.2302201656466324e-11,9.896900610151249e-08
0.0018199152745008846,501,2,1.2543227480304618e-11,-7.289573988877862e-08
0.0018299966678176837,501,2,1.1530599513723312e-11,-3.3816884625892385e-08
0.001839957695290799,501,2,1.1553444460084706e-11,1.894688206327544e-08
0.001849988010622647,501,2,1.1101073341547151e-11,-9.854949833965065e-08
0.0018599267929138971,501,2,1.0220960437333417e-11,-3.404996617994982e-08
0.0018699710463444728,501,2,1.0816522855075072e-11,4.8128990015605666e-08
0.0018799200244502823,501,2,1.1332232752821105e-11,3.931695812670055e-08
0.001889914477415609,501,2,1.0642367538035756e-11,-6.389428408581921e-08
0.0018999900851859749,501,2,1.0340091386199998e-11,-2.522849218422607e-08
0.0019099978025976876,501,2,1.0479096265719875e-11,-5.556770665826605e-08
0.001919950721943876,501,2,1.0150123550263457e-11,6.903212057540742e-08
0.0019299181381710975,501,2,1.1024417756828528e-11,1.4944186915721858e-08
0.001939913689319005,501,2,1.0315638683425048e-11,-1.297537112476821e-07
0.0019499540786654481,501,2,9.43769519660769e-12,-5.8553798865101925e-08
0.0019599276713923863,501,2,8.587371111307162e-12,-2.0260863599699808e-08
0.001969963263036636,501,2,9.09797058314967e-12,2.5091025923629218e-08
0.0019799398825209773,501,2,9.489797424779207e-12,7.352920294856347e-08
0.001989961164950719,501,2,1.0028247424207214e-11,9.414126145301793e-10
0.0019999140445912307,501,2,9.655249544354054e-12,-6.80629085730855e-09
0.0020099333738071456,501,2,1.0453802542661046e-11,4.760881826965102e-08
0.0020199157619419476,501,2,1.0604115619499728e-11,-3.740082848979753e-08
0.0020299321094492625,501,2,9.815306340187633e-12,-3.394464248573925e-08
0.0020399196655400843,501,2,9.697694317907122e-12,-3.6711632733776867e-08
0.0020499978080355074,501,2,9.045656663656941e-12,-5.0273432194991585e-08
0.002059941018646421,501,2,9.432740341857454e-12,9.508994275320148e-08
0.00206994871156455,501,2,1.0034976525414262e-11,2.789698605454305e-08
0.002079966708577437,501,2,8.71426476985182e-12,-1.4009832749461992e-07
0.002089932385867754,501,2,8.21187772119601e-12,-2.135212960607813e-08
0.002099923083751752,501,2,7.999019917032286e-12,-6.30092015785344e-08
0.0021099734877566226,501,2,7.398232684975711e-12,2.865002096674729e-09
0.0021199878688879133,501,2,6.392828813585609e-12,-1.0763135693814263e-07
0.0021299857661484086,501,2,5.5784904283819395e-12,-7.820837255589907e-08
0.0021399836187072207,501,2,4.587656482525908e-12,-2.2056899084965664e-08
0.0021499644029970956,501,2,4.567112220586067e-12,-6.519701714613468e-08
0.002159978046438846,501,2,4.8062697180180965e-12,1.2206161048577968e-07
0.0021699244611505923,501,2,4.866502310518447e-12,-7.703534332659245e-08
0.0021799797228649596,501,2,4.752342479434689e-12,1.7482788550182704e-08
0.0021899980183700918,501,2,4.5985933888815144e-12,-5.93919210895022e-08
0.0021999729365442485,501,2,4.333419850033457e-12,4.059983876869566e-09
0.002209919214160787,501,2,4.125845178403072e-12,-4.657373875449622e-09
0.0022199806873625734,501,2,4.025289017477705e-12,-2.132577947566716e-08
0.0022299432472233306,501,2,3.632640179077252e-12,-3.0711382215109495e-08
0.002239940081278522,501,2,3.2787643297415387e-12,-1.0651229953584362e-08
0.002249956012423786,501,2,3.6187693178813636e-12,4.8838329436140526e-08
0.002259981016548979,501,2,3.4702945286960206e-12,-4.244280690790525e-08
0.0022699307303048113,501,2,3.1779993607951133e-12,-1.1963130230885355e-07
0.0022799344344445202,501,2,2.412583304859631e-12,-7.042430817671974e-08
0.002289987367738622,501,2,1.7249897248656338e-12,-9.320698718395803e-08
0.0022999651171705954,501,2,1.4530745199237886e-12,-2.1434502908701525e-08
0.002309918701751481,501,2,1.074238277863881e-12,-7.917056377149123e-08
0.0023199578261096088,501,2,6.424309898448311e-13,3.7048000778305834e-08
0.0023299321248993108,501,2,5.914714923401469e-13,-1.186297758082322e-07
0.0023399967116743982,501,2,5.537076695519521e-13,2.5507834511273586e-08
0.0023499639491245763,501,2,-2.8658661137574357e-13,-1.324150951109715e-07
0.0023599473483627473,501,2,-1.077772087884881e-12,-2.2331558990895672e-08
0.0023699991615202666,501,2,-8.527793000836364e-13,5.22842256434064e-08
0.002379968602717591,501,2,-1.7914474936852384e-12,-4.244625068094976e-08
0.002389990409690875,501,2,-1.6777001811993202e-12,-8.759690478532534e-08
0.002399952412879762,501,2,-2.3739910929546255e-12,-8.052423061677416e-09
0.0024099241504219626,501,2,-2.2452286645819556e-12,-9.316638827083779e-08
0.002419949671716438,501,2,-3.235717846005598e-12,-3.442035634293461e-08
0.002429942894988035,501,2,-2.927432100441156e-12,-9.004665513234755e-09
0.002439928926540759,501,2,-3.4633854825391087e-12,-7.228415743743e-08
0.002449935482684769,501,2,-3.465827261262092e-12,-4.845896572902575e-09
0.0024599921363648116,501,2,-3.749440919765387e-12,-1.0184873155960616e-07
0.002469920760375418,501,2,-4.1035212229492934e-12,-5.9134586602449524e-08
0.0024799588545121034,501,2,-4.169736846648618e-12,-1.367840396504505e-08
0.0024899840874599635,501,2,-4.274726830547266e-12,-3.586020658197242e-08
0.002499983482249081,501,2,-4.574534891852084e-12,6.108440131491477e-08
0.0025099624454172687,501,2,-3.670565790875845e-12,6.301958499488336e-08
0.0025199967452210915,501,2,-4.087979808858238e-12,2.7371787985480678e-08
0.0025299319906418828,501,2,-3.5828722360655135e-12,-4.757456831261386e-09
0.002539975793130079,501,2,-4.212418350875609e-12,-8.430485426424994e-08
0.0025499572545718096,501,2,-4.221248411852719e-12,8.905973447603799e-08
0.002559983211366168,501,2,-3.992449159630467e-12,5.493850896431951e-08
0.0025699558383349584,501,2,-3.706496996261008e-12,5.1142747464066884e-08
0.0025799500054188816,501,2,-3.665826441636181e-12,3.3371109320334824e-08
0.0025899738730149665,501,2,-3.661772382708428e-12,4.878514259232247e-08
0.002599996623844749,501,2,-3.290206045710852e-12,3.13150221864511e-08
0.0026099655512380237,501,2,-3.4955981319706626e-12,-4.71470036900179e-08
0.002619975259216486,501,2,-4.221381843258834e-12,-4.903515624099519e-08
0.0026299830241246574,501,2,-4.422088610816621e-12,1.0110239534455445e-08
0.0026399376484572672,501,2,-4.094148177218818e-12,3.729515829498098e-08
0.002649985960951364,501,2,-3.8427547480331635e-12,-1.0171424369431747e-08
0.002659991483230085,501,2,-3.600567021996067e-12,-4.135864917209631e-08
0.0026699337281358426,501,2,-4.321465792633469e-12,6.289778475832009e-08
0.0026799747201865123,501,2,-3.5219775365450193e-12,-4.308512957518218e-08
0.002689930491522843,501,2,-4.104229373621659e-12,-2.8577095245729822e-08
0.0026999647142087035,501,2,-4.201327399720083e-12,1.0194604738167357e-07
0.0027099986662110914,501,2,-3.6358932705210707e-12,3.3861130566137376e-09
0.0027199929378035263,501,2,-2.5110497618122552e-12,1.4498379705130127e-07
0.0027299961024888353,501,2,-1.9276209631380434e-12,-2.1759187660008728e-08
0.0027399777062117655,501,2,-1.3789685276698071e-12,1.055971549923651e-07
0.002749988759524654,501,2,-2.4604980155922256e-13,5.821877169243095e-08
0.002759967258329172,501,2,2.370757263463544e-13,3.4088693867673214e-08
0.0027699794181682714,501,2,1.5969627252261209e-12,1.4808872043914345e-07
0.002779980632912558,501,2,2.7002016006710643e-12,9.86285097481776e-08
0.002789926345535676,501,2,3.2271114864298577e-12,-9.831228553469629e-09
0.002799934376084237,501,2,3.438209928623235e-12,2.9183438866875466e-08
0.0028099372523266004,501,2,3.935471824860698e-12,3.097833814469375e-08
0.002819916001669946,501,2,3.658883891938074e-12,-4.652971208329859e-08
0.00282992711632193,501,2,3.563378924749264e-12,-5.005068367397447e-08
0.0028399219233172816,501,2,3.233831415540636e-12,-8.862082909177893e-08
0.0028499696060877693,501,2,2.637736061609228e-12,6.539141467198917e-08
0.0028599957685153197,501,2,3.5901222383946836e-12,6.436125932901549e-08
0.002869930554772693,501,2,4.25758368583504e-12,4.6077611504102833e-08
0.0028799202181661416,501,2,4.288317642745518e-12,-2.9652554717207735e-08
0.002889963520355464,501,2,4.252192280468185e-12,4.94467018441469e-08
0.002899964068899386,501,2,5.249512233734084e-12,1.7307926071519208e-07
0.002909921888765981,501,2,6.618016444375711e-12,1.538347926821615e-08
0.0029199897397370247,501,2,6.973115485096708e-12,-8.80496298094613e-09
0.0029299449426635426,501,2,6.425314917439789e-12,-7.9535376062978e-09
0.0029399218969938814,501,2,7.055135189709856e-12,6.409312469646267e-08
0.002949935623520926,501,2,6.944539690208803e-12,2.838915469371983e-08
0.002959986750666649,501,2,7.405085625364263e-12,2.5205070253164763e-08
0.002969931585006157,501,2,7.87628357581385e-12,-7.917376643185037e-09
0.0029799764289382244,501,2,6.9075657737130425e-12,-5.938766267643558e-08
0.0029899668918744486,501,2,6.724861444616648e-12,-6.827308096646334e-08
0.00299996506892776,501,2,6.0275710610886366e-12,-3.024627392989032e-08
0.0030099991430690616,501,2,6.788725709513076e-12,6.647315968109566e-08
0.0030199496430219513,501,2,6.912127784746737e-12,2.2848645198081385e-10
0.0030299256279612712,501,2,6.573477032882982e-12,-9.606497736180941e-09
0.0030399639674849412,501,2,6.453902963812243e-12,1.91119745029944e-08
0.003049934485515712,501,2,6.9035215234268185e-12,4.72551288099865e-08
0.003059921140484939,501,2,7.1674828615655994e-12,6.594198409537455e-08
0.003069966333378743,501,2,7.79917945411537e-12,-3.1392703103705344e-08
0.0030799288442964977,501,2,7.969989143478962e-12,2.8468925883373686e-08
0.0030899880804200006,501,2,7.989850222948382e-12,1.67133196171676e-10
0.0030999991837144737,501,2,7.768115235670626e-12,-3.266849235572522e-08
0.0031099869501223032,501,2,7.749121126609973e-12,-3.974396822759019e-08
0.003119970436648161,501,2,6.7191212429405745e-12,-9.62237972079727e-08
0.00312995095534574,501,2,6.233015183123496e-12,-1.644229929986807e-08
0.0031399530197900845,501,2,5.46493821807696e-12,-7.601652385336166e-08
0.00314998514360482,501,2,5.67806695928139e-12,4.5998162001570364e-08
0.0031599491759565727,501,2,5.354166569604196e-12,-9.245222676312892e-08
0.0031699947005524526,501,2,4.655146812460303e-12,-7.167245560935065e-08
0.0031799817930986615,501,2,3.717188385034655e-12,-3.581272084440812e-08
0.0031899225375935894,501,2,3.5267496041263362e-12,-8.380294336252092e-08
0.0031999715588095375,501,2,2.408577893998654e-12,-3.9821619807201e-08
0.0032099919614991227,501,2,1.5894877818628625e-12,-1.2680360722550077e-07
0.003219973715884055,501,2,2.7256035309183553e-13,-9.965612981707728e-08
0.0032299845301459844,501,2,-6.476766077124531e-13,-2.8335135071611006e-08
0.0032399775181600156,501,2,-6.28134295540205e-13,-5.08058474735229e-08
0.0032499730603749565,501,2,-8.708437921787441e-13,1.9000161999294107e-08
0.0032599485036904907,501,2,-1.2717216314712216e-12,-1.1144571687715654e-07
0.0032699579510647326,501,2,-1.942104019514142e-12,-1.6989656959065513e-08
0.003279917002494333,501,2,-1.4514894887689318e-12,1.0192335903047578e-07
0.0,502,1,0.0,0.0
9.989963192433698e-06,502,1,0.0,3.738252644025606e-40
1.9946948081706548e-05,502,1,0.0,2.040069227280093e-25
2.9936410885108502e-05,502,1,6.598442276597385e-24,7.844263996506378e-18
3.9921802894280255e-05,502,1,-1.0171366524560155e-18,1.042585317734203e-13
4.997681669513509e-05,502,1,4.9737706833962287e-17,2.0639532400876237e-11
5.999084106281442e-05,502,1,5.301246227037276e-16,1.2560870746303188e-11
6.991092103133941e-05,502,1,-2.0880236711336543e-15,-5.581676336408048e-10
7.998338472472615e-05,502,1,-7.902300390147442e-15,-2.3915398827956125e-10
8.995051991106551e-05,502,1,-2.3374001234424506e-15,9.431808667414998e-10
9.99504450036086e-05,502,1,1.0062155949219168e-14,2.072101490391276e-09
0.00010999096422944632,502,1,3.708977196821995e-14,3.183557750752186e-09
0.00011999359193526734,502,1,6.859056982870364e-14,2.4076349802726327e-09
0.00012994251283597816,502,1,1.1469061919795742e-13,9.83865139358997e-09
0.00013993743058220186,502,1,2.433263992043539e-13,1.0448293570608502e-08
0.00014995870994798948,502,1,2.8137758914309127e-13,-2.4688908140113597e-09
0.0001599164829737738,502,1,2.2330342293959329e-13,-6.226460014246982e-09
0.00016997878332424812,502,1,1.907074114783098e-13,1.433262397654289e-10
0.0001799193112306633,502,1,2.1977506484615814e-13,5.330332564223994e-09
0.0001899520601412834,502,1,2.8741360352346583e-13,6.266116320263748e-09
0.0001999993082105989,502,1,3.4955427919200867e-13,8.35461724801867e-09
0.0002099880817018489,502,1,4.1235739476464363e-13,-5.794032927053383e-10
0.000219961998633097,502,1,2.9992898711649974e-13,-1.5055504648531226e-08
0.00022999867073867513,502,1,1.8804091533793652e-13,-9.013656890322075e-09
0.00023997563380506994,502,1,1.477550839247858e-13,-2.8958113684751652e-11
0.00024998503017070565,502,1,1.5354995818947243e-13,-7.463543116870142e-10
0.00025992427874247927,502,1,1.4029715025365777e-13,8.948955951271209e-10
0.0002699219261539762,502,1,1.6278139758710026e-13,4.423308108680857e-10
0.0002799354488434132,502,1,1.6330908894884432e-13,2.0569505820855483e-09
0.0002899290986284926,502,1,1.4549427167340114e-13,-4.834288913624363e-09
0.0002999818585602357,502,1,6.407696333981302e-14,-8.167681309068087e-09
0.00030994330766118453,502,1,2.8385837585087788e-14,-3.781302604366488e-09
0.0003199250739298324,502,1,-2.955051000514482e-14,-1.0209497247615218e-08
0.00032998952041924236,502,1,-1.3379904880149077e-13,-6.271264063606452e-09
0.0003399877560041757,502,1,-1.35075343699793e-13,8.964568254388183e-09
0.0003499897938405149,502,1,-8.547288429734982e-14,2.061431469968511e-09
0.00035992728669542924,502,1,-2.3773567004435094e-14,3.1755167384517335e-09
0.0003699143371530551,502,1,1.3455423298995572e-14,6.58671273079392e-09
0.0003799584806503054,502,1,8.151485264779393e-14,5.041770667624235e-09
0.0003899384682275275,502,1,9.775319930686172e-14,4.42233147324167e-09
0.00039991983694590434,502,1,8.286025945242192e-14,-5.44078523900815e-09
0.0004099198747312895,502,1,7.615703383136337e-14,2.3108401858706884e-09
0.00041994483308318756,502,1,9.196429154225555e-14,-4.409351342382628e-09
0.00042996202408289365,502,1,4.888000133774703e-14,-2.165669865661357e-09
0.00043993294795004916,502,1,-8.16858584354492e-15,-5.62817548122041e-09
0.00044991585655193014,502,1,-6.384283835099425e-15,1.9564519171400008e-09
0.0004599259929941842,502,1,-1.9678543869286816e-14,-5.014977598125081e-09
0.0004699882034867308,502,1,-7.044754387589176e-14,-3.420096539308304e-09
0.00047996509996811105,502,1,-4.599042636522013e-14,8.515684546406277e-09
0.0004899643475631937,502,1,-1.4943090981180823e-14,3.3016595013535266e-10
0.0004999626844150479,502,1,5.851195179415458e-15,4.126677888294239e-09
0.0005099891984671297,502,1,6.302901587153589e-14,1.8153791803143804e-09
0.0005199678110160662,502,1,-4.445474207932093e-14,-1.550822367746285e-08
0.0005299113958562461,502,1,-1.5613403040078133e-13,-2.8573677868237723e-09
0.0005399978710366806,502,1,-8.506566897279258e-14,4.521716945316001e-09
0.0005499775640650294,502,1,-7.308319531149077e-14,1.4138444859312926e-09
0.0005599516527016105,502,1,-6.822582050095699e-14,2.173032309649159e-09
0.0005699880770181412,502,1,1.9953138398259504e-14,1.2391967840752471e-08
0.0005799756197913125,502,1,9.095212105160455e-14,6.115614570312289e-09
0.0005899205188011095,502,1,1.2549154966047527e-13,-4.884465831800355e-09
0.0005999272308792308,502,1,8.132324871292732e-14,-1.7246798433845356e-10
0.0006099238111063899,502,1,1.047613347660752e-13,4.727829239214998e-10
0.0006199766155961252,502,1,3.9054509782122503e-14,-7.501545384869246e-09
0.0006299229977715811,502,1,1.0047899749442168e-13,1.0437281927622166e-08
0.000639973640093208,502,1,1.5891112702120938e-13,-5.471634534348624e-10
0.0006499700395808684,502,1,8.856392033890876e-14,-1.2524333029007018e-08
0.0006599557251040922,502,1,-3.74496112577296e-14,-1.3691784483960134e-08
0.0006699189178816747,502,1,-1.5403553337901311e-13,-7.448344607752233e-09
0.0006799526968651924,502,1,-1.879369462788258e-13,-4.425966038112961e-09
0.0006899204836290289,502,1,-2.569176781177596e-13,-9.174920934107433e-09
0.00069997099617532,502,1,-3.46368736508151e-13,-3.952630556192105e-09
0.0007099695437041487,502,1,-3.7259846697259603e-13,-7.826564396573588e-10
0.0007199714857917364,502,1,-3.551749009917532e-13,9.573221326775183e-09
0.000729935493460422,502,1,-2.909678757428893e-13,3.0231376291212086e-09
0.0007399274245512884,502,1,-2.4119728363560834e-13,8.670595796900216e-09
0.0007499431720847861,502,1,-1.7704876295241128e-13,7.010437563792493e-09
0.0007599858004742278,502,1,-1.555260784321202e-13,-3.98139607393766e-09
0.0007699694656590392,502,1,-1.6168743335989765e-13,7.209139341046722e-09
0.0007799880966227515,502,1,-2.4691484750913317e-15,1.7801250251636702e-08
0.0007899386282710307,502,1,9.291842333536068e-14,1.918904812825417e-09
0.0007999416129677691,502,1,9.013931289410053e-14,-1.2560189555088641e-09
0.0008099172803248133,502,1,1.517361167540244e-13,1.6502089028591627e-08
0.0008199598691427289,502,1,2.7860476072168443e-13,2.2245066899628796e-09
0.0008299669543381752,502,1,2.372236047464178e-13,-7.251643341366076e-09
0.000839971779171591,502,1,1.5845816852936862e-13,-4.832084454786667e-09
0.0008499858168006692,502,1,1.910189730661995e-13,6.946416997166693e-09
0.0008599961223255325,502,1,1.8249737353639214e-13,-5.6891520383572924e-09
0.0008699875488789666,502,1,9.526649946207033e-14,-1.2322876837000951e-08
0.0008799828298040059,502,1,-1.4603762806247172e-14,-7.479659572262598e-09
0.0008899771398224485,502,1,-4.856055217905249e-14,-5.060953267577162e-09
0.0008999409758322045,502,1,-9.148162675792163e-14,4.327022018468796e-09
0.0009099356395021971,502,1,-6.285179625017956e-14,-6.168490829239204e-09
0.0009199799996381776,502,1,-1.4905458842581532e-13,-8.082244873364175e-09
0.0009299758580038798,502,1,-2.1433728611950677e-13,-2.9104600951512793e-09
0.0009399363457137804,502,1,-2.0477738089746088e-13,3.4431002493562346e-09
0.0009499582294905885,502,1,-1.5063416077096443e-13,9.446435467186376e-09
0.0009599416755504957,502,1,-7.447874307846443e-14,2.7481535935791612e-09
0.0009699456614041934,502,1,-2.9562454440250525e-14,8.43254133187088e-09
0.0009799731052283582,502,1,-1.0995334688308073e-17,-6.240269717627811e-09
0.0009899407243911856,502,1,-5.132524146086916e-14,2.317553260411387e-09
0.0009999273262883196,502,1,-3.193619058306429e-14,-8.281434427104273e-10
0.0010099184295651919,502,1,-2.473566683647505e-14,5.6035154571976165e-09
0.001019911391773919,502,1,2.4751763003571722e-14,3.553611165746373e-09
0.0010299345079368678,502,1,5.118463250931729e-14,3.931046599348065e-10
0.0010399550372423097,502,1,3.5532044920417874e-14,-2.754315608921587e-09
0.001049947234013961,502,1,-4.483100597295255e-15,-5.637449618234314e-09
0.0010599503858492126,502,1,-1.3916637820973222e-14,3.8146161507324194e-09
0.001069924242444839,502,1,2.3093209812409705e-14,4.967296463043169e-09
0.0010799431686746843,502,1,-1.7155571532595157e-14,-1.8179529936990235e-08
0.0010899154869035397,502,1,-2.516361278419657e-13,-1.8853122063511307e-08
0.001099991286733784,502,1,-2.9902396883477525e-13,5.9330911295063515e-09
0.0011099552673259237,502,1,-2.241655364614405e-13,8.349333779911206e-09
0.0011199435893406368,502,1,-1.3262142704761524e-13,6.103736183149522e-09
0.0011299240211485391,502,1,-1.2951109686606726e-13,-2.6144401921168736e-09
0.0011399280133237908,502,1,-1.7492301243380692e-13,-5.733204633262545e-09
0.0011499696280439212,502,1,-1.6738755089580788e-13,6.492556270387695e-09
0.0011599279211489592,502,1,-7.179147006692796e-14,1.1284468248717872e-08
0.0011699716463168342,502,1,-8.234171604650821e-15,-1.1109130143571733e-09
0.0011799244055894721,502,1,-2.2976996892046415e-14,-2.2271864352774173e-09
0.0011899264460871273,502,1,-5.157440191977641e-14,-2.599878867748373e-09
0.0011999995485767378,502,1,-1.5082128051340828e-14,7.871105822676583e-09
0.0012099791086800354,502,1,7.270420487174149e-14,1.0783963028115906e-08
0.0012199772371629229,502,1,1.6075103293099386e-13,6.4520645493004736e-09
0.0012299325915215652,502,1,2.2383743020250855e-13,1.6817253978285152e-09
0.0012399540737118614,502,1,1.7744709819530774e-13,-8.83409595475726e-09
0.001249954558535317,502,1,5.404645465908564e-14,-1.245682910988588e-08
0.001259984879604457,502,1,-1.2648298944325869e-14,5.868448504919854e-10
0.0012699866578533483,502,1,-1.2741772629945407e-15,-8.12319572718323e-10
0.0012799369681764233,502,1,-3.7529638295311476e-14,-5.157186254434176e-09
0.0012899611762641518,502,1,-1.2029121586827943e-13,-1.2966179296913793e-08
0.0012999314295428024,502,1,-2.2021587434443643e-13,-3.5063160153114836e-09
0.0013099340385593476,502,1,-2.347065413115662e-13,-1.341248355435365e-09
0.001319922381673685,502,1,-1.8418335534845214e-13,1.1854761006180325e-08
0.0013299449793254944,502,1,-7.450209747088612e-14,9.958094349116209e-09
0.001339943202592548,502,1,1.745151552700339e-14,1.0829628360742305e-08
0.0013499518348642128,502,1,9.815204848699893e-14,1.2792667480887587e-09
0.001359980781849514,502,1,5.919632053421817e-14,-5.931222235577849e-09
0.0013699663961714394,502,1,4.0134415803499534e-14,8.06065347802587e-09
0.00137996078699737,502,1,1.3865998464441393e-13,4.8944318598032055e-09
0.0013899136226293326,502,1,1.9057535226556926e-13,-4.599265412963405e-09
0.001399923007607575,502,1,9.172477434169456e-14,-2.0394639033138873e-09
0.0014099861383479139,502,1,1.4160479971762896e-13,4.8602965818655974e-09
0.0014199467168396504,502,1,1.2479288300426203e-13,-1.2181815223222259e-08
0.0014299550047716912,502,1,-8.16214288743163e-15,-1.243695346708762e-08
0.0014399414085106027,502,1,-1.3070877964238645e-13,-3.760833311439171e-09
0.00144999899308443,502,1,-7.632698929816405e-14,7.140277397121864e-09
0.0014599899700134045,502,1,-2.1500349108504943e-14,3.391636471672399e-09
0.0014699495601526197,502,1,-2.0806414825368016e-14,-4.081556072288439e-09
0.0014799132876748221,502,1,-1.1760920335486189e-14,5.9222405868197825e-09
0.0014899988542361226,502,1,-2.7479422122516804e-14,-8.482816421517825e-09
0.0014999118085305895,502,1,-9.962602261104239e-14,-1.4501123080101763e-09
0.0015099881847253957,502,1,-4.373147287469866e-14,1.0257320631756883e-08
0.0015199505115410688,502,1,2.5078822753297342e-14,-4.759573457580046e-09
0.0015299324421124483,502,1,-6.113768447394124e-14,-3.356849187508004e-09
0.0015399429695449431,502,1,8.727038731427827e-14,2.142831834195391e-08
0.0015499222606404238,502,1,1.8926663045788685e-13,-6.364454554087101e-09
0.0015599211217602914,502,1,6.443218862910074e-14,-1.1562685753307989e-08
0.0015699853779245847,502,1,-6.480601645597606e-14,-1.2303714713723934e-08
0.0015799938176277437,502,1,-9.96667009448178e-14,-2.7909460298403133e-09
0.0015899452408367131,502,1,-1.0290686285421326e-13,5.361619814792107e-09
0.0015999488184707169,502,1,-2.944472871904344e-14,7.0200094626216014e-09
0.0016099457469756985,502,1,1.0045810754436002e-15,1.43492043247484e-09
0.0016199719756506224,502,1,-2.7496403862559832e-14,-6.0743990115685875e-09
0.0016299655555115356,502,1,-3.671797702041804e-14,-3.912611137857347e-09
0.0016399505214948172,502,1,-7.931953976015454e-14,-2.6325868152099474e-09
0.0016499761127773032,502,1,-1.2956042150041001e-13,-3.487066080332113e-09
0.0016599663397957394,502,1,-1.1602464187977432e-13,6.639596650259705e-10
0.0016699856387930676,502,1,-1.1740739606111265e-13,-2.5967574757146394e-09
0.00167998268032895,502,1,-1.6838967896383623e-13,-4.81001238838985e-10
0.001689923294070508,502,1,-1.0911524674528817e-13,1.0560032404072217e-08
0.00169996712118196,502,1,-3.3181624630026704e-14,5.667259217467802e-09
0.001709992886509472,502,1,-2.569660792744316e-16,-4.93130481848264e-09
0.001719997099978542,502,1,-9.873670959070942e-14,-4.491114480309477e-09
0.0017299142358455089,502,1,-1.1682954679636398e-13,-3.0959970143129567e-09
0.0017399539457483245,502,1,-1.0809823630837656e-13,4.340424242244012e-09
0.0017499494939320532,502,1,-7.771086833925633e-16,1.0322124488482132e-08
0.0017599416255696001,502,1,1.3095122588287905e-14,2.4488511496389975e-09
0.001769998954741053,502,1,8.895023660780016e-14,5.549287140915737e-09
0.0017799150728379984,502,1,1.443012782832362e-13,-5.637208477793365e-10
0.0017899759794651182,502,1,6.356463884979804e-14,-5.088179655388103e-09
0.0017999954648482018,502,1,3.0012979406433826e-14,-1.3754017091915927e-09
0.0018099481286733188,502,1,8.055222342016194e-15,-5.1678915591324426e-09
0.0018199152745008846,502,1,-5.085328825518622e-14,-7.110756095052295e-09
0.0018299966678176837,502,1,-7.253430356210988e-14,2.9899167586222575e-09
0.001839957695290799,502,1,-4.764355854551972e-14,4.586695856456657e-09
0.001849988010622647,502,1,7.631323009496885e-15,-1.9763381764459353e-09
0.0018599267929138971,502,1,-3.391351361249715e-14,-6.426403575954254e-10
0.0018699710463444728,502,1,3.2653130281048645e-14,3.6062950820037187e-09
0.0018799200244502823,502,1,-1.2669940847886453e-14,-1.1205785778456434e-08
0.001889914477415609,502,1,-1.8299562880915322e-13,-1.7684777087190184e-08
0.0018999900851859749,502,1,-2.639001095151557e-13,1.99091276797958e-09
0.0019099978025976876,502,1,-1.9388870459787107e-13,4.884174176211786e-09
0.001919950721943876,502,1,-1.377412783102618e-13,9.077635088061697e-09
0.0019299181381710975,502,1,1.758568300474963e-14,1.7716405120715706e-08
0.001939913689319005,502,1,1.1234169519126758e-13,3.8817610237273925e-09
0.0019499540786654481,502,1,1.1621386565205914e-13,-4.433507894141542e-09
0.0019599276713923863,502,1,1.6632606614696774e-14,-7.666488645308167e-09
0.001969963263036636,502,1,1.3197745712045447e-14,5.286246218538793e-09
0.0019799398825209773,502,1,8.870666042535592e-14,2.1139408556969386e-09
0.001989961164950719,502,1,3.476669432488262e-14,-7.888039776915434e-09
0.0019999140445912307,502,1,-4.4008111770629105e-14,-2.728142683983137e-09
0.0020099333738071456,502,1,9.425240535959611e-16,6.358760434865829e-09
0.0020199157619419476,502,1,1.5474638036900787e-14,8.258722039578004e-10
0.0020299321094492625,502,1,5.9944101548845e-14,6.385283364551686e-09
0.0020399196655400843,502,1,-6.6878892425155725e-15,-1.2778684221892433e-08
0.0020499978080355074,502,1,-3.90430807665652e-14,4.361814909259465e-09
0.002059941018646421,502,1,1.8417947720810314e-14,1.0874835365548563e-08
0.00206994871156455,502,1,1.8650736303396555e-13,1.870193266917397e-08
0.002079966708577437,502,1,2.7327890384648557e-13,-8.256774430837055e-10
0.002089932385867754,502,1,1.4603984813582648e-13,-2.2148342271322008e-08
0.002099923083751752,502,1,-4.3556355218540496e-14,-8.9319872331739e-09
0.0021099734877566226,502,1,-2.9955899550184253e-14,7.377121247209573e-09
0.0021199878688879133,502,1,1.498176142335477e-14,2.087505779346799e-09
0.0021299857661484086,502,1,-6.097810092557969e-15,-3.07369185659212e-09
0.0021399836187072207,502,1,-5.6394869598974185e-14,-1.07509301461306e-09
0.0021499644029970956,502,1,-1.4850745755205265e-14,5.661653146304957e-09
0.002159978046438846,502,1,7.058640561023169e-14,1.1549342648908834e-08
0.0021699244611505923,502,1,1.5352370694437113e-13,1.809113303608001e-09
0.0021799797228649596,502,1,1.0324636382386815e-13,-1.0461987220988789e-08
0.0021899980183700918,502,1,-3.427640454995752e-14,-1.4319742169810468e-08
0.0021999729365442485,502,1,-2.563675996752196e-14,7.033105511172755e-09
0.002209919214160787,502,1,7.795312484436875e-14,8.453842764710728e-09
0.0022199806873625734,502,1,8.252591691341581e-14,-6.694127030471009e-09
0.0022299432472233306,502,1,-2.125386590898573e-14,-6.714415023978404e-09
0.002239940081278522,502,1,-1.5802903961543296e-14,-1.698245113979091e-09
0.002249956012423786,502,1,-5.258890958608712e-14,-2.019822420429307e-09
0.002259981016548979,502,1,1.4555414165617897e-16,1.10657716323459e-08
0.0022699307303048113,502,1,4.807216780474224e-14,-1.7854358547175764e-09
0.0022799344344445202,502,1,4.258759654286482e-14,-1.8366176357531572e-09
0.002289987367738622,502,1,-3.581388867499052e-14,-8.765097314622494e-09
0.0022999651171705954,502,1,-9.475309415801466e-14,-2.519480513107908e-09
0.002309918701751481,502,1,-4.9894296822304454e-14,1.0505157577167523e-08
0.0023199578261096088,502,1,2.1020129708289748e-14,1.3377382535040283e-11
0.0023299321248993108,502,1,-7.076009183364855e-14,-1.1068728711371989e-08
0.0023399967116743982,502,1,-1.2995490507273708e-13,-3.5142462551096543e-10
0.0023499639491245763,502,1,-1.3269642038014982e-13,2.5822561866561955e-09
0.0023599473483627473,502,1,-1.1080169654305153e-13,6.847803366016869e-10
0.0023699991615202666,502,1,-6.295248729178441e-14,1.2757838726423776e-08
0.002379968602717591,502,1,6.157347699607294e-14,8.88074941363115e-09
0.002389990409690875,502,1,7.594628652837234e-14,-4.080071502876592e-09
0.002399952412879762,502,1,2.7166962256186533e-14,-2.196795870212931e-09
0.0024099241504219626,502,1,2.0588555410235368e-14,-7.072947172392929e-09
0.002419949671716438,502,1,2.1483633760323827e-14,9.464986072682535e-09
0.002429942894988035,502,1,5.140322609025697e-14,-2.24845017604558e-09
0.002439928926540759,502,1,-6.393384357084725e-15,-1.2780701830195085e-08
0.002449935482684769,502,1,-1.3261955552831828e-13,-8.878906443410273e-09
0.0024599921363648116,502,1,-2.112539371137024e-13,1.5818292231628561e-09
0.002469920760375418,502,1,-1.0940617376354982e-13,1.1795067145214944e-08
0.0024799588545121034,502,1,-4.932764130971198e-15,8.732098780162012e-09
0.0024899840874599635,502,1,3.515018679768611e-14,5.528914936991924e-09
0.002499983482249081,502,1,1.0275614689377651e-13,9.147131496689553e-09
0.0025099624454172687,502,1,1.029747508508698e-13,-1.2697483064982862e-08
0.0025199967452210915,502,1,1.0391854206575485e-14,2.953716216058666e-09
0.0025299319906418828,502,1,1.0152184540083986e-13,5.268224134713506e-09
0.002539975793130079,502,1,9.480436336824606e-14,-9.153480300116978e-09
0.0025499572545718096,502,1,-4.907708557578237e-14,-1.320324416465013e-08
0.002559983211366168,502,1,-1.372278043965374e-13,2.816612776346261e-10
0.0025699558383349584,502,1,-8.926374213630382e-14,6.737725655181492e-11
0.0025799500054188816,502,1,-9.784952897582116e-14,-2.7472090713409614e-09
0.0025899738730149665,502,1,-1.3198678803540143e-13,-7.439130977893171e-10
0.002599996623844749,502,1,-1.4654015238128697e-13,2.9901191522796466e-09
0.0026099655512380237,502,1,-5.763305685555636e-14,1.1347549677687141e-08
0.002619975259216486,502,1,7.192537496446055e-14,9.177991144859732e-09
0.0026299830241246574,502,1,1.431491624913475e-13,2.4975459755882667e-09
0.0026399376484572672,502,1,1.7425367196405176e-13,7.32989728635669e-09
0.002649985960951364,502,1,1.303526556511417e-13,-1.536612970198803e-08
0.002659991483230085,502,1,-5.796855474750253e-15,-8.47894321420739e-09
0.0026699337281358426,502,1,6.719703418849618e-14,1.5601294256484266e-08
0.0026799747201865123,502,1,9.259899874062161e-14,-1.3153499955897985e-08
0.002689930491522843,502,1,-5.692747671642764e-14,-6.640283434222738e-09
0.0026999647142087035,502,1,-4.735602643531067e-14,-5.073679365530381e-09
0.0027099986662110914,502,1,-8.736621723379884e-14,2.4043650959093554e-09
0.0027199929378035263,502,1,-4.868533622580905e-14,7.372558841201027e-09
0.0027299961024888353,502,1,-5.5270183910291135e-14,-1.1741295935507878e-08
0.0027399777062117655,502,1,-1.9100351270320885e-13,-1.1035790392632805e-08
0.002749988759524654,502,1,-1.7750571118119185e-13,1.558540241308748e-08
0.002759967258329172,502,1,-3.3134743050462073e-16,1.697949247869701e-08
0.0027699794181682714,502,1,8.399346417497199e-14,5.187616447521748e-10
0.002779980632912558,502,1,2.0377570090986162e-14,-1.404858851472568e-08
0.002789926345535676,502,1,-7.759232988993636e-14,-4.83442508594778e-09
0.002799934376084237,502,1,-9.663618413679076e-14,2.7821389636528693e-09
0.0028099372523266004,502,1,-1.9759394858168133e-14,5.715270867678868e-09
0.002819916001669946,502,1,-4.711095608674748e-15,3.473588083835466e-09
0.00282992711632193,502,1,1.403398068328815e-14,-1.3152011701933475e-09
0.0028399219233172816,502,1,-4.190760897484179e-14,-2.616841091040989e-09
0.0028499696060877693,502,1,-1.3280187428801708e-13,-1.290034479239921e-08
0.0028599957685153197,502,1,-1.5095078846291167e-13,1.4507330559077047e-08
0.002869930554772693,502,1,-1.1165605251365132e-14,8.172342469414673e-09
0.0028799202181661416,502,1,1.2643884420363016e-14,-6.176853056816256e-09
0.002889963520355464,502,1,-1.0845714788505073e-13,-1.0916699183516343e-08
0.002899964068899386,502,1,-1.725431050206977e-13,-4.8809886687983806e-09
0.002909921888765981,502,1,-2.0329036034844733e-13,-4.8335318039716135e-09
0.0029199897397370247,502,1,-2.397296296479008e-13,-2.3503753387998927e-09
0.0029299449426635426,502,1,-2.0525844478952449e-13,6.797843322969843e-09
0.0029399218969938814,502,1,-2.3701776896397145e-13,-9.39261544409542e-09
0.002949935623520926,502,1,-2.6877452493452234e-13,1.8976352433863752e-09
0.002959986750666649,502,1,-2.228256844988806e-13,1.4099075462681299e-08
0.002969931585006157,502,1,-5.4043405763992e-14,1.2642820179653569e-08
0.0029799764289382244,502,1,-7.769913862700276e-14,-1.2592305420611183e-08
0.0029899668918744486,502,1,-1.2012588731895313e-13,3.6347350684806656e-09
0.00299996506892776,502,1,1.2149840595415684e-17,1.6899796007052714e-08
0.0030099991430690616,502,1,3.728887722686744e-14,-1.4871673337246705e-08
0.0030199496430219513,502,1,-1.0273275692597103e-13,-8.582489052777476e-09
0.0030299256279612712,502,1,-1.8066858366349095e-13,-5.709859474123391e-09
0.0030399639674849412,502,1,-2.0729966544339937e-13,-3.8314512673665035e-09
0.003049934485515712,502,1,-1.916635897030155e-13,1.0521882573555352e-08
0.003059921140484939,502,1,-6.07672549432503e-14,1.0592095381345423e-08
0.003069966333378743,502,1,4.7944660123543786e-14,9.632154185368336e-09
0.0030799288442964977,502,1,1.1618041462690618e-13,-1.0126624261364015e-09
0.0030899880804200006,502,1,3.3285453928701136e-14,-1.1273182831672557e-08
0.0030999991837144737,502,1,-6.263280435199643e-14,-1.2451323194717645e-08
0.0031099869501223032,502,1,-1.4758694619068993e-13,-5.517791668019356e-09
0.003119970436648161,502,1,-1.6942986591625062e-13,5.790659340920712e-09
0.00312995095534574,502,1,-1.2816520238221989e-13,-1.5022610933002056e-09
0.0031399530197900845,502,1,-2.0244203313484962e-13,-9.050125204801418e-09
0.00314998514360482,502,1,-2.4007082129531843e-13,-3.0850403343052335e-09
0.0031599491759565727,502,1,-2.8482273641385406e-13,-2.3889668021581656e-09
0.0031699947005524526,502,1,-2.401602301757032e-13,3.494644684742809e-09
0.0031799817930986615,502,1,-1.7068369522439062e-13,1.3333396997605718e-08
0.0031899225375935894,502,1,-6.582394348841571e-14,5.799574043230393e-09
0.0031999715588095375,502,1,-1.2966142340310651e-14,2.407249510838483e-09
0.0032099919614991227,502,1,-3.035222287807275e-14,5.29867782983473e-09
0.003219973715884055,502,1,6.116789898620275e-14,4.973907008487544e-09
0.0032299845301459844,502,1,8.793447215635396e-14,1.3875848248190437e-09
0.0032399775181600156,502,1,1.2465734418017418e-13,2.6948419051819883e-09
0.0032499730603749565,502,1,1.4154044384836247e-13,-8.696700581900529e-10
0.0032599485036904907,502,1,6.771466406937628e-14,-7.318104566778061e-09
0.0032699579510647326,502,1,-1.1644415188756096e-14,-7.586398675929473e-09
0.003279917002494333,502,1,-1.4315943975385477e-14,2.3467561505174928e-09
0.0,503,2,0.0,0.0
9.989963192433698e-06,503,2,0.0,-7.935520880551783e-40
1.9946948081706548e-05,503,2,0.0,-1.1884438086117586e-24
2.9936410885108502e-05,503,2,4.334332772001974e-20,-2.86374628519689e-17
3.9921802894280255e-05,503,2,-3.8223829182644017e-19,-3.1606047633410666e-13
4.997681669513509e-05,503,2,-1.8790493702286306e-16,-8.600690515683795e-11
5.999084106281442e-05,503,2,-7.655329643757746e-15,-2.2066788327168574e-09
6.991092103133941e-05,503,2,-7.583665420697627e-14,-1.3157106362737814e-08
7.998338472472615e-05,503,2,-2.683664566477872e-13,-2.1732542682117995e-08
8.995051991106551e-05,503,2,-4.694221285114926e-13,-2.2260666934781348e-08
9.99504450036086e-05,503,2,-7.623769724479851e-13,-3.320610161838822e-08
0.00010999096422944632,503,2,-1.0137412243132224e-12,-1.6181818718319363e-08
0.00011999359193526734,503,2,-1.2084283226854176e-12,-2.7651401279804588e-08
0.00012994251283597816,503,2,-1.4669091382739298e-12,-1.2811332869566705e-08
0.00013993743058220186,503,2,-1.116845782116226e-12,9.154027219571148e-08
0.00014995870994798948,503,2,-4.791319079549839e-13,-1.7870165347488864e-09
0.0001599164829737738,503,2,-7.423550136815524e-13,-1.5343482484553306e-08
0.00016997878332424812,503,2,-7.640991153671129e-13,-1.0387971038916533e-08
0.0001799193112306633,503,2,-6.835551577179667e-13,-1.8295269743617837e-09
0.0001899520601412834,503,2,-1.3380154875570712e-12,-7.989063532942708e-08
0.0001999993082105989,503,2,-1.6075546858842875e-12,-1.6252966181240502e-08
0.0002099880817018489,503,2,-2.026630234378652e-12,-5.31771820189153e-08
0.000219961998633097,503,2,-2.158116442882885e-12,1.774758753847472e-08
0.00022999867073867513,503,2,-1.8852056239798925e-12,2.097298305858697e-08
0.00023997563380506994,503,2,-1.2849993159176642e-12,6.904504255833555e-08
0.00024998503017070565,503,2,-1.1013608670285761e-12,-9.223243169209638e-09
0.00025992427874247927,503,2,-8.966364316195493e-13,4.5407034410249736e-08
0.0002699219261539762,503,2,-3.3487765376460574e-13,1.785954588731653e-08
0.0002799354488434132,503,2,-7.060216343001758e-13,-3.581970242638732e-08
0.0002899290986284926,503,2,-6.555724205713784e-13,4.990366636592469e-08
0.0002999818585602357,503,2,1.1484242105463255e-16,6.831775212212676e-08
0.00030994330766118453,503,2,3.184498461640279e-13,3.3658734355235254e-08
0.0003199250739298324,503,2,8.36100309944748e-13,3.5904205289427615e-08
0.00032998952041924236,503,2,1.2047386674959686e-12,3.6165425820744446e-08
0.0003399877560041757,503,2,1.3863084840509427e-12,2.314589431229308e-08
0.0003499897938405149,503,2,1.6044388717996808e-12,1.54479710134936e-08
0.00035992728669542924,503,2,1.9689588611406937e-12,5.0745251667372315e-08
0.0003699143371530551,503,2,2.352300936468135e-12,8.952178692789303e-09
0.0003799584806503054,503,2,2.1543610706422234e-12,-4.612635268186338e-08
0.0003899384682275275,503,2,2.1616434186185504e-12,2.438375396734971e-08
0.00039991983694590434,503,2,1.772920229374563e-12,-7.636790450016306e-08
0.0004099198747312895,503,2,1.4190705360986238e-12,-2.2879315886292773e-08
0.00041994483308318756,503,2,1.2346396877815002e-12,-2.6867794211682394e-08
0.00042996202408289365,503,2,7.260830086860178e-13,-2.48413155046201e-08
0.00043993294795004916,503,2,6.277100150428594e-13,5.998996605027784e-09
0.00044991585655193014,503,2,1.0446188964568278e-12,2.58528745078479e-08
0.0004599259929941842,503,2,1.5836918877705074e-12,1.1198644711551964e-07
0.0004699882034867308,503,2,2.3301465453636936e-12,5.0360478454081203e-08
0.00047996509996811105,503,2,2.64782465599783e-12,1.169606500539544e-08
0.0004899643475631937,503,2,2.774040572988204e-12,5.584185086560112e-09
0.0004999626844150479,503,2,3.2882351948601693e-12,7.429745395304277e-08
0.0005099891984671297,503,2,3.195976237496223e-12,-9.069828827562576e-08
0.0005199678110160662,503,2,2.40827631681163e-12,-7.098032828167788e-08
0.0005299113958562461,503,2,2.2809299005219393e-12,5.504971989367391e-08
0.0005399978710366806,503,2,2.5842015024179696e-12,-1.5639520345445135e-08
0.0005499775640650294,503,2,1.9890312304377076e-12,-1.7968582045890802e-08
0.0005599516527016105,503,2,1.9089461456879564e-12,-2.1317424686584374e-08
0.0005699880770181412,503,2,1.905594134771942e-12,2.1612790113145763e-08
0.0005799756197913125,503,2,2.312796147359384e-12,5.7956116683577363e-08
0.0005899205188011095,503,2,3.302952902232547e-12,7.456784095749569e-08
0.0005999272308792308,503,2,3.3880901421012508e-12,-7.347397967816249e-09
0.0006099238111063899,503,2,3.2038276789577227e-12,-1.834963824290381e-08
0.0006199766155961252,503,2,3.0587998496936497e-12,-5.3683876788390705e-09
0.0006299229977715811,503,2,3.3331597166586305e-12,1.7858736711673373e-10
0.000639973640093208,503,2,2.451791231790259e-12,-8.353693858875744e-08
0.0006499700395808684,503,2,2.1262251297994323e-12,-1.7992946715894576e-08
0.0006599557251040922,503,2,1.5432902961761037e-12,-1.3157346923087232e-07
0.0006699189178816747,503,2,3.6519382353231156e-13,4.050530139076969e-08
0.0006799526968651924,503,2,2.0518130194147966e-12,1.5438556745517307e-07
0.0006899204836290289,503,2,3.2087995201066826e-12,8.870229772917071e-08
0.00069997099617532,503,2,3.18110843249746e-12,-5.802374747343464e-08
0.0007099695437041487,503,2,3.620965976621638e-12,9.178348238381151e-08
0.0007199714857917364,503,2,4.037554486507663e-12,3.064198754107461e-08
0.000729935493460422,503,2,3.7150135849556575e-12,-8.172698373609677e-08
0.0007399274245512884,503,2,3.0976016844654086e-12,-2.68206357123546e-08
0.0007499431720847861,503,2,2.3368415814467016e-12,-9.921633320475465e-08
0.0007599858004742278,503,2,1.2154854725531569e-12,-1.4262694027124961e-07
0.0007699694656590392,503,2,4.1386627808105876e-13,-7.2302535347734675e-09
0.0007799880966227515,503,2,4.0233124110381456e-13,3.138725634954653e-08
0.0007899386282710307,503,2,9.179089644406266e-13,5.1537613954266703e-08
0.0007999416129677691,503,2,1.933163685011695e-12,1.2853464692597072e-07
0.0008099172803248133,503,2,3.079876543415124e-12,1.0049527804367742e-07
0.0008199598691427289,503,2,3.9625311021242345e-12,9.402368874103506e-08
0.0008299669543381752,503,2,4.931975068958854e-12,5.800503216635278e-08
0.000839971779171591,503,2,5.271866710537809e-12,2.8709012500627296e-08
0.0008499858168006692,503,2,4.616468963830264e-12,-1.4816193061317762e-07
0.0008599961223255325,503,2,3.8197829299005566e-12,3.138060700180745e-08
0.0008699875488789666,503,2,4.075026821786631e-12,-6.479607328468973e-08
0.0008799828298040059,503,2,3.5262104583380464e-12,8.480577295966185e-09
0.0008899771398224485,503,2,4.057997549642735e-12,6.666294761342728e-08
0.0008999409758322045,503,2,4.612339346175484e-12,7.35871095725038e-08
0.0009099356395021971,503,2,5.362053947285516e-12,6.715779862775939e-08
0.0009199799996381776,503,2,5.8421865367880126e-12,6.734757562742999e-08
0.0009299758580038798,503,2,6.4178710224927285e-12,6.296830770691209e-08
0.0009399363457137804,503,2,6.8168172861582214e-12,3.6750064436041896e-08
0.0009499582294905885,503,2,7.117346100503352e-12,-4.9137045321501205e-08
0.0009599416755504957,503,2,5.903891057404322e-12,-9.468174619331471e-08
0.0009699456614041934,503,2,5.150730963434085e-12,-6.269752617082958e-08
0.0009799731052283582,503,2,4.22154076696853e-12,-1.330312552894064e-07
0.0009899407243911856,503,2,2.906331201906181e-12,-1.3609011362269996e-07
0.0009999273262883196,503,2,1.4331304629892731e-12,-9.555037694397583e-08
0.0010099184295651919,503,2,1.4485107178389273e-12,2.0967568403751358e-08
0.001019911391773919,503,2,1.0277547110343517e-12,-3.2667148652798517e-08
0.0010299345079368678,503,2,1.1165800678806723e-12,4.9573927130008855e-08
0.0010399550372423097,503,2,2.2063224321524147e-12,1.0960104857016262e-07
0.001049947234013961,503,2,2.765510117728933e-12,5.94368269740686e-08
0.0010599503858492126,503,2,3.1948522535743366e-12,-1.2570404495093612e-08
0.001069924242444839,503,2,3.5284387445242565e-12,6.873924718320268e-08
0.0010799431686746843,503,2,3.9174868725474696e-12,1.2704155727405464e-08
0.0010899154869035397,503,2,3.613778621778998e-12,-4.363839312127027e-08
0.001099991286733784,503,2,3.71404151533407e-12,1.2858433595663854e-08
0.0011099552673259237,503,2,3.0289855604997192e-12,-1.1021409584976993e-07
0.0011199435893406368,503,2,1.952976439557408e-12,-8.78736456932927e-08
0.0011299240211485391,503,2,1.5745169365766155e-12,-2.5757773358670022e-08
0.0011399280133237908,503,2,1.47375220903458e-12,1.0225871815983112e-08
0.0011499696280439212,503,2,1.4450146037486952e-12,-1.9555410180061017e-08
0.0011599279211489592,503,2,1.0447121564783864e-12,-4.484976023899634e-08
0.0011699716463168342,503,2,1.254350928816617e-12,3.3746649585886246e-08
0.0011799244055894721,503,2,1.0646831723540306e-12,-5.1245554411050165e-08
0.0011899264460871273,503,2,4.301376556369377e-13,-2.627535117261104e-08
0.0011999995485767378,503,2,1.6478428457910102e-12,1.7394273993387444e-07
0.0012099791086800354,503,2,1.809531352341652e-12,-4.972157019444978e-08
0.0012199772371629229,503,2,1.8141271294967558e-12,4.980876933124989e-08
0.0012299325915215652,503,2,2.3555052222970496e-12,1.2142089472755302e-08
0.0012399540737118614,503,2,1.4246489526818264e-12,-1.5613948967097002e-07
0.001249954558535317,503,2,6.654632018500937e-13,1.1567198698880787e-08
0.001259984879604457,503,2,1.027562353240162e-12,1.9581203325458318e-10
0.0012699866578533483,503,2,5.27873740537221e-13,-5.9446662259432514e-08
0.0012799369681764233,503,2,8.139379258138998e-13,9.252288579730816e-08
0.0012899611762641518,503,2,1.2820373712971568e-12,1.0568086503126572e-08
0.0012999314295428024,503,2,5.444582027521079e-13,-1.1986971149013925e-07
0.0013099340385593476,503,2,2.04148018476992e-13,2.6829665988881146e-09
0.001319922381673685,503,2,-2.8232100427534775e-13,-8.161759257330203e-08
0.0013299449793254944,503,2,-6.57867341992516e-13,1.0818587137251257e-09
0.001339943202592548,503,2,-1.0922045416656779e-13,7.877333131622866e-08
0.0013499518348642128,503,2,1.2708773242759916e-13,2.6661702012820143e-09
0.001359980781849514,503,2,4.1980562397929497e-13,5.2020837304489476e-08
0.0013699663961714394,503,2,9.066478951879741e-13,4.362132191272844e-08
0.00137996078699737,503,2,5.226887411118649e-13,-7.736032350824651e-08
0.0013899136226293326,503,2,-1.6999817081374963e-13,-8.19834226895022e-09
0.001399923007607575,503,2,-2.7079526179063377e-13,-5.0547777019627205e-08
0.0014099861383479139,503,2,-5.911344763534011e-13,6.892110701595122e-09
0.0014199467168396504,503,2,-2.2070541745981853e-13,5.652544543544025e-08
0.0014299550047716912,503,2,-2.7397778819016625e-13,-2.7979113859100124e-08
0.0014399414085106027,503,2,6.208300170338407e-13,1.696308735699148e-07
0.00144999899308443,503,2,1.4706401695405445e-12,-7.824026662661687e-09
0.0014599899700134045,503,2,7.916321034296975e-13,-1.496550298130117e-07
0.0014699495601526197,503,2,-6.427078819506733e-14,2.4507820828301163e-08
0.0014799132876748221,503,2,1.6030392023703858e-13,-5.243426847226229e-08
0.0014899988542361226,503,2,2.78564572396469e-16,5.4965804019424525e-08
0.0014999118085305895,503,2,9.484018100345366e-14,2.2126075971407033e-09
0.0015099881847253957,503,2,2.3821081211732205e-13,2.1462796845339582e-08
0.0015199505115410688,503,2,8.303650428708673e-13,1.2112434569222508e-07
0.0015299324421124483,503,2,1.6333113213426367e-12,6.30996059292066e-08
0.0015399429695449431,503,2,2.8616087042419034e-12,1.2543303518075533e-07
0.0015499222606404238,503,2,3.5213729549204553e-12,6.284274201018292e-08
0.0015599211217602914,503,2,4.2083191705027554e-12,4.69890308330001e-08
0.0015699853779245847,503,2,4.627568382774164e-12,4.004983117367189e-08
0.0015799938176277437,503,2,4.7836213303107945e-12,3.540280946179308e-08
0.0015899452408367131,503,2,4.648372430142444e-12,-5.6645646000219596e-08
0.0015999488184707169,503,2,4.311682119412088e-12,-3.06802085403568e-08
0.0016099457469756985,503,2,3.868002191329337e-12,-5.7386924563057606e-08
0.0016199719756506224,503,2,4.03807808546281e-12,2.441247909379385e-08
0.0016299655555115356,503,2,4.1691452777794645e-12,2.1438690073205535e-08
0.0016399505214948172,503,2,4.837812803151439e-12,8.970816453568453e-08
0.0016499761127773032,503,2,5.62163194582643e-12,3.9519313474456474e-08
0.0016599663397957394,503,2,6.493201762131518e-12,8.565893550027681e-08
0.0016699856387930676,503,2,7.289551202108646e-12,4.371695594418412e-08
0.00167998268032895,503,2,7.623311002775838e-12,9.208741358346373e-08
0.001689923294070508,503,2,8.817342201424688e-12,6.679819075650073e-08
0.00169996712118196,503,2,9.12152713523082e-12,6.125711160542835e-08
0.001709992886509472,503,2,9.019959434854348e-12,-7.384706995905432e-08
0.001719997099978542,503,2,8.725738122501714e-12,1.6823081261385653e-08
0.0017299142358455089,503,2,9.404049682525638e-12,1.0932548166753264e-07
0.0017399539457483245,503,2,9.865399838195066e-12,5.807193148577028e-08
0.0017499494939320532,503,2,1.0911187358904166e-11,3.821251470803588e-08
0.0017599416255696001,503,2,1.0733153081587954e-11,3.1187333202065126e-09
0.001769998954741053,503,2,1.0923447327335252e-11,6.151846751456524e-08
0.0017799150728379984,503,2,1.2167110513008027e-11,6.55625717604913e-08
0.0017899759794651182,503,2,1.2118332175952741e-11,4.365280137363925e-09
0.0017999954648482018,503,2,1.207922114112095e-11,-2.4733637138396602e-08
0.0018099481286733188,503,2,1.2566749791925909e-11,8.452794753033288e-08
0.0018199152745008846,503,2,1.2767024138999727e-11,-2.4248853924824232e-08
0.0018299966678176837,503,2,1.2203315919898875e-11,-6.8056026814034e-08
0.001839957695290799,503,2,1.1972548569683019e-11,1.0432424923934036e-08
0.001849988010622647,503,2,1.1506744874019122e-11,-1.413701402608325e-07
0.0018599267929138971,503,2,1.0306482219995779e-11,-2.5690496008312635e-08
0.0018699710463444728,503,2,1.1058472720708052e-11,7.280263680797816e-08
0.0018799200244502823,503,2,1.1049857108144396e-11,-4.188962110518446e-08
0.001889914477415609,503,2,1.0570281242904944e-11,-2.785609864996985e-08
0.0018999900851859749,503,2,9.882656772466393e-12,-7.290625692046859e-08
0.0019099978025976876,503,2,9.822614367661821e-12,9.076114904082999e-08
0.001919950721943876,503,2,1.090899269653783e-11,1.0730968225125537e-07
0.0019299181381710975,503,2,1.1298085371717805e-11,-3.9904279713898205e-08
0.001939913689319005,503,2,1.0621264589681049e-11,-1.0534899375080897e-07
0.0019499540786654481,503,2,9.05553171511031e-12,-1.1693454798900049e-07
0.0019599276713923863,503,2,9.128998013259448e-12,6.393612556054862e-08
0.001969963263036636,503,2,9.254967465685028e-12,-4.669943820534428e-09
0.0019799398825209773,503,2,9.424315650520109e-12,1.7626499371203863e-08
0.001989961164950719,503,2,9.329837578642705e-12,-4.226269056939458e-08
0.0019999140445912307,503,2,8.85829843315757e-12,5.835892807892762e-08
0.0020099333738071456,503,2,1.0246360000970654e-11,8.573399705447127e-08
0.0020199157619419476,503,2,1.0141866381131954e-11,-4.752016846687468e-08
0.0020299321094492625,503,2,9.153594501571261e-12,-1.503417320913858e-07
0.0020399196655400843,503,2,8.280653222034022e-12,-1.294708381477383e-08
0.0020499978080355074,503,2,8.630237607318075e-12,6.579546185658813e-08
0.002059941018646421,503,2,8.944166337199102e-12,3.4686563621377786e-08
0.00206994871156455,503,2,9.51035547514488e-12,5.6775439349898704e-09
0.002079966708577437,503,2,9.021561241920242e-12,-9.080164603547658e-08
0.002089932385867754,503,2,8.364093150177963e-12,-2.4958370009597886e-08
0.002099923083751752,503,2,8.420615469012863e-12,2.7379539635496997e-08
0.0021099734877566226,503,2,7.663276250006144e-12,-1.8099542242744349e-07
0.0021199878688879133,503,2,6.3114019761313644e-12,-8.601591672263709e-08
0.0021299857661484086,503,2,5.3510580738842534e-12,-9.153531921324287e-08
0.0021399836187072207,503,2,4.750485530798489e-12,-7.802081203323041e-10
0.0021499644029970956,503,2,4.526741220433586e-12,-6.217373327288556e-08
0.002159978046438846,503,2,4.308528684041492e-12,-9.22296036764969e-09
0.0021699244611505923,503,2,4.4317823811256506e-12,-3.229259220444147e-08
0.0021799797228649596,503,2,4.8111912606565825e-12,7.634360377206661e-08
0.0021899980183700918,503,2,5.093231074557397e-12,-7.171585741927444e-08
0.0021999729365442485,503,2,4.507863072724511e-12,-1.788747727715645e-08
0.002209919214160787,503,2,4.802341114834227e-12,4.383690464793144e-08
0.0022199806873625734,503,2,4.5029902099165365e-12,-6.946913019834078e-08
0.0022299432472233306,503,2,3.704073504555839e-12,-1.2602676968676008e-07
0.002239940081278522,503,2,3.2955610913414134e-12,-1.2408503460847875e-09
0.002249956012423786,503,2,3.0760681155717453e-12,-1.1631702684367085e-08
0.002259981016548979,503,2,3.3109079121065735e-12,2.278806349176321e-08
0.0022699307303048113,503,2,2.6962149689540443e-12,-1.0500498659471447e-07
0.0022799344344445202,503,2,1.7722610081956705e-12,-9.522073785017682e-08
0.002289987367738622,503,2,1.1182775028487286e-12,-3.765837780500547e-08
0.0022999651171705954,503,2,1.2306837999723338e-12,4.169470418924348e-08
0.002309918701751481,503,2,8.958741108608663e-13,-7.838903681549325e-08
0.0023199578261096088,503,2,-1.9525761571975242e-14,-8.18882901487683e-08
0.0023299321248993108,503,2,2.1282454541504984e-14,1.2837050866743027e-09
0.0023399967116743982,503,2,1.7158138127128632e-13,1.8524355716031948e-08
0.0023499639491245763,503,2,-3.077712458938184e-13,-9.6738640154026e-08
0.0023599473483627473,503,2,-7.674872141218451e-13,-2.6902629568503755e-08
0.0023699991615202666,503,2,-1.6192606630041336e-12,-3.179870072811397e-08
0.002379968602717591,503,2,-1.641030814552712e-12,-6.82058212131409e-08
0.002389990409690875,503,2,-2.022995420337373e-12,3.765529110744126e-09
0.002399952412879762,503,2,-2.40091428421079e-12,-6.725467602275437e-08
0.0024099241504219626,503,2,-2.4440413580494643e-12,-5.0754034197630915e-08
0.002419949671716438,503,2,-3.1553596494580483e-12,4.8917589978714204e-09
0.002429942894988035,503,2,-2.6870146537820634e-12,3.7301880306817026e-08
0.002439928926540759,503,2,-2.49548907285121e-12,4.541726444928784e-08
0.002449935482684769,503,2,-2.841877911992298e-12,-1.6004417435766527e-07
0.0024599921363648116,503,2,-3.5567593927596577e-12,-6.764491466970668e-09
0.002469920760375418,503,2,-4.255124183371152e-12,-8.098803028211421e-08
0.0024799588545121034,503,2,-4.478935905700195e-12,-4.262386696374243e-08
0.0024899840874599635,503,2,-4.260678378306074e-12,3.75653170792134e-08
0.002499983482249081,503,2,-4.382775302822959e-12,2.221094952403746e-08
0.0025099624454172687,503,2,-3.715188847719147e-12,-7.077234903674068e-08
0.0025199967452210915,503,2,-4.040477426564586e-12,3.052225611144266e-08
0.0025299319906418828,503,2,-3.1467248136669427e-12,-2.9543220508854162e-08
0.002539975793130079,503,2,-4.1981315909969045e-12,-1.0793726107349855e-07
0.0025499572545718096,503,2,-4.552179910216722e-12,-3.172726636968548e-09
0.002559983211366168,503,2,-4.909847900222788e-12,-8.900318662630191e-09
0.0025699558383349584,503,2,-4.5861670343804676e-12,1.1114099796039056e-07
0.0025799500054188816,503,2,-3.703030406351185e-12,-1.3614585236965127e-08
0.0025899738730149665,503,2,-4.085050085371044e-12,7.880323704689829e-08
0.002599996623844749,503,2,-3.5832897792627966e-12,-3.88850651678041e-09
0.0026099655512380237,503,2,-3.974756797061176e-12,-1.5764798848294514e-08
0.002619975259216486,503,2,-3.9946634079396424e-12,-5.140891021215843e-08
0.0026299830241246574,503,2,-4.30158530255703e-12,-4.1064108391442034e-08
0.0026399376484572672,503,2,-4.31836017174335e-12,6.242779626575157e-08
0.002649985960951364,503,2,-3.6039409913942062e-12,3.888333199864036e-08
0.002659991483230085,503,2,-3.3438409901648215e-12,3.1458221916302875e-08
0.0026699337281358426,503,2,-3.829355483442087e-12,-1.3706788204448372e-07
0.0026799747201865123,503,2,-3.803713331262823e-12,1.4611492188398856e-07
0.002689930491522843,503,2,-3.5010824111120524e-12,-5.663877575279308e-08
0.0026999647142087035,503,2,-3.221543702545363e-12,7.85794595226097e-08
0.0027099986662110914,503,2,-2.6386879178483204e-12,4.754761928627005e-08
0.0027199929378035263,503,2,-2.2209185678504883e-12,4.8164139954121055e-08
0.0027299961024888353,503,2,-2.1168823868844035e-12,-5.3137575228845435e-08
0.0027399777062117655,503,2,-1.879861422912155e-12,1.900632010110037e-07
0.002749988759524654,503,2,-9.37247028593688e-13,7.876901811365578e-08
0.002759967258329172,503,2,8.276935037080844e-14,-3.347279814436277e-08
0.0027699794181682714,503,2,1.788655452862522e-13,1.864088767788985e-07
0.002779980632912558,503,2,2.3259697051985877e-12,8.896124858992494e-08
0.002789926345535676,503,2,2.5080625612103596e-12,2.1236467473428888e-08
0.002799934376084237,503,2,2.8581390014859997e-12,1.0673295458563103e-07
0.0028099372523266004,503,2,3.4390985136187498e-12,-1.3172194002208926e-08
0.002819916001669946,503,2,3.7450334378227e-12,6.40806506087277e-08
0.00282992711632193,503,2,3.594547473936187e-12,-2.9976764626127306e-08
0.0028399219233172816,503,2,3.399038290278133e-12,-1.2408519445457344e-08
0.0028499696060877693,503,2,3.492032238459203e-12,-3.4458019493310843e-09
0.0028599957685153197,503,2,3.4677005190941745e-12,1.5769455852243652e-08
0.002869930554772693,503,2,3.5919940389065805e-12,-4.635019329457535e-08
0.0028799202181661416,503,2,3.580741788960975e-12,1.0962350054100067e-07
0.002889963520355464,503,2,4.716908233361877e-12,3.9933399198499586e-08
0.002899964068899386,503,2,5.060374252334292e-12,1.4246728807787434e-07
0.002909921888765981,503,2,6.746181148702558e-12,5.308029493722444e-08
0.0029199897397370247,503,2,6.218566656892525e-12,-4.307785037016565e-08
0.0029299449426635426,503,2,6.1931405303020624e-12,-5.53959850213559e-09
0.0029399218969938814,503,2,6.879679917653862e-12,3.081371263702337e-08
0.002949935623520926,503,2,6.8344745349766846e-12,3.3291889300901545e-08
0.002959986750666649,503,2,6.536271205542527e-12,-4.847557333320651e-08
0.002969931585006157,503,2,7.215456259822978e-12,8.817147489903476e-08
0.0029799764289382244,503,2,6.329590077438531e-12,-7.272432922533767e-08
0.0029899668918744486,503,2,6.1490821522082115e-12,-7.737314777767068e-08
0.00299996506892776,503,2,5.900247670542584e-12,3.204857831895502e-08
0.0030099991430690616,503,2,5.322983576811456e-12,1.8093465614654747e-09
0.0030199496430219513,503,2,6.168356325936611e-12,3.0834045205985205e-08
0.0030299256279612712,503,2,6.606052158205852e-12,8.956338615195847e-08
0.0030399639674849412,503,2,6.725431612986631e-12,-1.8715457850149164e-08
0.003049934485515712,503,2,6.765886624831435e-12,-5.905741493061889e-08
0.003059921140484939,503,2,6.8307438833925885e-12,1.2585004502407848e-07
0.003069966333378743,503,2,7.519608918285688e-12,4.043934637154578e-08
0.0030799288442964977,503,2,8.122721855481803e-12,-1.2033062879446277e-08
0.0030899880804200006,503,2,7.557245167112356e-12,-4.1149457341571605e-08
0.0030999991837144737,503,2,7.29125469039766e-12,2.8183409384041624e-08
0.0031099869501223032,503,2,7.445964777098944e-12,-1.313918076562004e-07
0.003119970436648161,503,2,6.660599087787537e-12,-1.3988015912236307e-08
0.00312995095534574,503,2,6.761066970092109e-12,-3.54483866704669e-08
0.0031399530197900845,503,2,5.813730517441047e-12,-9.560393521290678e-08
0.00314998514360482,503,2,5.834182544692712e-12,4.2718437565092415e-08
0.0031599491759565727,503,2,5.198640905371187e-12,-1.3262751662884709e-07
0.0031699947005524526,503,2,4.137834925536292e-12,-8.399715778484307e-08
0.0031799817930986615,503,2,4.0304450772812644e-12,-9.39932465193749e-09
0.0031899225375935894,503,2,3.1402506802031584e-12,-6.330731899817366e-08
0.0031999715588095375,503,2,2.8934716552741504e-12,-6.952156531014886e-08
0.0032099919614991227,503,2,2.034101111560247e-12,-8.052556921267495e-08
0.003219973715884055,503,2,1.481366397414587e-12,-3.693349293065751e-08
0.0032299845301459844,503,2,7.799236398446348e-13,-9.585818962210002e-08
0.0032399775181600156,503,2,-1.2263434151092885e-13,-1.6474203015648392e-08
0.0032499730603749565,503,2,-2.676993690739135e-13,-4.675069589787917e-08
0.0032599485036904907,503,2,-6.839004816156175e-13,-1.521626265266196e-08
0.0032699579510647326,503,2,-7.000887499927777e-13,-1.8220895875442622e-08
0.003279917002494333,503,2,-6.395965376589292e-13,6.448755217325353e-08
