time_s,contact_id,surfa_energy_J,surfb_energy_J,friction_energy_J,nonfriction_contact_energy_J
0.0,1,0.0,0.0,0.0,0.0
0.0,3,0.0,0.0,0.0,0.0
0.0,2,0.0,0.0,0.0,0.0
0.0,4,0.0,0.0,0.0,0.0
0.0,5,0.0,0.0,0.0,0.0
0.0,6,0.0,0.0,0.0,0.0
9.989999e-06,1,1.886,-0.3907,0.2292,1.2660999999999998
9.989999e-06,3,0.007249,-0.004239,0.0,0.0030100000000000005
9.989999e-06,2,1.809,-0.39,0.2276,1.1914
9.989999e-06,4,0.007303,-0.004272,0.0,0.003031
9.989999e-06,5,0.0,0.0,0.0,0.0
9.989999e-06,6,0.0,0.0,0.0,0.0
1.997977e-05,1,4.264,-2.239,0.4907,1.5343000000000004
1.997977e-05,3,0.03227,-0.03064,0.0,0.0016299999999999995
1.997977e-05,2,4.375,-2.259,0.5034,1.6126
1.997977e-05,4,0.0327,-0.03098,0.0,0.0017199999999999993
1.997977e-05,5,0.0,0.0,0.0,0.0
1.997977e-05,6,0.0,0.0,0.0,0.0
2.994955e-05,1,7.118,-5.281,0.9901,0.8469000000000007
2.994955e-05,3,0.1092,-0.1085,0.0,0.0007000000000000062
2.994955e-05,2,7.291,-5.311,1.025,0.9550000000000005
2.994955e-05,4,0.1088,-0.1081,0.0,0.0006999999999999923
2.994955e-05,5,-0.01437,0.02187,0.0008966,0.0066034
2.994955e-05,6,-0.01552,0.0231,0.0008082,0.006771799999999998
3.992394e-05,1,9.578,-7.352,1.487,0.738999999999999
3.992394e-05,3,0.206,-0.2054,0.0,0.0005999999999999894
3.992394e-05,2,9.662,-7.423,1.536,0.7030000000000007
3.992394e-05,4,0.2071,-0.2066,0.0,0.0005000000000000004
3.992394e-05,5,-0.2655,0.3221,0.027,0.029599999999999984
3.992394e-05,6,-0.2621,0.3151,0.02548,0.027519999999999992
4.997127e-05,1,13.71,-10.65,1.716,1.3440000000000005
4.997127e-05,3,0.343,-0.3419,0.0,0.0011000000000000454
4.997127e-05,2,14.09,-10.88,1.739,1.470999999999999
4.997127e-05,4,0.3465,-0.3452,0.0,0.0012999999999999678
4.997127e-05,5,-0.2604,0.3382,0.06478,0.013019999999999976
4.997127e-05,6,-0.2613,0.3354,0.06232,0.011779999999999999
5.992158e-05,1,21.34,-17.61,1.9,1.8300000000000005
5.992158e-05,3,0.5773,-0.5752,0.0,0.0020999999999999908
5.992158e-05,2,21.55,-17.71,1.956,1.884
5.992158e-05,4,0.5791,-0.577,0.0,0.0020999999999999908
5.992158e-05,5,-0.2782,0.3654,0.07537,0.011829999999999993
5.992158e-05,6,-0.2774,0.3611,0.07263,0.011069999999999997
6.993957e-05,1,29.45,-25.46,2.335,1.6549999999999985
6.993957e-05,3,0.9037,-0.9011,0.0,0.0025999999999999357
6.993957e-05,2,29.57,-25.55,2.395,1.6249999999999996
6.993957e-05,4,0.908,-0.9052,0.0,0.0028000000000000247
6.993957e-05,5,-0.3088,0.4108,0.08808,0.013919999999999974
6.993957e-05,6,-0.3179,0.4195,0.08733,0.014269999999999963
7.992384e-05,1,37.8,-33.62,2.765,1.4149999999999996
7.992384e-05,3,1.326,-1.323,0.0,0.0030000000000001137
7.992384e-05,2,37.95,-33.75,2.796,1.404000000000003
7.992384e-05,4,1.334,-1.33,0.0,0.0040000000000000036
7.992384e-05,5,-0.3644,0.4888,0.1075,0.016900000000000012
7.992384e-05,6,-0.3913,0.5179,0.1092,0.01740000000000004
8.998033e-05,1,44.2,-39.94,2.878,1.382000000000005
8.998033e-05,3,1.795,-1.791,0.0,0.0040000000000000036
8.998033e-05,2,44.36,-40.05,2.939,1.3710000000000022
8.998033e-05,4,1.805,-1.801,0.0,0.0040000000000000036
8.998033e-05,5,-0.4266,0.5771,0.1284,0.02209999999999998
8.998033e-05,6,-0.4578,0.61,0.132,0.020199999999999996
9.99317e-05,1,53.99,-49.44,3.026,1.5240000000000045
9.99317e-05,3,2.375,-2.37,0.0,0.004999999999999893
9.99317e-05,2,54.09,-49.48,3.093,1.5170000000000066
9.99317e-05,4,2.386,-2.381,0.0,0.0050000000000003375
9.99317e-05,5,-0.522,0.6931,0.1482,0.02290000000000003
9.99317e-05,6,-0.5432,0.7119,0.1508,0.01789999999999997
0.0001099819,1,64.98,-60.02,3.201,1.7590000000000008
0.0001099819,3,3.065,-3.059,0.0,0.005999999999999783
0.0001099819,2,65.02,-59.99,3.28,1.7499999999999942
0.0001099819,4,3.073,-3.067,0.0,0.005999999999999783
0.0001099819,5,-0.6115,0.7982,0.1652,0.021499999999999964
0.0001099819,6,-0.6055,0.7871,0.1656,0.015999999999999986
0.000119975,1,76.61,-71.7,3.31,1.5999999999999965
0.000119975,3,3.872,-3.866,0.0,0.005999999999999783
0.000119975,2,76.63,-71.64,3.408,1.581999999999995
0.000119975,4,3.877,-3.871,0.0,0.005999999999999783
0.000119975,5,-0.6625,0.8738,0.1832,0.02810000000000004
0.000119975,6,-0.6296,0.8345,0.1817,0.02319999999999997
0.0001299566,1,87.58,-82.56,3.476,1.543999999999996
0.0001299566,3,4.762,-4.756,0.0,0.005999999999999339
0.0001299566,2,87.39,-82.31,3.557,1.5229999999999984
0.0001299566,4,4.762,-4.757,0.0,0.004999999999999893
0.0001299566,5,-0.7276,0.9779,0.2126,0.037699999999999956
0.0001299566,6,-0.6903,0.9352,0.2097,0.03520000000000001
0.0001399616,1,99.09,-93.95,3.53,1.6100000000000008
0.0001399616,3,5.729,-5.723,0.0,0.006000000000000227
0.0001399616,2,99.05,-93.84,3.621,1.5889999999999938
0.0001399616,4,5.731,-5.725,0.0,0.006000000000000227
0.0001399616,5,-0.8107,1.092,0.2373,0.044000000000000095
0.0001399616,6,-0.7836,1.059,0.2336,0.041799999999999976
0.0001499543,1,112.7,-107.6,3.613,1.4870000000000085
0.0001499543,3,6.817,-6.811,0.0,0.006000000000000227
0.0001499543,2,112.5,-107.3,3.712,1.4880000000000027
0.0001499543,4,6.814,-6.807,0.0,0.006999999999999673
0.0001499543,5,-0.8339,1.124,0.2517,0.038400000000000156
0.0001499543,6,-0.8197,1.109,0.2476,0.041700000000000015
0.0001599593,1,126.3,-121.1,3.66,1.5400000000000027
0.0001599593,3,8.007,-8.0,0.0,0.006999999999999673
0.0001599593,2,126.2,-120.9,3.764,1.5359999999999974
0.0001599593,4,8.002,-7.995,0.0,0.007000000000000561
0.0001599593,5,-0.8054,1.105,0.2655,0.034099999999999964
0.0001599593,6,-0.8228,1.128,0.2593,0.04589999999999994
0.0001699522,1,139.4,-134.5,3.69,1.2100000000000057
0.0001699522,3,9.294,-9.287,0.0,0.006999999999999673
0.0001699522,2,139.2,-134.1,3.804,1.2959999999999945
0.0001699522,4,9.286,-9.279,0.0,0.006999999999999673
0.0001699522,5,-0.771,1.08,0.2774,0.03160000000000007
0.0001699522,6,-0.793,1.118,0.269,0.05600000000000005
