series,Time (ms),Force (N)
Pusher/spreader surface-A axial resultant (contacts 1 + 2),0.0,0.0
Pusher/spreader surface-A axial resultant (contacts 1 + 2),0.00198,0.0
Pusher/spreader surface-A axial resultant (contacts 1 + 2),0.0119695,174104.5
Pusher/spreader surface-A axial resultant (contacts 1 + 2),0.0139473,164511.2
Pusher/spreader surface-A axial resultant (contacts 1 + 2),0.0259764,121363.7
Pusher/spreader surface-A axial resultant (contacts 1 + 2),0.0279564,110843.0
Pusher/spreader surface-A axial resultant (contacts 1 + 2),0.0359621,83761.29999999999
Pusher/spreader surface-A axial resultant (contacts 1 + 2),0.0479186,83975.7
Pusher/spreader surface-A axial resultant (contacts 1 + 2),0.0519394,87376.8
Pusher/spreader surface-A axial resultant (contacts 1 + 2),0.0539837,90959.2
Pusher/spreader surface-A axial resultant (contacts 1 + 2),0.065941,115939.3
Pusher/spreader surface-A axial resultant (contacts 1 + 2),0.0679144,114775.8
Pusher/spreader surface-A axial resultant (contacts 1 + 2),0.0799562,85883.9
Pusher/spreader surface-A axial resultant (contacts 1 + 2),0.0819965,85256.0
Pusher/spreader surface-A axial resultant (contacts 1 + 2),0.0919373,93729.3
Pusher/spreader surface-A axial resultant (contacts 1 + 2),0.09397559999999999,94154.1
Pusher/spreader surface-A axial resultant (contacts 1 + 2),0.10595399999999999,77179.1
Pusher/spreader surface-A axial resultant (contacts 1 + 2),0.107917,73608.4
Pusher/spreader surface-A axial resultant (contacts 1 + 2),0.119959,59192.5
Pusher/spreader surface-A axial resultant (contacts 1 + 2),0.121987,59256.4
Pusher/spreader surface-A axial resultant (contacts 1 + 2),0.12998099999999999,61688.7
Pusher/spreader surface-A axial resultant (contacts 1 + 2),0.13399899999999998,59939.5
Pusher/spreader surface-A axial resultant (contacts 1 + 2),0.145961,41825.8
Pusher/spreader surface-A axial resultant (contacts 1 + 2),0.147922,37995.2
Pusher/spreader surface-A axial resultant (contacts 1 + 2),0.159926,18585.739999999998
Pusher/spreader surface-A axial resultant (contacts 1 + 2),0.161965,15854.58
Pusher/spreader surface-A axial resultant (contacts 1 + 2),0.171935,8326.25
Pusher/spreader surface-A axial resultant (contacts 1 + 2),0.173974,7210.37
Pusher/spreader surface-A axial resultant (contacts 1 + 2),0.185958,3407.61
Pusher/spreader surface-A axial resultant (contacts 1 + 2),0.187999,2906.6099999999997
Pusher/spreader surface-A axial resultant (contacts 1 + 2),0.199988,153.87509999999997
Pusher/spreader surface-A axial resultant (contacts 1 + 2),0.201941,21.415399999999998
Pusher/spreader surface-A axial resultant (contacts 1 + 2),0.205932,0.0
Pusher/spreader surface-A axial resultant (contacts 1 + 2),0.213932,0.0
Pusher/spreader surface-A axial resultant (contacts 1 + 2),0.227927,0.0
Pusher/spreader surface-A axial resultant (contacts 1 + 2),0.24197500000000002,0.0
Pusher/spreader surface-A axial resultant (contacts 1 + 2),0.253942,0.0
Pusher/spreader surface-A axial resultant (contacts 1 + 2),0.267988,0.0
Pusher/spreader surface-A axial resultant (contacts 1 + 2),0.281916,0.0
Pusher/spreader surface-A axial resultant (contacts 1 + 2),0.29395400000000005,0.0
Pusher/spreader surface-A axial resultant (contacts 1 + 2),0.307946,0.0
Pusher/spreader surface-A axial resultant (contacts 1 + 2),0.321964,0.0
Pusher/spreader surface-A axial resultant (contacts 1 + 2),0.333967,0.0
Pusher/spreader surface-A axial resultant (contacts 1 + 2),0.347939,0.0
Pusher/spreader surface-A axial resultant (contacts 1 + 2),0.361937,0.0
Pusher/spreader surface-A axial resultant (contacts 1 + 2),0.37398200000000004,0.0
Pusher/spreader surface-A axial resultant (contacts 1 + 2),0.387993,0.0
Pusher/spreader surface-A axial resultant (contacts 1 + 2),0.401965,0.0
Pusher/spreader surface-A axial resultant (contacts 1 + 2),0.413979,0.0
Pusher/spreader surface-A axial resultant (contacts 1 + 2),0.427976,0.0
Pusher/spreader surface-A axial resultant (contacts 1 + 2),0.441925,0.0
Pusher/spreader surface-A axial resultant (contacts 1 + 2),0.45392499999999997,0.0
Pusher/spreader surface-A axial resultant (contacts 1 + 2),0.467994,0.0
Pusher/spreader surface-A axial resultant (contacts 1 + 2),0.481934,0.0
Pusher/spreader surface-A axial resultant (contacts 1 + 2),0.49594699999999997,0.0
Pusher/spreader surface-A axial resultant (contacts 1 + 2),0.507953,0.0
Pusher/spreader surface-A axial resultant (contacts 1 + 2),0.5219159999999999,0.0
Pusher/spreader surface-A axial resultant (contacts 1 + 2),0.535976,0.0
Pusher/spreader surface-A axial resultant (contacts 1 + 2),0.5479849999999999,0.0
Pusher/spreader surface-A axial resultant (contacts 1 + 2),0.5619540000000001,0.0
Pusher/spreader surface-A axial resultant (contacts 1 + 2),0.575998,0.0
Pusher/spreader surface-A axial resultant (contacts 1 + 2),0.5879610000000001,0.0
Pusher/spreader surface-A axial resultant (contacts 1 + 2),0.601974,0.0
Pusher/spreader surface-A axial resultant (contacts 1 + 2),0.615958,0.0
Pusher/spreader surface-A axial resultant (contacts 1 + 2),0.62792,0.0
Pusher/spreader surface-A axial resultant (contacts 1 + 2),0.641986,0.0
Pusher/spreader surface-A axial resultant (contacts 1 + 2),0.655986,0.0
Pusher/spreader surface-A axial resultant (contacts 1 + 2),0.667975,0.0
Pusher/spreader surface-A axial resultant (contacts 1 + 2),0.681951,0.0
Pusher/spreader surface-A axial resultant (contacts 1 + 2),0.6959559999999999,0.0
Pusher/spreader surface-A axial resultant (contacts 1 + 2),0.707922,0.0
Pusher/spreader surface-A axial resultant (contacts 1 + 2),0.721981,0.0
Pusher/spreader surface-A axial resultant (contacts 1 + 2),0.735957,0.0
Pusher/spreader surface-A axial resultant (contacts 1 + 2),0.747934,0.0
Pusher/spreader surface-A axial resultant (contacts 1 + 2),0.76192,0.0
Pusher/spreader surface-A axial resultant (contacts 1 + 2),0.775992,0.0
Pusher/spreader surface-A axial resultant (contacts 1 + 2),0.787957,0.0
Pusher/spreader surface-A axial resultant (contacts 1 + 2),0.8019379999999999,0.0
Pusher/spreader surface-A axial resultant (contacts 1 + 2),0.815951,0.0
Pusher/spreader surface-A axial resultant (contacts 1 + 2),0.827996,0.0
Pusher/spreader surface-A axial resultant (contacts 1 + 2),0.841981,0.0
Pusher/spreader surface-A axial resultant (contacts 1 + 2),0.855947,0.0
Pusher/spreader surface-A axial resultant (contacts 1 + 2),0.867914,0.0
Pusher/spreader surface-A axial resultant (contacts 1 + 2),0.8819910000000001,0.0
Pusher/spreader surface-A axial resultant (contacts 1 + 2),0.895995,0.0
Pusher/spreader surface-A axial resultant (contacts 1 + 2),0.9079360000000001,0.0
Pusher/spreader surface-A axial resultant (contacts 1 + 2),0.921955,0.0
Pusher/spreader surface-A axial resultant (contacts 1 + 2),0.935975,0.0
Pusher/spreader surface-A axial resultant (contacts 1 + 2),0.949924,0.0
Pusher/spreader surface-A axial resultant (contacts 1 + 2),0.961953,0.0
Pusher/spreader surface-A axial resultant (contacts 1 + 2),0.97598,0.0
Pusher/spreader surface-A axial resultant (contacts 1 + 2),0.989993,0.0
Pusher/spreader surface-A axial resultant (contacts 1 + 2),1.0019600000000002,0.0
Pusher/spreader surface-A axial resultant (contacts 1 + 2),1.01597,0.0
Pusher/spreader surface-A axial resultant (contacts 1 + 2),1.02999,0.0
Pusher/spreader surface-A axial resultant (contacts 1 + 2),1.0419800000000001,0.0
Pusher/spreader surface-A axial resultant (contacts 1 + 2),1.05598,0.0
Pusher/spreader surface-A axial resultant (contacts 1 + 2),1.0699699999999999,0.0
Pusher/spreader surface-A axial resultant (contacts 1 + 2),1.08191,0.0
Pusher/spreader surface-A axial resultant (contacts 1 + 2),1.09595,0.0
Pusher/spreader surface-A axial resultant (contacts 1 + 2),1.1099700000000001,0.0
Pusher/spreader surface-A axial resultant (contacts 1 + 2),1.1219299999999999,0.0
Pusher/spreader surface-A axial resultant (contacts 1 + 2),1.13596,0.0
Pusher/spreader surface-A axial resultant (contacts 1 + 2),1.14997,0.0
Pusher/spreader surface-A axial resultant (contacts 1 + 2),1.16192,0.0
Pusher/spreader surface-A axial resultant (contacts 1 + 2),1.17592,0.0
Pusher/spreader surface-A axial resultant (contacts 1 + 2),1.1899499999999998,0.0
Pusher/spreader surface-A axial resultant (contacts 1 + 2),1.20199,0.0
Pusher/spreader surface-A axial resultant (contacts 1 + 2),1.2159600000000002,0.0
Pusher/spreader surface-A axial resultant (contacts 1 + 2),1.22995,0.0
Pusher/spreader surface-A axial resultant (contacts 1 + 2),1.242,0.0
Pusher/spreader surface-A axial resultant (contacts 1 + 2),1.25594,0.0
Pusher/spreader surface-A axial resultant (contacts 1 + 2),1.26999,0.0
Pusher/spreader surface-A axial resultant (contacts 1 + 2),1.28196,0.0
Pusher/spreader surface-A axial resultant (contacts 1 + 2),1.29594,0.0
Pusher/spreader surface-A axial resultant (contacts 1 + 2),1.30994,0.0
Pusher/spreader surface-A axial resultant (contacts 1 + 2),1.32198,0.0
Pusher/spreader surface-A axial resultant (contacts 1 + 2),1.3359299999999998,0.0
Pusher/spreader surface-A axial resultant (contacts 1 + 2),1.35,0.0
Pusher/spreader surface-A axial resultant (contacts 1 + 2),1.36198,0.0
Pusher/spreader surface-A axial resultant (contacts 1 + 2),1.3760000000000001,0.0
Pusher/spreader surface-A axial resultant (contacts 1 + 2),1.3899400000000002,0.0
Pusher/spreader surface-A axial resultant (contacts 1 + 2),1.40197,0.0
Pusher/spreader surface-A axial resultant (contacts 1 + 2),1.41594,0.0
Pusher/spreader surface-A axial resultant (contacts 1 + 2),1.42992,0.0
Pusher/spreader surface-A axial resultant (contacts 1 + 2),1.44398,0.0
Pusher/spreader surface-A axial resultant (contacts 1 + 2),1.4559900000000001,0.0
Pusher/spreader surface-A axial resultant (contacts 1 + 2),1.46994,0.0
Pusher/spreader surface-A axial resultant (contacts 1 + 2),1.48399,0.0
Pusher/spreader surface-A axial resultant (contacts 1 + 2),1.4959699999999998,0.0
Pusher/spreader surface-A axial resultant (contacts 1 + 2),1.50997,0.0
Pusher/spreader surface-A axial resultant (contacts 1 + 2),1.5239699999999998,0.0
Pusher/spreader surface-A axial resultant (contacts 1 + 2),1.5359200000000002,0.0
Pusher/spreader surface-A axial resultant (contacts 1 + 2),1.54992,0.0
Pusher/spreader surface-A axial resultant (contacts 1 + 2),1.56398,0.0
Pusher/spreader surface-A axial resultant (contacts 1 + 2),1.5759400000000001,0.0
Pusher/spreader surface-A axial resultant (contacts 1 + 2),1.58996,0.0
Pusher/spreader surface-A axial resultant (contacts 1 + 2),1.60392,0.0
Pusher/spreader surface-A axial resultant (contacts 1 + 2),1.61599,0.0
Pusher/spreader surface-A axial resultant (contacts 1 + 2),1.62992,0.0
Pusher/spreader surface-A axial resultant (contacts 1 + 2),1.6439300000000001,0.0
Pusher/spreader surface-A axial resultant (contacts 1 + 2),1.65594,0.0
Pusher/spreader surface-A axial resultant (contacts 1 + 2),1.66996,0.0
Pusher/spreader surface-A axial resultant (contacts 1 + 2),1.68399,0.0
Pusher/spreader surface-A axial resultant (contacts 1 + 2),1.69595,0.0
Pusher/spreader surface-A axial resultant (contacts 1 + 2),1.70999,0.0
Pusher/spreader surface-A axial resultant (contacts 1 + 2),1.72394,0.0
Pusher/spreader surface-A axial resultant (contacts 1 + 2),1.73599,0.0
Pusher/spreader surface-A axial resultant (contacts 1 + 2),1.74997,0.0
Pusher/spreader surface-A axial resultant (contacts 1 + 2),1.76399,0.0
Pusher/spreader surface-A axial resultant (contacts 1 + 2),1.77597,0.0
Pusher/spreader surface-A axial resultant (contacts 1 + 2),1.78999,0.0
Pusher/spreader surface-A axial resultant (contacts 1 + 2),1.80393,0.0
Pusher/spreader surface-A axial resultant (contacts 1 + 2),1.81598,0.0
Pusher/spreader surface-A axial resultant (contacts 1 + 2),1.82999,0.0
Pusher/spreader surface-A axial resultant (contacts 1 + 2),1.8439699999999999,0.0
Pusher/spreader surface-A axial resultant (contacts 1 + 2),1.85598,0.0
Pusher/spreader surface-A axial resultant (contacts 1 + 2),1.86998,0.0
Pusher/spreader surface-A axial resultant (contacts 1 + 2),1.88395,0.0
Pusher/spreader surface-A axial resultant (contacts 1 + 2),1.89792,0.0
Pusher/spreader surface-A axial resultant (contacts 1 + 2),1.90994,0.0
Pusher/spreader surface-A axial resultant (contacts 1 + 2),1.92393,0.0
Pusher/spreader surface-A axial resultant (contacts 1 + 2),1.93797,0.0
Pusher/spreader surface-A axial resultant (contacts 1 + 2),1.9499199999999999,0.0
Pusher/spreader surface-A axial resultant (contacts 1 + 2),1.9639900000000001,0.0
Pusher/spreader surface-A axial resultant (contacts 1 + 2),1.97797,0.0
Pusher/spreader surface-A axial resultant (contacts 1 + 2),1.9899599999999997,0.0
Pusher/spreader surface-A axial resultant (contacts 1 + 2),2.0039900000000004,0.0
Pusher/spreader surface-A axial resultant (contacts 1 + 2),2.01798,0.0
Pusher/spreader surface-A axial resultant (contacts 1 + 2),2.02997,0.0
Pusher/spreader surface-A axial resultant (contacts 1 + 2),2.04399,0.0
Pusher/spreader surface-A axial resultant (contacts 1 + 2),2.05797,0.0
Pusher/spreader surface-A axial resultant (contacts 1 + 2),2.07,0.0
Pusher/spreader surface-A axial resultant (contacts 1 + 2),2.08393,0.0
Pusher/spreader surface-A axial resultant (contacts 1 + 2),2.09795,0.0
Pusher/spreader surface-A axial resultant (contacts 1 + 2),2.10999,0.0
Pusher/spreader surface-A axial resultant (contacts 1 + 2),2.12392,0.0
Pusher/spreader surface-A axial resultant (contacts 1 + 2),2.1379200000000003,0.0
Pusher/spreader surface-A axial resultant (contacts 1 + 2),2.14994,0.0
Pusher/spreader surface-A axial resultant (contacts 1 + 2),2.16393,0.0
Pusher/spreader surface-A axial resultant (contacts 1 + 2),2.17796,0.0
Pusher/spreader surface-A axial resultant (contacts 1 + 2),2.18994,0.0
Pusher/spreader surface-A axial resultant (contacts 1 + 2),2.2039999999999997,0.0
Pusher/spreader surface-A axial resultant (contacts 1 + 2),2.21794,0.0
Pusher/spreader surface-A axial resultant (contacts 1 + 2),2.22998,0.0
Pusher/spreader surface-A axial resultant (contacts 1 + 2),2.24396,0.0
Pusher/spreader surface-A axial resultant (contacts 1 + 2),2.2579700000000003,0.0
Pusher/spreader surface-A axial resultant (contacts 1 + 2),2.26995,0.0
Pusher/spreader surface-A axial resultant (contacts 1 + 2),2.28395,0.0
Pusher/spreader surface-A axial resultant (contacts 1 + 2),2.29799,0.0
Pusher/spreader surface-A axial resultant (contacts 1 + 2),2.30999,0.0
Pusher/spreader surface-A axial resultant (contacts 1 + 2),2.3239699999999996,0.0
Pusher/spreader surface-A axial resultant (contacts 1 + 2),2.3379999999999996,0.0
Pusher/spreader surface-A axial resultant (contacts 1 + 2),2.34999,0.0
Pusher/spreader surface-A axial resultant (contacts 1 + 2),2.3639300000000003,0.0
Pusher/spreader surface-A axial resultant (contacts 1 + 2),2.3779399999999997,0.0
Pusher/spreader surface-A axial resultant (contacts 1 + 2),2.3919900000000003,0.0
Pusher/spreader surface-A axial resultant (contacts 1 + 2),2.40396,0.0
Pusher/spreader surface-A axial resultant (contacts 1 + 2),2.41793,0.0
Pusher/spreader surface-A axial resultant (contacts 1 + 2),2.4319200000000003,0.0
Pusher/spreader surface-A axial resultant (contacts 1 + 2),2.44394,0.0
Pusher/spreader surface-A axial resultant (contacts 1 + 2),2.45793,0.0
Pusher/spreader surface-A axial resultant (contacts 1 + 2),2.47197,0.0
Pusher/spreader surface-A axial resultant (contacts 1 + 2),2.4839800000000003,0.0
Pusher/spreader surface-A axial resultant (contacts 1 + 2),2.49798,0.0
Pusher/spreader surface-A axial resultant (contacts 1 + 2),2.51192,0.0
Pusher/spreader surface-A axial resultant (contacts 1 + 2),2.52395,0.0
Pusher/spreader surface-A axial resultant (contacts 1 + 2),2.5379899999999997,0.0
Pusher/spreader surface-A axial resultant (contacts 1 + 2),2.5519700000000003,0.0
Pusher/spreader surface-A axial resultant (contacts 1 + 2),2.56392,0.0
Pusher/spreader surface-A axial resultant (contacts 1 + 2),2.57797,0.0
Pusher/spreader surface-A axial resultant (contacts 1 + 2),2.59197,0.0
Pusher/spreader surface-A axial resultant (contacts 1 + 2),2.6039600000000003,0.0
Pusher/spreader surface-A axial resultant (contacts 1 + 2),2.61795,0.0
Pusher/spreader surface-A axial resultant (contacts 1 + 2),2.63194,0.0
Pusher/spreader surface-A axial resultant (contacts 1 + 2),2.64398,0.0
Pusher/spreader surface-A axial resultant (contacts 1 + 2),2.65794,0.0
Pusher/spreader surface-A axial resultant (contacts 1 + 2),2.6699900000000003,6559.61
Pusher/spreader surface-A axial resultant (contacts 1 + 2),2.67192,12833.93867
Pusher/spreader surface-A axial resultant (contacts 1 + 2),2.68192,51778.3
Pusher/spreader surface-A axial resultant (contacts 1 + 2),2.68394,57912.7
Pusher/spreader surface-A axial resultant (contacts 1 + 2),2.69197,68124.4
Pusher/spreader surface-A axial resultant (contacts 1 + 2),2.69794,63526.700000000004
Pusher/spreader surface-A axial resultant (contacts 1 + 2),2.70994,45405.8
Pusher/spreader surface-A axial resultant (contacts 1 + 2),2.71196,43458.9
Pusher/spreader surface-A axial resultant (contacts 1 + 2),2.72194,37626.1
Pusher/spreader surface-A axial resultant (contacts 1 + 2),2.7239299999999997,37925.7
Pusher/spreader surface-A axial resultant (contacts 1 + 2),2.73596,46229.100000000006
Pusher/spreader surface-A axial resultant (contacts 1 + 2),2.7399500000000003,48117.8
Pusher/spreader surface-A axial resultant (contacts 1 + 2),2.74995,45309.7
Pusher/spreader surface-A axial resultant (contacts 1 + 2),2.75197,44004.2
Pusher/spreader surface-A axial resultant (contacts 1 + 2),2.76197,40481.4
Pusher/spreader surface-A axial resultant (contacts 1 + 2),2.76399,40342.0
Pusher/spreader surface-A axial resultant (contacts 1 + 2),2.7759199999999997,34051.0
Pusher/spreader surface-A axial resultant (contacts 1 + 2),2.77793,31882.0
Pusher/spreader surface-A axial resultant (contacts 1 + 2),2.78992,22272.5
Pusher/spreader surface-A axial resultant (contacts 1 + 2),2.7919199999999997,21664.5
Pusher/spreader surface-A axial resultant (contacts 1 + 2),2.80192,19396.59
Pusher/spreader surface-A axial resultant (contacts 1 + 2),2.80394,19633.45
Pusher/spreader surface-A axial resultant (contacts 1 + 2),2.8119199999999998,22190.300000000003
Pusher/spreader surface-A axial resultant (contacts 1 + 2),2.81796,22143.800000000003
Pusher/spreader surface-A axial resultant (contacts 1 + 2),2.82997,14117.0
Pusher/spreader surface-A axial resultant (contacts 1 + 2),2.83195,12958.72
Pusher/spreader surface-A axial resultant (contacts 1 + 2),2.84394,5616.994000000001
Pusher/spreader surface-A axial resultant (contacts 1 + 2),2.84594,4535.776
Pusher/spreader surface-A axial resultant (contacts 1 + 2),2.85596,1531.88
Pusher/spreader surface-A axial resultant (contacts 1 + 2),2.8579600000000003,1173.24
Pusher/spreader surface-A axial resultant (contacts 1 + 2),2.86996,0.0
Pusher/spreader surface-A axial resultant (contacts 1 + 2),2.87198,0.0
Pusher/spreader surface-A axial resultant (contacts 1 + 2),2.88399,0.263618
Pusher/spreader surface-A axial resultant (contacts 1 + 2),2.88598,0.152143
Pusher/spreader surface-A axial resultant (contacts 1 + 2),2.89193,0.0
Pusher/spreader surface-A axial resultant (contacts 1 + 2),2.89797,0.0
Pusher/spreader surface-A axial resultant (contacts 1 + 2),2.9119200000000003,0.0
Pusher/spreader surface-A axial resultant (contacts 1 + 2),2.92597,0.0
Pusher/spreader surface-A axial resultant (contacts 1 + 2),2.93799,0.0
Pusher/spreader surface-A axial resultant (contacts 1 + 2),2.95194,0.0
Pusher/spreader surface-A axial resultant (contacts 1 + 2),2.9659500000000003,0.0
Pusher/spreader surface-A axial resultant (contacts 1 + 2),2.9779199999999997,0.0
Pusher/spreader surface-A axial resultant (contacts 1 + 2),2.99191,0.0
Pusher/spreader surface-A axial resultant (contacts 1 + 2),3.00595,0.0
Pusher/spreader surface-A axial resultant (contacts 1 + 2),3.01793,0.0
Pusher/spreader surface-A axial resultant (contacts 1 + 2),3.03192,0.0
Pusher/spreader surface-A axial resultant (contacts 1 + 2),3.04599,0.0
Pusher/spreader surface-A axial resultant (contacts 1 + 2),3.058,0.0
Pusher/spreader surface-A axial resultant (contacts 1 + 2),3.07193,0.0
Pusher/spreader surface-A axial resultant (contacts 1 + 2),3.0859199999999998,0.0
Pusher/spreader surface-A axial resultant (contacts 1 + 2),3.09793,0.0
Pusher/spreader surface-A axial resultant (contacts 1 + 2),3.11194,0.0
Pusher/spreader surface-A axial resultant (contacts 1 + 2),3.12598,0.0
Pusher/spreader surface-A axial resultant (contacts 1 + 2),3.13794,0.0
Pusher/spreader surface-A axial resultant (contacts 1 + 2),3.15197,0.0
Pusher/spreader surface-A axial resultant (contacts 1 + 2),3.16595,0.0
Pusher/spreader surface-A axial resultant (contacts 1 + 2),3.17799,0.0
Pusher/spreader surface-A axial resultant (contacts 1 + 2),3.19199,0.0
Pusher/spreader surface-A axial resultant (contacts 1 + 2),3.2059699999999998,0.0
Pusher/spreader surface-A axial resultant (contacts 1 + 2),3.21797,0.0
Pusher/spreader surface-A axial resultant (contacts 1 + 2),3.23193,0.0
Pusher/spreader surface-A axial resultant (contacts 1 + 2),3.24597,0.0
Pusher/spreader surface-A axial resultant (contacts 1 + 2),3.25794,0.0
Pusher/spreader surface-A axial resultant (contacts 1 + 2),3.2720000000000002,0.0
Pusher/spreader surface-A axial resultant (contacts 1 + 2),3.28596,0.0
Pusher/spreader surface-A axial resultant (contacts 1 + 2),3.29997,0.0
Pusher/spreader surface-A axial resultant (contacts 1 + 2),3.31195,0.0
Pusher/spreader surface-A axial resultant (contacts 1 + 2),3.3259700000000003,0.0
Pusher/spreader surface-A axial resultant (contacts 1 + 2),3.33996,0.0
Pusher/spreader surface-A axial resultant (contacts 1 + 2),3.35196,0.0
Pusher/spreader surface-A axial resultant (contacts 1 + 2),3.36598,0.0
Pusher/spreader surface-A axial resultant (contacts 1 + 2),3.37992,0.0
Pusher/spreader surface-A axial resultant (contacts 1 + 2),3.39191,0.0
Pusher/spreader surface-A axial resultant (contacts 1 + 2),3.40593,0.0
Pusher/spreader surface-A axial resultant (contacts 1 + 2),3.41997,0.0
Pusher/spreader surface-A axial resultant (contacts 1 + 2),3.43193,0.0
Pusher/spreader surface-A axial resultant (contacts 1 + 2),3.44592,0.0
Pusher/spreader surface-A axial resultant (contacts 1 + 2),3.45993,0.0
Pusher/spreader surface-A axial resultant (contacts 1 + 2),3.472,0.0
Pusher/spreader surface-A axial resultant (contacts 1 + 2),3.48595,0.0
Pusher/spreader surface-A axial resultant (contacts 1 + 2),3.49997,0.0
Pusher/spreader surface-A axial resultant (contacts 1 + 2),3.51193,0.0
Pusher/spreader surface-A axial resultant (contacts 1 + 2),3.52592,0.0
Pusher/spreader surface-A axial resultant (contacts 1 + 2),3.53999,0.0
Pusher/spreader surface-A axial resultant (contacts 1 + 2),3.55196,0.0
Pusher/spreader surface-A axial resultant (contacts 1 + 2),3.56594,0.0
Pusher/spreader surface-A axial resultant (contacts 1 + 2),3.57999,0.0
Pusher/spreader surface-A axial resultant (contacts 1 + 2),3.59193,0.0
Pusher/spreader surface-A axial resultant (contacts 1 + 2),3.60595,0.0
Pusher/spreader surface-A axial resultant (contacts 1 + 2),3.61993,0.0
Pusher/spreader surface-A axial resultant (contacts 1 + 2),3.63194,0.0186739
Pusher/spreader surface-A axial resultant (contacts 1 + 2),3.64398,3886.81
Pusher/spreader surface-A axial resultant (contacts 1 + 2),3.646,5841.69
Pusher/spreader surface-A axial resultant (contacts 1 + 2),3.65795,10049.027
Pusher/spreader surface-A axial resultant (contacts 1 + 2),3.65995,10437.028
Pusher/spreader surface-A axial resultant (contacts 1 + 2),3.66994,20613.58
Pusher/spreader surface-A axial resultant (contacts 1 + 2),3.6719500000000003,23908.4
Pusher/spreader surface-A axial resultant (contacts 1 + 2),3.68394,48010.5
Pusher/spreader surface-A axial resultant (contacts 1 + 2),3.68593,48537.7
Pusher/spreader surface-A axial resultant (contacts 1 + 2),3.698,38550.6
Pusher/spreader surface-A axial resultant (contacts 1 + 2),3.69997,36108.7
Pusher/spreader surface-A axial resultant (contacts 1 + 2),3.70993,27571.5
Pusher/spreader surface-A axial resultant (contacts 1 + 2),3.71195,26595.1
Pusher/spreader surface-A axial resultant (contacts 1 + 2),3.72195,23230.7
Pusher/spreader surface-A axial resultant (contacts 1 + 2),3.72795,23351.5
Pusher/spreader surface-A axial resultant (contacts 1 + 2),3.7379700000000002,21837.58
Pusher/spreader surface-A axial resultant (contacts 1 + 2),3.7399999999999998,21187.43
Pusher/spreader surface-A axial resultant (contacts 1 + 2),3.74599,19895.2
Pusher/spreader surface-A axial resultant (contacts 1 + 2),3.75196,19950.690000000002
Pusher/spreader surface-A axial resultant (contacts 1 + 2),3.76394,13166.21
Pusher/spreader surface-A axial resultant (contacts 1 + 2),3.76597,12336.35
Pusher/spreader surface-A axial resultant (contacts 1 + 2),3.77797,11168.49
Pusher/spreader surface-A axial resultant (contacts 1 + 2),3.77996,10545.82
Pusher/spreader surface-A axial resultant (contacts 1 + 2),3.7919899999999997,6452.91
Pusher/spreader surface-A axial resultant (contacts 1 + 2),3.79799,5869.889999999999
Pusher/spreader surface-A axial resultant (contacts 1 + 2),3.80394,8373.95
Pusher/spreader surface-A axial resultant (contacts 1 + 2),3.80599,10314.150000000001
Pusher/spreader surface-A axial resultant (contacts 1 + 2),3.81796,23275.3
Pusher/spreader surface-A axial resultant (contacts 1 + 2),3.8219399999999997,24569.74
Pusher/spreader surface-A axial resultant (contacts 1 + 2),3.8319500000000004,19165.02
Pusher/spreader surface-A axial resultant (contacts 1 + 2),3.83394,17736.94
Pusher/spreader surface-A axial resultant (contacts 1 + 2),3.84397,8878.67
Pusher/spreader surface-A axial resultant (contacts 1 + 2),3.84599,7191.6
Pusher/spreader surface-A axial resultant (contacts 1 + 2),3.8579399999999997,1828.72
Pusher/spreader surface-A axial resultant (contacts 1 + 2),3.8599300000000003,1680.49
Pusher/spreader surface-A axial resultant (contacts 1 + 2),3.87193,735.254
Pusher/spreader surface-A axial resultant (contacts 1 + 2),3.87394,603.51
Pusher/spreader surface-A axial resultant (contacts 1 + 2),3.88393,64.21614
Pusher/spreader surface-A axial resultant (contacts 1 + 2),3.88599,29.55303
Pusher/spreader surface-A axial resultant (contacts 1 + 2),3.89399,0.0
Pusher/spreader surface-A axial resultant (contacts 1 + 2),3.89994,0.0
Pusher/spreader surface-A axial resultant (contacts 1 + 2),3.91394,0.0
Pusher/spreader surface-A axial resultant (contacts 1 + 2),3.92593,0.0
Pusher/spreader surface-A axial resultant (contacts 1 + 2),3.9399800000000003,0.0
Pusher/spreader surface-A axial resultant (contacts 1 + 2),3.9539500000000003,0.0
Pusher/spreader surface-A axial resultant (contacts 1 + 2),3.96593,0.0
Pusher/spreader surface-A axial resultant (contacts 1 + 2),3.9799400000000005,0.0
Pusher/spreader surface-A axial resultant (contacts 1 + 2),3.9939299999999998,0.0
Pusher/spreader surface-A axial resultant (contacts 1 + 2),4.00596,0.0
Pusher/spreader surface-A axial resultant (contacts 1 + 2),4.01994,0.0
Pusher/spreader surface-A axial resultant (contacts 1 + 2),4.03395,0.0
Pusher/spreader surface-A axial resultant (contacts 1 + 2),4.045929999999999,0.0
Pusher/spreader surface-A axial resultant (contacts 1 + 2),4.05993,0.0
Pusher/spreader surface-A axial resultant (contacts 1 + 2),4.07397,0.0
Pusher/spreader surface-A axial resultant (contacts 1 + 2),4.08594,0.0
Pusher/spreader surface-A axial resultant (contacts 1 + 2),4.09994,0.0
Pusher/spreader surface-A axial resultant (contacts 1 + 2),4.11394,0.0
Pusher/spreader surface-A axial resultant (contacts 1 + 2),4.12399,89.8237
Pusher/spreader surface-A axial resultant (contacts 1 + 2),4.12597,534.238
Pusher/spreader surface-A axial resultant (contacts 1 + 2),4.13793,3010.84
Pusher/spreader surface-A axial resultant (contacts 1 + 2),4.1419999999999995,3086.7
Pusher/spreader surface-A axial resultant (contacts 1 + 2),4.15194,1648.76
Pusher/spreader surface-A axial resultant (contacts 1 + 2),4.15394,1298.93
Pusher/spreader surface-A axial resultant (contacts 1 + 2),4.16393,246.441
Pusher/spreader surface-A axial resultant (contacts 1 + 2),4.16593,154.929
Pusher/spreader surface-A axial resultant (contacts 1 + 2),4.17795,5107.65
Pusher/spreader surface-A axial resultant (contacts 1 + 2),4.17993,4658.56
Pusher/spreader surface-A axial resultant (contacts 1 + 2),4.19195,2611.88
Pusher/spreader surface-A axial resultant (contacts 1 + 2),4.19395,2540.29
Pusher/spreader surface-A axial resultant (contacts 1 + 2),4.2039800000000005,1564.74
Pusher/spreader surface-A axial resultant (contacts 1 + 2),4.20996,1381.6521973000001
Pusher/spreader surface-A axial resultant (contacts 1 + 2),4.21793,2026.4629
Pusher/spreader surface-A axial resultant (contacts 1 + 2),4.21997,2339.092
Pusher/spreader surface-A axial resultant (contacts 1 + 2),4.231920000000001,5154.099
Pusher/spreader surface-A axial resultant (contacts 1 + 2),4.23393,5730.78
Pusher/spreader surface-A axial resultant (contacts 1 + 2),4.24598,8721.369999999999
Pusher/spreader surface-A axial resultant (contacts 1 + 2),4.249980000000001,8905.24
Pusher/spreader surface-A axial resultant (contacts 1 + 2),4.25796,8307.16
Pusher/spreader surface-A axial resultant (contacts 1 + 2),4.25992,8446.91
Pusher/spreader surface-A axial resultant (contacts 1 + 2),4.26797,9584.18
Pusher/spreader surface-A axial resultant (contacts 1 + 2),4.273960000000001,9711.117999999999
Pusher/spreader surface-A axial resultant (contacts 1 + 2),4.28592,14348.310000000001
Pusher/spreader surface-A axial resultant (contacts 1 + 2),4.2879499999999995,14196.880000000001
Pusher/spreader surface-A axial resultant (contacts 1 + 2),4.295990000000001,12530.68
Pusher/spreader surface-A axial resultant (contacts 1 + 2),4.2999600000000004,13915.900000000001
Pusher/spreader surface-A axial resultant (contacts 1 + 2),4.311920000000001,22151.77
Pusher/spreader surface-A axial resultant (contacts 1 + 2),4.31399,22354.71
Pusher/spreader surface-A axial resultant (contacts 1 + 2),4.32597,17849.96
Pusher/spreader surface-A axial resultant (contacts 1 + 2),4.3279700000000005,16803.98
Pusher/spreader surface-A axial resultant (contacts 1 + 2),4.33593,14716.170000000002
Pusher/spreader surface-A axial resultant (contacts 1 + 2),4.345929999999999,14128.3
Pusher/spreader surface-A axial resultant (contacts 1 + 2),4.35198,14955.45
Pusher/spreader surface-A axial resultant (contacts 1 + 2),4.35398,15668.880000000001
Pusher/spreader surface-A axial resultant (contacts 1 + 2),4.36593,17985.190000000002
Pusher/spreader surface-A axial resultant (contacts 1 + 2),4.3679499999999996,18060.78
Pusher/spreader surface-A axial resultant (contacts 1 + 2),4.378,16095.89
Pusher/spreader surface-A axial resultant (contacts 1 + 2),4.37992,15441.52
Pusher/spreader surface-A axial resultant (contacts 1 + 2),4.391940000000001,10479.36
Pusher/spreader surface-A axial resultant (contacts 1 + 2),4.393949999999999,9645.55
Pusher/spreader surface-A axial resultant (contacts 1 + 2),4.40599,6270.450000000001
Pusher/spreader surface-A axial resultant (contacts 1 + 2),4.4079999999999995,5971.63
Pusher/spreader surface-A axial resultant (contacts 1 + 2),4.417940000000001,4416.34
Pusher/spreader surface-A axial resultant (contacts 1 + 2),4.41996,3993.9799999999996
Pusher/spreader surface-A axial resultant (contacts 1 + 2),4.43192,2117.326
Pusher/spreader surface-A axial resultant (contacts 1 + 2),4.4339699999999995,2056.607
Pusher/spreader surface-A axial resultant (contacts 1 + 2),4.44599,1592.907
Pusher/spreader surface-A axial resultant (contacts 1 + 2),4.44796,1447.6419999999998
Pusher/spreader surface-A axial resultant (contacts 1 + 2),4.457929999999999,828.826
Pusher/spreader surface-A axial resultant (contacts 1 + 2),4.45998,699.2049999999999
Pusher/spreader surface-A axial resultant (contacts 1 + 2),4.46594,575.2860000000001
Pusher/spreader surface-A axial resultant (contacts 1 + 2),4.473920000000001,432.6108
Pusher/spreader surface-A axial resultant (contacts 1 + 2),4.48597,4.99353
Pusher/spreader surface-A axial resultant (contacts 1 + 2),4.48792,1.31053
Pusher/spreader surface-A axial resultant (contacts 1 + 2),4.49393,0.0
Pusher/spreader surface-A axial resultant (contacts 1 + 2),4.49998,0.0
Pusher/spreader surface-A axial resultant (contacts 1 + 2),4.51397,0.0
Pusher/spreader surface-A axial resultant (contacts 1 + 2),4.5259599999999995,2.11932
Pusher/spreader surface-A axial resultant (contacts 1 + 2),4.52796,4.699991
Pusher/spreader surface-A axial resultant (contacts 1 + 2),4.531969999999999,9.616189499999999
Pusher/spreader surface-A axial resultant (contacts 1 + 2),4.53997,2.73037
Pusher/spreader surface-A axial resultant (contacts 1 + 2),4.548,0.0
Pusher/spreader surface-A axial resultant (contacts 1 + 2),4.55396,8.67826e-07
Pusher/spreader surface-A axial resultant (contacts 1 + 2),4.56598,379.44
Pusher/spreader surface-A axial resultant (contacts 1 + 2),4.56798,387.979
Pusher/spreader surface-A axial resultant (contacts 1 + 2),4.57799,165.227
Pusher/spreader surface-A axial resultant (contacts 1 + 2),4.57998,131.082
Pusher/spreader surface-A axial resultant (contacts 1 + 2),4.59197,39.0897
Pusher/spreader surface-A axial resultant (contacts 1 + 2),4.59393,38.5593
Pusher/spreader surface-A axial resultant (contacts 1 + 2),4.6059600000000005,167.60944
Pusher/spreader surface-A axial resultant (contacts 1 + 2),4.60796,172.6941
Pusher/spreader surface-A axial resultant (contacts 1 + 2),4.61798,362.97310000000004
Pusher/spreader surface-A axial resultant (contacts 1 + 2),4.61999,468.1887
Pusher/spreader surface-A axial resultant (contacts 1 + 2),4.62997,691.042
Pusher/spreader surface-A axial resultant (contacts 1 + 2),4.633929999999999,658.409
Pusher/spreader surface-A axial resultant (contacts 1 + 2),4.64592,260.048
Pusher/spreader surface-A axial resultant (contacts 1 + 2),4.65196,58.2655
Pusher/spreader surface-A axial resultant (contacts 1 + 2),4.65794,187.468898
Pusher/spreader surface-A axial resultant (contacts 1 + 2),4.65992,212.91402200000002
Pusher/spreader surface-A axial resultant (contacts 1 + 2),4.66998,4309.1576
Pusher/spreader surface-A axial resultant (contacts 1 + 2),4.67595,3830.153
Pusher/spreader surface-A axial resultant (contacts 1 + 2),4.685919999999999,11415.380000000001
Pusher/spreader surface-A axial resultant (contacts 1 + 2),4.68999,13238.91
Pusher/spreader surface-A axial resultant (contacts 1 + 2),4.69796,10935.82
Pusher/spreader surface-A axial resultant (contacts 1 + 2),4.69994,10219.96
Pusher/spreader surface-A axial resultant (contacts 1 + 2),4.70599,8944.36
Pusher/spreader surface-A axial resultant (contacts 1 + 2),4.7139299999999995,9917.24
Pusher/spreader surface-A axial resultant (contacts 1 + 2),4.72195,11051.380000000001
Pusher/spreader surface-A axial resultant (contacts 1 + 2),4.727989999999999,10635.82
Pusher/spreader surface-A axial resultant (contacts 1 + 2),4.73395,10148.76
Pusher/spreader surface-A axial resultant (contacts 1 + 2),4.74194,10424.970000000001
Pusher/spreader surface-A axial resultant (contacts 1 + 2),4.752,7772.6900000000005
Pusher/spreader surface-A axial resultant (contacts 1 + 2),4.7579199999999995,7101.219999999999
Pusher/spreader surface-A axial resultant (contacts 1 + 2),4.76596,8273.24
Pusher/spreader surface-A axial resultant (contacts 1 + 2),4.77192,9095.09
Pusher/spreader surface-A axial resultant (contacts 1 + 2),4.779979999999999,7937.16
Pusher/spreader surface-A axial resultant (contacts 1 + 2),4.78197,7614.63
Pusher/spreader surface-A axial resultant (contacts 1 + 2),4.79195,6730.01
Pusher/spreader surface-A axial resultant (contacts 1 + 2),4.79395,6499.71
Pusher/spreader surface-A axial resultant (contacts 1 + 2),4.805969999999999,5367.38
Pusher/spreader surface-A axial resultant (contacts 1 + 2),4.80793,5487.73
Pusher/spreader surface-A axial resultant (contacts 1 + 2),4.8199499999999995,6635.610000000001
Pusher/spreader surface-A axial resultant (contacts 1 + 2),4.821940000000001,6921.99
Pusher/spreader surface-A axial resultant (contacts 1 + 2),4.82798,7330.26
Pusher/spreader surface-A axial resultant (contacts 1 + 2),4.83396,7217.79
Pusher/spreader surface-A axial resultant (contacts 1 + 2),4.8459200000000004,11001.970000000001
Pusher/spreader surface-A axial resultant (contacts 1 + 2),4.84799,13725.78
Pusher/spreader surface-A axial resultant (contacts 1 + 2),4.856,21570.61
Pusher/spreader surface-A axial resultant (contacts 1 + 2),4.86197,19776.620000000003
Pusher/spreader surface-A axial resultant (contacts 1 + 2),4.87193,11520.53
Pusher/spreader surface-A axial resultant (contacts 1 + 2),4.87395,9768.220000000001
Pusher/spreader surface-A axial resultant (contacts 1 + 2),4.883979999999999,6067.83
Pusher/spreader surface-A axial resultant (contacts 1 + 2),4.88797,6298.0
Pusher/spreader surface-A axial resultant (contacts 1 + 2),4.89997,6876.17
Pusher/spreader surface-A axial resultant (contacts 1 + 2),4.9019900000000005,7164.52
Pusher/spreader surface-A axial resultant (contacts 1 + 2),4.90996,7723.12
Pusher/spreader surface-A axial resultant (contacts 1 + 2),4.91395,7503.59
Pusher/spreader surface-A axial resultant (contacts 1 + 2),4.92595,6802.58
Pusher/spreader surface-A axial resultant (contacts 1 + 2),4.9279399999999995,6757.34
Pusher/spreader surface-A axial resultant (contacts 1 + 2),4.93994,5149.71
Pusher/spreader surface-A axial resultant (contacts 1 + 2),4.944,4767.7
Pusher/spreader surface-A axial resultant (contacts 1 + 2),4.951910000000001,5063.46
Pusher/spreader surface-A axial resultant (contacts 1 + 2),4.95594,5123.969999999999
Pusher/spreader surface-A axial resultant (contacts 1 + 2),4.96596,4129.26
Pusher/spreader surface-A axial resultant (contacts 1 + 2),4.96799,3705.86
Pusher/spreader surface-A axial resultant (contacts 1 + 2),4.97997,1806.086
Pusher/spreader surface-A axial resultant (contacts 1 + 2),4.981979999999999,1671.686
Pusher/spreader surface-A axial resultant (contacts 1 + 2),4.992,1270.07
Pusher/spreader surface-A axial resultant (contacts 1 + 2),4.99392,1242.504
Pusher/spreader surface-A axial resultant (contacts 1 + 2),5.0059700000000005,1320.844
Pusher/spreader surface-A axial resultant (contacts 1 + 2),5.00795,1405.492
Pusher/spreader surface-A axial resultant (contacts 1 + 2),5.01995,3998.42
Pusher/spreader surface-A axial resultant (contacts 1 + 2),5.02196,4449.67
Pusher/spreader surface-A axial resultant (contacts 1 + 2),5.0319199999999995,5123.32
Pusher/spreader surface-A axial resultant (contacts 1 + 2),5.0339599999999995,5214.82
Pusher/spreader surface-A axial resultant (contacts 1 + 2),5.0459700000000005,6538.9400000000005
Pusher/spreader surface-A axial resultant (contacts 1 + 2),5.04795,6774.860000000001
Pusher/spreader surface-A axial resultant (contacts 1 + 2),5.05396,7146.950000000001
Pusher/spreader surface-A axial resultant (contacts 1 + 2),5.06198,7152.76
Pusher/spreader surface-A axial resultant (contacts 1 + 2),5.07197,9373.8
Pusher/spreader surface-A axial resultant (contacts 1 + 2),5.07395,9668.64
Pusher/spreader surface-A axial resultant (contacts 1 + 2),5.0859499999999995,12528.49
Pusher/spreader surface-A axial resultant (contacts 1 + 2),5.08794,13360.2
Pusher/spreader surface-A axial resultant (contacts 1 + 2),5.09997,16844.02
Pusher/spreader surface-A axial resultant (contacts 1 + 2),5.10195,17988.03
Pusher/spreader surface-A axial resultant (contacts 1 + 2),5.10998,21882.29
Pusher/spreader surface-A axial resultant (contacts 1 + 2),5.11395,20411.370000000003
Pusher/spreader surface-A axial resultant (contacts 1 + 2),5.12594,8285.029999999999
Pusher/spreader surface-A axial resultant (contacts 1 + 2),5.12795,6590.4
Pusher/spreader surface-A axial resultant (contacts 1 + 2),5.13994,2334.522
Pusher/spreader surface-A axial resultant (contacts 1 + 2),5.146000000000001,1685.991
Pusher/spreader surface-A axial resultant (contacts 1 + 2),5.15198,2072.384
Pusher/spreader surface-A axial resultant (contacts 1 + 2),5.154,2304.363
Pusher/spreader surface-A axial resultant (contacts 1 + 2),5.16595,4224.518
Pusher/spreader surface-A axial resultant (contacts 1 + 2),5.16795,4958.562
Pusher/spreader surface-A axial resultant (contacts 1 + 2),5.17996,7271.2
Pusher/spreader surface-A axial resultant (contacts 1 + 2),5.18194,7905.29
Pusher/spreader surface-A axial resultant (contacts 1 + 2),5.19396,11305.810000000001
Pusher/spreader surface-A axial resultant (contacts 1 + 2),5.195939999999999,11195.130000000001
Pusher/spreader surface-A axial resultant (contacts 1 + 2),5.20599,9853.79
Pusher/spreader surface-A axial resultant (contacts 1 + 2),5.20798,9525.17
Pusher/spreader surface-A axial resultant (contacts 1 + 2),5.213920000000001,9070.8
Pusher/spreader surface-A axial resultant (contacts 1 + 2),5.227930000000001,8900.02
Pusher/spreader surface-A axial resultant (contacts 1 + 2),5.23397,9962.009999999998
Pusher/spreader surface-A axial resultant (contacts 1 + 2),5.23995,10955.34
Pusher/spreader surface-A axial resultant (contacts 1 + 2),5.24593,9643.45
Pusher/spreader surface-A axial resultant (contacts 1 + 2),5.248,8843.13
Pusher/spreader surface-A axial resultant (contacts 1 + 2),5.25992,3857.061
Pusher/spreader surface-A axial resultant (contacts 1 + 2),5.2659400000000005,3161.1580000000004
Pusher/spreader surface-A axial resultant (contacts 1 + 2),5.27395,3904.0600000000004
Pusher/spreader surface-A axial resultant (contacts 1 + 2),5.275939999999999,4025.89
Pusher/spreader surface-A axial resultant (contacts 1 + 2),5.28599,6713.4
Pusher/spreader surface-A axial resultant (contacts 1 + 2),5.287990000000001,7451.7
Pusher/spreader surface-A axial resultant (contacts 1 + 2),5.292,8032.119999999999
Pusher/spreader surface-A axial resultant (contacts 1 + 2),5.30197,7627.67
Pusher/spreader surface-A axial resultant (contacts 1 + 2),5.31191,9547.39
Pusher/spreader surface-A axial resultant (contacts 1 + 2),5.31596,9091.74
Pusher/spreader surface-A axial resultant (contacts 1 + 2),5.326,7512.0
Pusher/spreader surface-A axial resultant (contacts 1 + 2),5.32796,7085.66
Pusher/spreader surface-A axial resultant (contacts 1 + 2),5.339950000000001,4658.9400000000005
Pusher/spreader surface-A axial resultant (contacts 1 + 2),5.34396,4708.39
Pusher/spreader surface-A axial resultant (contacts 1 + 2),5.35398,3173.3650000000002
Pusher/spreader surface-A axial resultant (contacts 1 + 2),5.35596,2549.585
Pusher/spreader surface-A axial resultant (contacts 1 + 2),5.365950000000001,760.141
Pusher/spreader surface-A axial resultant (contacts 1 + 2),5.367979999999999,864.1959999999999
Pusher/spreader surface-A axial resultant (contacts 1 + 2),5.37999,1897.7604
Pusher/spreader surface-A axial resultant (contacts 1 + 2),5.38192,2173.7733
Pusher/spreader surface-A axial resultant (contacts 1 + 2),5.3939900000000005,5761.37
Pusher/spreader surface-A axial resultant (contacts 1 + 2),5.39594,6350.24
Pusher/spreader surface-A axial resultant (contacts 1 + 2),5.405959999999999,10067.99
Pusher/spreader surface-A axial resultant (contacts 1 + 2),5.40796,10903.35
Pusher/spreader surface-A axial resultant (contacts 1 + 2),5.41996,12014.73
Pusher/spreader surface-A axial resultant (contacts 1 + 2),5.42194,12241.62
Pusher/spreader surface-A axial resultant (contacts 1 + 2),5.43398,13377.63
Pusher/spreader surface-A axial resultant (contacts 1 + 2),5.43993,14053.57
Pusher/spreader surface-A axial resultant (contacts 1 + 2),5.44594,12796.98
Pusher/spreader surface-A axial resultant (contacts 1 + 2),5.44792,12074.080000000002
Pusher/spreader surface-A axial resultant (contacts 1 + 2),5.45994,7146.540000000001
Pusher/spreader surface-A axial resultant (contacts 1 + 2),5.46199,6456.030000000001
Pusher/spreader surface-A axial resultant (contacts 1 + 2),5.47393,4842.299999999999
Pusher/spreader surface-A axial resultant (contacts 1 + 2),5.47999,4479.78
Pusher/spreader surface-A axial resultant (contacts 1 + 2),5.48593,5281.1900000000005
Pusher/spreader surface-A axial resultant (contacts 1 + 2),5.49,5816.6939999999995
Pusher/spreader surface-A axial resultant (contacts 1 + 2),5.49994,4385.343
Pusher/spreader surface-A axial resultant (contacts 1 + 2),5.50197,3956.453
Pusher/spreader surface-A axial resultant (contacts 1 + 2),5.51395,2386.62
Pusher/spreader surface-A axial resultant (contacts 1 + 2),5.5159400000000005,2080.662
Pusher/spreader surface-A axial resultant (contacts 1 + 2),5.52593,734.903
Pusher/spreader surface-A axial resultant (contacts 1 + 2),5.53194,521.961
Pusher/spreader surface-A axial resultant (contacts 1 + 2),5.53993,1598.308
Pusher/spreader surface-A axial resultant (contacts 1 + 2),5.54193,2214.379
Pusher/spreader surface-A axial resultant (contacts 1 + 2),5.5539700000000005,4651.94
Pusher/spreader surface-A axial resultant (contacts 1 + 2),5.5559199999999995,4574.81
Pusher/spreader surface-A axial resultant (contacts 1 + 2),5.56599,3885.46
Pusher/spreader surface-A axial resultant (contacts 1 + 2),5.57598,3959.63
Pusher/spreader surface-A axial resultant (contacts 1 + 2),5.57999,3720.95
Pusher/spreader surface-A axial resultant (contacts 1 + 2),5.58195,3355.14
Pusher/spreader surface-A axial resultant (contacts 1 + 2),5.59197,1875.53
Pusher/spreader surface-A axial resultant (contacts 1 + 2),5.5959699999999994,1990.72
Pusher/spreader surface-A axial resultant (contacts 1 + 2),5.60593,2709.5337319200003
Pusher/spreader surface-A axial resultant (contacts 1 + 2),5.60798,2749.5584710000003
Pusher/spreader surface-A axial resultant (contacts 1 + 2),5.611940000000001,2781.4457500000003
Pusher/spreader surface-A axial resultant (contacts 1 + 2),5.62797,2875.2485
Pusher/spreader surface-A axial resultant (contacts 1 + 2),5.63392,2632.8559999999998
Pusher/spreader surface-A axial resultant (contacts 1 + 2),5.6359699999999995,2460.738
Pusher/spreader surface-A axial resultant (contacts 1 + 2),5.648000000000001,1528.779
Pusher/spreader surface-A axial resultant (contacts 1 + 2),5.64994,1559.547
Pusher/spreader surface-A axial resultant (contacts 1 + 2),5.659960000000001,2483.24
Pusher/spreader surface-A axial resultant (contacts 1 + 2),5.662000000000001,2420.65
Pusher/spreader surface-A axial resultant (contacts 1 + 2),5.6739299999999995,939.7044000000001
Pusher/spreader surface-A axial resultant (contacts 1 + 2),5.67598,1037.7647
Pusher/spreader surface-A axial resultant (contacts 1 + 2),5.68197,1515.01
Pusher/spreader surface-A axial resultant (contacts 1 + 2),5.69197,944.734
Pusher/spreader surface-A axial resultant (contacts 1 + 2),5.699949999999999,1397.86
Pusher/spreader surface-A axial resultant (contacts 1 + 2),5.70196,1654.11
Pusher/spreader surface-A axial resultant (contacts 1 + 2),5.7139299999999995,3449.2207
Pusher/spreader surface-A axial resultant (contacts 1 + 2),5.71593,3677.334
Pusher/spreader surface-A axial resultant (contacts 1 + 2),5.72794,5449.24
Pusher/spreader surface-A axial resultant (contacts 1 + 2),5.73196,5664.66
Pusher/spreader surface-A axial resultant (contacts 1 + 2),5.73997,4665.9400000000005
Pusher/spreader surface-A axial resultant (contacts 1 + 2),5.74192,4506.65
Pusher/spreader surface-A axial resultant (contacts 1 + 2),5.75395,9697.69
Pusher/spreader surface-A axial resultant (contacts 1 + 2),5.75593,12091.3
Pusher/spreader surface-A axial resultant (contacts 1 + 2),5.76798,21895.370000000003
Pusher/spreader surface-A axial resultant (contacts 1 + 2),5.76998,22087.5
Pusher/spreader surface-A axial resultant (contacts 1 + 2),5.7799499999999995,19476.920000000002
Pusher/spreader surface-A axial resultant (contacts 1 + 2),5.78197,18392.95
Pusher/spreader surface-A axial resultant (contacts 1 + 2),5.79396,13461.57
Pusher/spreader surface-A axial resultant (contacts 1 + 2),5.79796,12727.89
Pusher/spreader surface-A axial resultant (contacts 1 + 2),5.80793,14547.07
Pusher/spreader surface-A axial resultant (contacts 1 + 2),5.80999,14673.89
Pusher/spreader surface-A axial resultant (contacts 1 + 2),5.8199499999999995,13090.73
Pusher/spreader surface-A axial resultant (contacts 1 + 2),5.8219899999999996,12566.51
Pusher/spreader surface-A axial resultant (contacts 1 + 2),5.83396,7598.25
Pusher/spreader surface-A axial resultant (contacts 1 + 2),5.83599,6800.85
Pusher/spreader surface-A axial resultant (contacts 1 + 2),5.848,2541.046
Pusher/spreader surface-A axial resultant (contacts 1 + 2),5.84998,2055.271
Pusher/spreader surface-A axial resultant (contacts 1 + 2),5.85996,1289.1867730000001
Pusher/spreader surface-A axial resultant (contacts 1 + 2),5.86396,1222.11
Pusher/spreader surface-A axial resultant (contacts 1 + 2),5.87394,1493.67
Pusher/spreader surface-A axial resultant (contacts 1 + 2),5.87592,1526.03
Pusher/spreader surface-A axial resultant (contacts 1 + 2),5.88393,1701.11
Pusher/spreader surface-A axial resultant (contacts 1 + 2),5.88997,1337.61
Pusher/spreader surface-A axial resultant (contacts 1 + 2),5.89996,356.264
Pusher/spreader surface-A axial resultant (contacts 1 + 2),5.906,248.02880950999997
Pusher/spreader surface-A axial resultant (contacts 1 + 2),5.91399,530.7850000000001
Pusher/spreader surface-A axial resultant (contacts 1 + 2),5.915959999999999,665.966
Pusher/spreader surface-A axial resultant (contacts 1 + 2),5.92795,1912.4740000000002
Pusher/spreader surface-A axial resultant (contacts 1 + 2),5.93392,2188.93
Pusher/spreader surface-A axial resultant (contacts 1 + 2),5.93997,1820.379
Pusher/spreader surface-A axial resultant (contacts 1 + 2),5.94193,1633.554
Pusher/spreader surface-A axial resultant (contacts 1 + 2),5.95397,415.527
Pusher/spreader surface-A axial resultant (contacts 1 + 2),5.95794,282.45799999999997
Pusher/spreader surface-A axial resultant (contacts 1 + 2),5.96797,518.89271
Pusher/spreader surface-A axial resultant (contacts 1 + 2),5.96995,506.17703
Pusher/spreader surface-A axial resultant (contacts 1 + 2),5.97994,338.642
Pusher/spreader surface-A axial resultant (contacts 1 + 2),5.98194,316.26
Pusher/spreader surface-A axial resultant (contacts 1 + 2),5.993939999999999,20.4359
Pusher/spreader surface-A axial resultant (contacts 1 + 2),5.9979700000000005,4.290409951
Pusher/spreader surface-A axial resultant (contacts 1 + 2),6.00798,109.7243
Pusher/spreader surface-A axial resultant (contacts 1 + 2),6.00997,154.0466
Pusher/spreader surface-A axial resultant (contacts 1 + 2),6.01993,1404.039
Pusher/spreader surface-A axial resultant (contacts 1 + 2),6.02792,1305.7440000000001
Pusher/spreader surface-A axial resultant (contacts 1 + 2),6.03393,1690.33
Pusher/spreader surface-A axial resultant (contacts 1 + 2),6.0359799999999995,2052.3
Pusher/spreader surface-A axial resultant (contacts 1 + 2),6.04795,3894.04
Pusher/spreader surface-A axial resultant (contacts 1 + 2),6.04998,4317.34
Pusher/spreader surface-A axial resultant (contacts 1 + 2),6.05994,5974.75
Pusher/spreader surface-A axial resultant (contacts 1 + 2),6.06192,5944.66
Pusher/spreader surface-A axial resultant (contacts 1 + 2),6.06996,5634.82
Pusher/spreader surface-A axial resultant (contacts 1 + 2),6.07596,6320.96
Pusher/spreader surface-A axial resultant (contacts 1 + 2),6.08799,9435.83
Pusher/spreader surface-A axial resultant (contacts 1 + 2),6.0899600000000005,9801.970000000001
Pusher/spreader surface-A axial resultant (contacts 1 + 2),6.09995,12238.439999999999
Pusher/spreader surface-A axial resultant (contacts 1 + 2),6.10196,12669.79
Pusher/spreader surface-A axial resultant (contacts 1 + 2),6.11395,15221.57
Pusher/spreader surface-A axial resultant (contacts 1 + 2),6.11599,15582.93
Pusher/spreader surface-A axial resultant (contacts 1 + 2),6.12793,17302.18
Pusher/spreader surface-A axial resultant (contacts 1 + 2),6.13392,18492.28
Pusher/spreader surface-A axial resultant (contacts 1 + 2),6.14194,17182.22
Pusher/spreader surface-A axial resultant (contacts 1 + 2),6.14398,16695.88
Pusher/spreader surface-A axial resultant (contacts 1 + 2),6.15393,14513.92
Pusher/spreader surface-A axial resultant (contacts 1 + 2),6.15592,13918.619999999999
Pusher/spreader surface-A axial resultant (contacts 1 + 2),6.16796,10474.060000000001
Pusher/spreader surface-A axial resultant (contacts 1 + 2),6.1699399999999995,10432.95
Pusher/spreader surface-A axial resultant (contacts 1 + 2),6.18199,12414.240000000002
Pusher/spreader surface-A axial resultant (contacts 1 + 2),6.18396,13017.02
Pusher/spreader surface-A axial resultant (contacts 1 + 2),6.18994,14094.26
Pusher/spreader surface-A axial resultant (contacts 1 + 2),6.19593,13441.720000000001
Pusher/spreader surface-A axial resultant (contacts 1 + 2),6.20792,9170.220000000001
Pusher/spreader surface-A axial resultant (contacts 1 + 2),6.20991,8197.09
Pusher/spreader surface-A axial resultant (contacts 1 + 2),6.221970000000001,5287.48
Pusher/spreader surface-A axial resultant (contacts 1 + 2),6.227919999999999,4785.87
Pusher/spreader surface-A axial resultant (contacts 1 + 2),6.23398,5079.200000000001
Pusher/spreader surface-A axial resultant (contacts 1 + 2),6.23597,5254.360000000001
Pusher/spreader surface-A axial resultant (contacts 1 + 2),6.24395,5880.789999999999
Pusher/spreader surface-A axial resultant (contacts 1 + 2),6.25594,5961.75
Pusher/spreader surface-A axial resultant (contacts 1 + 2),6.261959999999999,5600.33
Pusher/spreader surface-A axial resultant (contacts 1 + 2),6.26393,5433.200000000001
Pusher/spreader surface-A axial resultant (contacts 1 + 2),6.27196,4857.6
Pusher/spreader surface-A axial resultant (contacts 1 + 2),6.27792,5199.54
Pusher/spreader surface-A axial resultant (contacts 1 + 2),6.2879499999999995,3810.242
Pusher/spreader surface-A axial resultant (contacts 1 + 2),6.29396,2956.71
Pusher/spreader surface-A axial resultant (contacts 1 + 2),6.30193,4330.39
Pusher/spreader surface-A axial resultant (contacts 1 + 2),6.30395,4452.33
Pusher/spreader surface-A axial resultant (contacts 1 + 2),6.31397,2365.954
Pusher/spreader surface-A axial resultant (contacts 1 + 2),6.32195,1474.387
Pusher/spreader surface-A axial resultant (contacts 1 + 2),6.32794,2025.671
Pusher/spreader surface-A axial resultant (contacts 1 + 2),6.32999,2417.97
Pusher/spreader surface-A axial resultant (contacts 1 + 2),6.34199,3499.4
Pusher/spreader surface-A axial resultant (contacts 1 + 2),6.34394,3900.12
Pusher/spreader surface-A axial resultant (contacts 1 + 2),6.35393,5683.95
Pusher/spreader surface-A axial resultant (contacts 1 + 2),6.35595,5885.860000000001
Pusher/spreader surface-A axial resultant (contacts 1 + 2),6.364,6302.139999999999
Pusher/spreader surface-A axial resultant (contacts 1 + 2),6.37599,5501.15
Pusher/spreader surface-A axial resultant (contacts 1 + 2),6.38195,6940.08
Pusher/spreader surface-A axial resultant (contacts 1 + 2),6.38397,7794.58
Pusher/spreader surface-A axial resultant (contacts 1 + 2),6.39199,9679.21
Pusher/spreader surface-A axial resultant (contacts 1 + 2),6.396,9445.74
Pusher/spreader surface-A axial resultant (contacts 1 + 2),6.40799,6780.95
Pusher/spreader surface-A axial resultant (contacts 1 + 2),6.40996,6436.25
Pusher/spreader surface-A axial resultant (contacts 1 + 2),6.41394,6100.95
Pusher/spreader surface-A axial resultant (contacts 1 + 2),6.4239500000000005,6181.41
Pusher/spreader surface-A axial resultant (contacts 1 + 2),6.43199,5933.76
Pusher/spreader surface-A axial resultant (contacts 1 + 2),6.43592,6100.19
Pusher/spreader surface-A axial resultant (contacts 1 + 2),6.4479999999999995,7456.43
Pusher/spreader surface-A axial resultant (contacts 1 + 2),6.44996,7584.02
Pusher/spreader surface-A axial resultant (contacts 1 + 2),6.46196,8930.56
Pusher/spreader surface-A axial resultant (contacts 1 + 2),6.466,9868.61
Pusher/spreader surface-A axial resultant (contacts 1 + 2),6.47394,8456.4
Pusher/spreader surface-A axial resultant (contacts 1 + 2),6.47593,8417.67
Pusher/spreader surface-A axial resultant (contacts 1 + 2),6.48598,11877.21
Pusher/spreader surface-A axial resultant (contacts 1 + 2),6.48995,11297.59
Pusher/spreader surface-A axial resultant (contacts 1 + 2),6.50194,8382.19
Pusher/spreader surface-A axial resultant (contacts 1 + 2),6.503959999999999,7923.63
Pusher/spreader surface-A axial resultant (contacts 1 + 2),6.51398,4504.258
Pusher/spreader surface-A axial resultant (contacts 1 + 2),6.51597,4000.921
Pusher/spreader surface-A axial resultant (contacts 1 + 2),6.5219700000000005,3160.475
Pusher/spreader surface-A axial resultant (contacts 1 + 2),6.52994,3955.16
Pusher/spreader surface-A axial resultant (contacts 1 + 2),6.53398,4149.29
Pusher/spreader surface-A axial resultant (contacts 1 + 2),6.54397,4009.229
Pusher/spreader surface-A axial resultant (contacts 1 + 2),6.55395,1538.413
Pusher/spreader surface-A axial resultant (contacts 1 + 2),6.55598,1068.91
Pusher/spreader surface-A axial resultant (contacts 1 + 2),6.567950000000001,225.5881
Pusher/spreader surface-A axial resultant (contacts 1 + 2),6.57194,236.55
Pusher/spreader surface-A axial resultant (contacts 1 + 2),6.5819399999999995,138.7535
Pusher/spreader surface-A axial resultant (contacts 1 + 2),6.58397,168.1468
Pusher/spreader surface-A axial resultant (contacts 1 + 2),6.595980000000001,917.7560000000001
Pusher/spreader surface-A axial resultant (contacts 1 + 2),6.59794,943.7660000000001
Pusher/spreader surface-A axial resultant (contacts 1 + 2),6.607939999999999,1438.702
Pusher/spreader surface-A axial resultant (contacts 1 + 2),6.609979999999999,1444.4089999999999
Pusher/spreader surface-A axial resultant (contacts 1 + 2),6.6219399999999995,2257.5200000000004
Pusher/spreader surface-A axial resultant (contacts 1 + 2),6.62393,2337.09
Pusher/spreader surface-A axial resultant (contacts 1 + 2),6.63598,2994.1400000000003
Pusher/spreader surface-A axial resultant (contacts 1 + 2),6.63794,2955.11
Pusher/spreader surface-A axial resultant (contacts 1 + 2),6.64793,2628.37
Pusher/spreader surface-A axial resultant (contacts 1 + 2),6.64999,2591.36
Pusher/spreader surface-A axial resultant (contacts 1 + 2),6.65793,2145.079
Pusher/spreader surface-A axial resultant (contacts 1 + 2),6.66394,2886.5370000000003
Pusher/spreader surface-A axial resultant (contacts 1 + 2),6.67598,9046.41
Pusher/spreader surface-A axial resultant (contacts 1 + 2),6.67797,10005.529999999999
Pusher/spreader surface-A axial resultant (contacts 1 + 2),6.68798,14364.6
Pusher/spreader surface-A axial resultant (contacts 1 + 2),6.68998,14364.91
Pusher/spreader surface-A axial resultant (contacts 1 + 2),6.70194,8073.733
Pusher/spreader surface-A axial resultant (contacts 1 + 2),6.70392,7364.827
Pusher/spreader surface-A axial resultant (contacts 1 + 2),6.71595,3642.29
Pusher/spreader surface-A axial resultant (contacts 1 + 2),6.72192,2954.009
Pusher/spreader surface-A axial resultant (contacts 1 + 2),6.72798,4069.24
Pusher/spreader surface-A axial resultant (contacts 1 + 2),6.72998,4543.2699999999995
Pusher/spreader surface-A axial resultant (contacts 1 + 2),6.74198,6464.889999999999
Pusher/spreader surface-A axial resultant (contacts 1 + 2),6.743919999999999,6697.58
Pusher/spreader surface-A axial resultant (contacts 1 + 2),6.75596,7381.6
Pusher/spreader surface-A axial resultant (contacts 1 + 2),6.75794,7416.969999999999
Pusher/spreader surface-A axial resultant (contacts 1 + 2),6.76797,7839.469999999999
Pusher/spreader surface-A axial resultant (contacts 1 + 2),6.76996,7865.95
Pusher/spreader surface-A axial resultant (contacts 1 + 2),6.78193,7284.74
Pusher/spreader surface-A axial resultant (contacts 1 + 2),6.78399,7181.27
Pusher/spreader surface-A axial resultant (contacts 1 + 2),6.7959700000000005,5828.25
Pusher/spreader surface-A axial resultant (contacts 1 + 2),6.7979199999999995,5525.8
Pusher/spreader surface-A axial resultant (contacts 1 + 2),6.80396,4753.6900000000005
Pusher/spreader surface-A axial resultant (contacts 1 + 2),6.80998,5875.28
Pusher/spreader surface-A axial resultant (contacts 1 + 2),6.817959999999999,6754.08
Pusher/spreader surface-A axial resultant (contacts 1 + 2),6.82395,5931.15
Pusher/spreader surface-A axial resultant (contacts 1 + 2),6.83193,5109.94
Pusher/spreader surface-A axial resultant (contacts 1 + 2),6.83796,5074.38
Pusher/spreader surface-A axial resultant (contacts 1 + 2),6.84794,3324.79
Pusher/spreader surface-A axial resultant (contacts 1 + 2),6.84996,2621.899
Pusher/spreader surface-A axial resultant (contacts 1 + 2),6.86198,461.3838
Pusher/spreader surface-A axial resultant (contacts 1 + 2),6.86395,482.5324
Pusher/spreader surface-A axial resultant (contacts 1 + 2),6.874,966.9358000000001
Pusher/spreader surface-A axial resultant (contacts 1 + 2),6.87798,910.0949999999999
Pusher/spreader surface-A axial resultant (contacts 1 + 2),6.88797,1637.9400239333002
Pusher/spreader surface-A axial resultant (contacts 1 + 2),6.89195,1816.6240982999998
Pusher/spreader surface-A axial resultant (contacts 1 + 2),6.90193,1059.123
Pusher/spreader surface-A axial resultant (contacts 1 + 2),6.90392,988.363
Pusher/spreader surface-A axial resultant (contacts 1 + 2),6.91397,663.404
Pusher/spreader surface-A axial resultant (contacts 1 + 2),6.92193,1321.806
Pusher/spreader surface-A axial resultant (contacts 1 + 2),6.927960000000001,914.2402000000001
Pusher/spreader surface-A axial resultant (contacts 1 + 2),6.92995,711.95209
Pusher/spreader surface-A axial resultant (contacts 1 + 2),6.93593,419.198056
Pusher/spreader surface-A axial resultant (contacts 1 + 2),6.94396,841.6007789
Pusher/spreader surface-A axial resultant (contacts 1 + 2),6.9559299999999995,1798.4
Pusher/spreader surface-A axial resultant (contacts 1 + 2),6.95798,1833.63
Pusher/spreader surface-A axial resultant (contacts 1 + 2),6.9679199999999994,2356.13921
Pusher/spreader surface-A axial resultant (contacts 1 + 2),6.9699599999999995,2538.3019999999997
Pusher/spreader surface-A axial resultant (contacts 1 + 2),6.982,5858.7
Pusher/spreader surface-A axial resultant (contacts 1 + 2),6.9839899999999995,5718.76
Pusher/spreader surface-A axial resultant (contacts 1 + 2),6.99597,3275.61
Pusher/spreader surface-A axial resultant (contacts 1 + 2),6.997920000000001,2908.3599999999997
Pusher/spreader surface-A axial resultant (contacts 1 + 2),7.00796,2375.547
Pusher/spreader surface-A axial resultant (contacts 1 + 2),7.00993,2269.162
Pusher/spreader surface-A axial resultant (contacts 1 + 2),7.01796,1942.435
Pusher/spreader surface-A axial resultant (contacts 1 + 2),7.02993,2542.407
Pusher/spreader surface-A axial resultant (contacts 1 + 2),7.03596,2095.0552000000002
Pusher/spreader surface-A axial resultant (contacts 1 + 2),7.03798,1867.1715000000002
Pusher/spreader surface-A axial resultant (contacts 1 + 2),7.04793,1011.5521140000001
Pusher/spreader surface-A axial resultant (contacts 1 + 2),7.04999,850.213268
Pusher/spreader surface-A axial resultant (contacts 1 + 2),7.05592,468.86535
Pusher/spreader surface-A axial resultant (contacts 1 + 2),7.06397,743.7909999999999
Pusher/spreader surface-A axial resultant (contacts 1 + 2),7.0759300000000005,2067.458
Pusher/spreader surface-A axial resultant (contacts 1 + 2),7.08192,2379.689
Pusher/spreader surface-A axial resultant (contacts 1 + 2),7.08997,1904.47
Pusher/spreader surface-A axial resultant (contacts 1 + 2),7.09198,1633.48
Pusher/spreader surface-A axial resultant (contacts 1 + 2),7.10198,324.213
Pusher/spreader surface-A axial resultant (contacts 1 + 2),7.1079799999999995,116.375
Pusher/spreader surface-A axial resultant (contacts 1 + 2),7.11594,228.691
Pusher/spreader surface-A axial resultant (contacts 1 + 2),7.11796,346.014
Pusher/spreader surface-A axial resultant (contacts 1 + 2),7.12994,2183.51
Pusher/spreader surface-A axial resultant (contacts 1 + 2),7.13199,2348.14
Pusher/spreader surface-A axial resultant (contacts 1 + 2),7.14196,2799.33
Pusher/spreader surface-A axial resultant (contacts 1 + 2),7.144,2898.46
Pusher/spreader surface-A axial resultant (contacts 1 + 2),7.15596,3522.61
Pusher/spreader surface-A axial resultant (contacts 1 + 2),7.158,3647.29
Pusher/spreader surface-A axial resultant (contacts 1 + 2),7.16997,5010.24032
Pusher/spreader surface-A axial resultant (contacts 1 + 2),7.17595,5375.705
Pusher/spreader surface-A axial resultant (contacts 1 + 2),7.18196,4737.400000000001
Pusher/spreader surface-A axial resultant (contacts 1 + 2),7.18795,4342.051
Pusher/spreader surface-A axial resultant (contacts 1 + 2),7.19592,7263.94
Pusher/spreader surface-A axial resultant (contacts 1 + 2),7.19997,7904.87
Pusher/spreader surface-A axial resultant (contacts 1 + 2),7.21,6368.889999999999
Pusher/spreader surface-A axial resultant (contacts 1 + 2),7.21393,6006.16
Pusher/spreader surface-A axial resultant (contacts 1 + 2),7.2219299999999995,6846.59
Pusher/spreader surface-A axial resultant (contacts 1 + 2),7.22399,6872.12
Pusher/spreader surface-A axial resultant (contacts 1 + 2),7.235939999999999,5938.66
Pusher/spreader surface-A axial resultant (contacts 1 + 2),7.23793,5809.42
Pusher/spreader surface-A axial resultant (contacts 1 + 2),7.24998,4293.3
Pusher/spreader surface-A axial resultant (contacts 1 + 2),7.25192,4101.35
Pusher/spreader surface-A axial resultant (contacts 1 + 2),7.26199,3953.9300000000003
Pusher/spreader surface-A axial resultant (contacts 1 + 2),7.2659400000000005,3881.1000000000004
Pusher/spreader surface-A axial resultant (contacts 1 + 2),7.27599,4412.71
Pusher/spreader surface-A axial resultant (contacts 1 + 2),7.28392,4672.19
Pusher/spreader surface-A axial resultant (contacts 1 + 2),7.28998,4415.74
Pusher/spreader surface-A axial resultant (contacts 1 + 2),7.29194,4196.04
Pusher/spreader surface-A axial resultant (contacts 1 + 2),7.30192,2519.293
Pusher/spreader surface-A axial resultant (contacts 1 + 2),7.30398,2136.5609999999997
Pusher/spreader surface-A axial resultant (contacts 1 + 2),7.31594,1053.657
Pusher/spreader surface-A axial resultant (contacts 1 + 2),7.31796,1066.594
Pusher/spreader surface-A axial resultant (contacts 1 + 2),7.32995,2114.662
Pusher/spreader surface-A axial resultant (contacts 1 + 2),7.33195,2472.39
Pusher/spreader surface-A axial resultant (contacts 1 + 2),7.342,5452.46
Pusher/spreader surface-A axial resultant (contacts 1 + 2),7.34395,6461.68
Pusher/spreader surface-A axial resultant (contacts 1 + 2),7.35392,9139.68
Pusher/spreader surface-A axial resultant (contacts 1 + 2),7.35799,8741.21
Pusher/spreader surface-A axial resultant (contacts 1 + 2),7.36996,6845.799999999999
Pusher/spreader surface-A axial resultant (contacts 1 + 2),7.37193,6481.23
Pusher/spreader surface-A axial resultant (contacts 1 + 2),7.38199,5279.84
Pusher/spreader surface-A axial resultant (contacts 1 + 2),7.38394,5244.5599999999995
Pusher/spreader surface-A axial resultant (contacts 1 + 2),7.39593,5412.73
Pusher/spreader surface-A axial resultant (contacts 1 + 2),7.39997,5464.23
Pusher/spreader surface-A axial resultant (contacts 1 + 2),7.40996,5229.88
Pusher/spreader surface-A axial resultant (contacts 1 + 2),7.41195,5074.18
Pusher/spreader surface-A axial resultant (contacts 1 + 2),7.42195,4238.32
Pusher/spreader surface-A axial resultant (contacts 1 + 2),7.42392,4241.139999999999
Pusher/spreader surface-A axial resultant (contacts 1 + 2),7.43593,7466.870000000001
Pusher/spreader surface-A axial resultant (contacts 1 + 2),7.43799,8383.39
Pusher/spreader surface-A axial resultant (contacts 1 + 2),7.44795,10201.76
Pusher/spreader surface-A axial resultant (contacts 1 + 2),7.45193,10084.46
Pusher/spreader surface-A axial resultant (contacts 1 + 2),7.461930000000001,7843.33
Pusher/spreader surface-A axial resultant (contacts 1 + 2),7.46392,7194.74
Pusher/spreader surface-A axial resultant (contacts 1 + 2),7.476,5063.21
Pusher/spreader surface-A axial resultant (contacts 1 + 2),7.478000000000001,5091.22
Pusher/spreader surface-A axial resultant (contacts 1 + 2),7.4899700000000005,7795.37
Pusher/spreader surface-A axial resultant (contacts 1 + 2),7.49198,8534.73
Pusher/spreader surface-A axial resultant (contacts 1 + 2),7.49797,9735.73
Pusher/spreader surface-A axial resultant (contacts 1 + 2),7.50395,9351.58
Pusher/spreader surface-A axial resultant (contacts 1 + 2),7.515960000000001,8158.65
Pusher/spreader surface-A axial resultant (contacts 1 + 2),7.51794,7798.3099999999995
Pusher/spreader surface-A axial resultant (contacts 1 + 2),7.529929999999999,5743.84
Pusher/spreader surface-A axial resultant (contacts 1 + 2),7.53194,5665.25
Pusher/spreader surface-A axial resultant (contacts 1 + 2),7.543990000000001,3861.55
Pusher/spreader surface-A axial resultant (contacts 1 + 2),7.54992,3471.581
Pusher/spreader surface-A axial resultant (contacts 1 + 2),7.5559199999999995,4347.934
Pusher/spreader surface-A axial resultant (contacts 1 + 2),7.55796,4836.7
Pusher/spreader surface-A axial resultant (contacts 1 + 2),7.56993,7293.47
Pusher/spreader surface-A axial resultant (contacts 1 + 2),7.575959999999999,8616.02
Pusher/spreader surface-A axial resultant (contacts 1 + 2),7.58399,7689.65
Pusher/spreader surface-A axial resultant (contacts 1 + 2),7.58597,7415.299999999999
Pusher/spreader surface-A axial resultant (contacts 1 + 2),7.59596,5099.8099999999995
Pusher/spreader surface-A axial resultant (contacts 1 + 2),7.598,4468.469999999999
Pusher/spreader surface-A axial resultant (contacts 1 + 2),7.60999,2693.932
Pusher/spreader surface-A axial resultant (contacts 1 + 2),7.61198,2770.786
Pusher/spreader surface-A axial resultant (contacts 1 + 2),7.62397,3679.059
Pusher/spreader surface-A axial resultant (contacts 1 + 2),7.62592,3708.0460000000003
Pusher/spreader surface-A axial resultant (contacts 1 + 2),7.63592,3233.883
Pusher/spreader surface-A axial resultant (contacts 1 + 2),7.63797,2998.499
Pusher/spreader surface-A axial resultant (contacts 1 + 2),7.64997,1010.2280999999999
Pusher/spreader surface-A axial resultant (contacts 1 + 2),7.65193,834.2923
Pusher/spreader surface-A axial resultant (contacts 1 + 2),7.66394,296.29877180999995
Pusher/spreader surface-A axial resultant (contacts 1 + 2),7.665970000000001,214.1484406
Pusher/spreader surface-A axial resultant (contacts 1 + 2),7.67593,24.26005
Pusher/spreader surface-A axial resultant (contacts 1 + 2),7.68593,9.371830000000001
Pusher/spreader surface-A axial resultant (contacts 1 + 2),7.68994,37.1123
Pusher/spreader surface-A axial resultant (contacts 1 + 2),7.69598,84.72713
Pusher/spreader surface-A axial resultant (contacts 1 + 2),7.70392,38.3431
Pusher/spreader surface-A axial resultant (contacts 1 + 2),7.70599,40.6201
Pusher/spreader surface-A axial resultant (contacts 1 + 2),7.71599,117.8105
Pusher/spreader surface-A axial resultant (contacts 1 + 2),7.72597,84.74459999999999
Pusher/spreader surface-A axial resultant (contacts 1 + 2),7.72994,180.1144
Pusher/spreader surface-A axial resultant (contacts 1 + 2),7.731990000000001,273.95550000000003
Pusher/spreader surface-A axial resultant (contacts 1 + 2),7.7379299999999995,402.04999999999995
Pusher/spreader surface-A axial resultant (contacts 1 + 2),7.74798,357.948
Pusher/spreader surface-A axial resultant (contacts 1 + 2),7.75595,206.5417
Pusher/spreader surface-A axial resultant (contacts 1 + 2),7.757960000000001,149.4409
Pusher/spreader surface-A axial resultant (contacts 1 + 2),7.76996,0.0988301
Pusher/spreader surface-A axial resultant (contacts 1 + 2),7.7719499999999995,7.51544e-06
Pusher/spreader surface-A axial resultant (contacts 1 + 2),7.77393,0.0
Pusher/spreader surface-A axial resultant (contacts 1 + 2),7.7859799999999995,0.0
Pusher/spreader surface-A axial resultant (contacts 1 + 2),7.7959700000000005,110.209
Pusher/spreader surface-A axial resultant (contacts 1 + 2),7.79799,242.574
Pusher/spreader surface-A axial resultant (contacts 1 + 2),7.80993,773.1
Pusher/spreader surface-A axial resultant (contacts 1 + 2),7.811979999999999,1079.36
Pusher/spreader surface-A axial resultant (contacts 1 + 2),7.8219199999999995,1941.29
Pusher/spreader surface-A axial resultant (contacts 1 + 2),7.82596,1788.4
Pusher/spreader surface-A axial resultant (contacts 1 + 2),7.835959999999999,1200.02
Pusher/spreader surface-A axial resultant (contacts 1 + 2),7.83796,1141.64
Pusher/spreader surface-A axial resultant (contacts 1 + 2),7.84992,663.342
Pusher/spreader surface-A axial resultant (contacts 1 + 2),7.85796,446.089
Pusher/spreader surface-A axial resultant (contacts 1 + 2),7.863969999999999,747.457
Pusher/spreader surface-A axial resultant (contacts 1 + 2),7.8659300000000005,1058.26
Pusher/spreader surface-A axial resultant (contacts 1 + 2),7.87199,1739.33
Pusher/spreader surface-A axial resultant (contacts 1 + 2),7.8779200000000005,1720.24
Pusher/spreader surface-A axial resultant (contacts 1 + 2),7.88993,2613.3459000000003
Pusher/spreader surface-A axial resultant (contacts 1 + 2),7.895980000000001,3049.723
Pusher/spreader surface-A axial resultant (contacts 1 + 2),7.90395,2310.34
Pusher/spreader surface-A axial resultant (contacts 1 + 2),7.90997,1913.078
Pusher/spreader surface-A axial resultant (contacts 1 + 2),7.91596,2934.37
Pusher/spreader surface-A axial resultant (contacts 1 + 2),7.9179200000000005,3748.28
Pusher/spreader surface-A axial resultant (contacts 1 + 2),7.92992,10728.71
Pusher/spreader surface-A axial resultant (contacts 1 + 2),7.93199,11300.3
Pusher/spreader surface-A axial resultant (contacts 1 + 2),7.94393,14900.310000000001
Pusher/spreader surface-A axial resultant (contacts 1 + 2),7.94799,15786.880000000001
Pusher/spreader surface-A axial resultant (contacts 1 + 2),7.95597,14959.35
Pusher/spreader surface-A axial resultant (contacts 1 + 2),7.95793,14555.77
Pusher/spreader surface-A axial resultant (contacts 1 + 2),7.96995,9384.58
Pusher/spreader surface-A axial resultant (contacts 1 + 2),7.97199,8282.32
Pusher/spreader surface-A axial resultant (contacts 1 + 2),7.9839400000000005,4829.38
Pusher/spreader surface-A axial resultant (contacts 1 + 2),7.985930000000001,4651.1900000000005
Pusher/spreader surface-A axial resultant (contacts 1 + 2),7.99795,3331.6
Pusher/spreader surface-A axial resultant (contacts 1 + 2),7.99998,2978.45
