time_s,part_id,inten,kinen,eroded_ie,eroded_ke,x-mom,y-mom,z-mom,x-rbv,y-rbv,z-rbv,hgeng,added_mass_kg,eroded_he,elements
0.0,-1,0.0,-1.0516e-12,0.0,0.0,,,,,,,,,,
0.0,0,0.0,202.01,0.0,0.0,,,,,,,,,,
0.0,1,0.0,519.57,0.0,0.0,0.0,0.0,-20.783,0.0,0.0,-50.0,0.0,0.0033188,0.0,
0.0,2,0.0,90.155,0.0,0.0,0.0,0.0,-3.6062,0.0,0.0,-50.0,0.0,0.00011894,0.0,
0.0,21,0.0,0.0,0.0,0.0,0.0,0.0,0.0,0.0,0.0,0.0,0.0,0.0,0.0,
0.0,41,0.0,0.0,0.0,0.0,0.0,0.0,0.0,0.0,0.0,0.0,0.0,0.0,0.0,
0.0,22,0.0,0.0,0.0,0.0,0.0,0.0,0.0,0.0,0.0,0.0,0.0,0.0,0.0,
0.0,42,0.0,0.0,0.0,0.0,0.0,0.0,0.0,0.0,0.0,0.0,0.0,0.0,0.0,0.0001496
1.98e-06,-1,0.0,-1.0516e-12,0.0,0.0,,,,,,,,,,
1.98e-06,0,0.0,202.01,0.0,0.0,,,,,,,,,,
1.98e-06,1,1.5452e-62,519.57,0.0,0.0,1.2504e-34,-1.235e-33,-20.783,3.0082e-34,-2.9712e-33,-50.0,0.0,0.0033188,0.0,
1.98e-06,2,9.14e-62,90.155,0.0,0.0,-2.1808e-34,1.2458e-33,-3.6062,-3.0237e-33,1.7272e-32,-50.0,0.0,0.00011894,0.0,
1.98e-06,21,0.0,6.364e-94,0.0,0.0,0.0,0.0,1.315e-47,0.0,0.0,9.6787e-47,0.0,0.0,0.0,
1.98e-06,41,4.2419e-91,2.5182e-90,0.0,0.0,3.8457e-64,7.2404e-64,-1.315e-47,5.5246e-63,1.0401e-62,-1.8892e-46,0.0,0.0,0.0,
1.98e-06,22,0.0,2.5645e-93,0.0,0.0,0.0,0.0,2.6398e-47,0.0,0.0,1.9429e-46,0.0,0.0,0.0,
1.98e-06,42,1.9144e-90,1.1451e-89,0.0,0.0,-7.9763e-64,-1.8326e-63,-2.6398e-47,-1.1458e-62,-2.6327e-62,-3.7923e-46,0.0,0.0,0.0,0.0001496
3.96e-06,-1,0.0,-1.0516e-12,0.0,0.0,,,,,,,,,,
3.96e-06,0,0.0,202.01,0.0,0.0,,,,,,,,,,
3.96e-06,1,0.21199,516.99,0.0,0.0,-1.8971e-06,9.8421e-07,-20.723,-4.5642e-06,2.3678e-06,-49.855,0.0,0.0033188,0.0,
3.96e-06,2,1.0783e-36,90.155,0.0,0.0,1.187e-21,3.4724e-20,-3.6062,1.6458e-20,4.8145e-19,-50.0,0.0,0.00011894,0.0,
3.96e-06,21,0.0,0.0033444,0.0,0.0,0.0,0.0,-0.030146,0.0,0.0,-0.22188,0.0,0.0,0.0,
3.96e-06,41,1.0746e-13,8.63e-12,0.0,0.0,-2.1457e-28,-4.2914e-28,-1.6974e-07,-3.0824e-27,-6.1649e-27,-2.4384e-06,0.0,0.0,0.0,
3.96e-06,22,0.0,0.0033402,0.0,0.0,0.0,0.0,-0.030128,0.0,0.0,-0.22174,0.0,0.0,0.0,
3.96e-06,42,1.0737e-13,8.6217e-12,0.0,0.0,7.5731e-29,-4.1021e-28,-1.6966e-07,1.0879e-27,-5.8929e-27,-2.4372e-06,0.0,0.0,0.0,0.0001496
5.94e-06,-1,0.0,-1.0516e-12,0.0,0.0,,,,,,,,,,
5.94e-06,0,0.0,202.01,0.0,0.0,,,,,,,,,,
5.94e-06,1,5.0031,508.59,0.0,0.0,-8.6475e-05,2.3241e-05,-20.457,-0.00020804,5.5913e-05,-49.216,0.0,0.0033188,0.0,
5.94e-06,2,7.5178e-25,90.155,0.0,0.0,-1.2908e-15,2.1587e-14,-3.6062,-1.7897e-14,2.9931e-13,-50.0,0.0,0.00011894,0.0,
5.94e-06,21,0.0,0.097801,0.0,0.0,0.0,0.0,-0.16302,0.0,0.0,-1.1998,0.0,0.0,0.0,
5.94e-06,41,3.3422e-08,1.4434e-06,0.0,0.0,-1.9387e-25,-1.2925e-26,-7.0102e-05,-2.7851e-24,-1.8567e-25,-0.0010071,0.0,0.0,0.0,
5.94e-06,22,0.0,0.097548,0.0,0.0,0.0,0.0,-0.16281,0.0,0.0,-1.1983,0.0,0.0,0.0,
5.94e-06,42,3.3292e-08,1.4376e-06,0.0,0.0,-1.4217e-25,2.3264e-25,-6.996e-05,-2.0424e-24,3.3421e-24,-0.001005,0.0,0.0,0.0,0.0001496
7.9199e-06,-1,0.0,-9.6634e-13,0.0,0.0,,,,,,,,,,
7.9199e-06,0,0.0,202.01,0.0,0.0,,,,,,,,,,
7.9199e-06,1,12.451,499.42,0.0,0.0,2.9479e-05,-3.7323e-05,-20.116,7.092e-05,-8.9794e-05,-48.396,0.0,0.0033188,0.0,
7.9199e-06,2,1.3626e-18,90.155,0.0,0.0,-2.4669e-12,2.4803e-11,-3.6062,-3.4203e-11,3.4389e-10,-50.0,0.0,0.00011894,0.0,
7.9199e-06,21,0.0,0.40609,0.0,0.0,0.0,0.0,-0.33219,0.0,0.0,-2.4449,0.0,0.0,0.0,
7.9199e-06,41,1.8398e-05,0.00048249,0.0,0.0,-1.4476e-23,-9.5126e-24,-0.0012987,-2.0795e-22,-1.3665e-22,-0.018657,0.0,0.0,0.0,
7.9199e-06,22,0.0,0.40501,0.0,0.0,0.0,0.0,-0.33175,0.0,0.0,-2.4417,0.0,0.0,0.0,
7.9199e-06,42,1.8306e-05,0.00048,0.0,0.0,5.7903e-24,-2.4815e-24,-0.0012954,8.3181e-23,-3.5649e-23,-0.018609,0.0,0.0,0.0,0.0001496
9.8977e-06,-1,0.0,-1.0516e-12,0.0,0.0,,,,,,,,,,
9.8977e-06,0,0.0,202.01,0.0,0.0,,,,,,,,,,
9.8977e-06,1,20.041,490.72,0.0,0.0,0.00011218,0.00013762,-19.764,0.00026988,0.0003311,-47.55,0.0,0.0033188,0.0,
9.8977e-06,2,2.1205e-14,90.155,0.0,0.0,-3.3987e-10,2.7976e-09,-3.6062,-4.7123e-09,3.8788e-08,-50.0,0.0,0.00011894,0.0,
9.8977e-06,21,0.0,0.93062,0.0,0.0,0.0,0.0,-0.50288,0.0,0.0,-3.7012,0.0,0.0,0.0,
9.8977e-06,41,0.00065339,0.010024,0.0,0.0,-2.647e-23,-1.0588e-22,-0.0060456,-3.8026e-22,-1.521e-21,-0.08685,0.0,0.0,0.0,
9.8977e-06,22,0.0,0.93322,0.0,0.0,0.0,0.0,-0.50358,0.0,0.0,-3.7063,0.0,0.0,0.0,
9.8977e-06,42,0.00065109,0.010002,0.0,0.0,-7.9409e-23,5.294e-23,-0.0060386,-1.1408e-21,7.6051e-22,-0.086749,0.0,0.0,0.0,0.0001496
1.1865e-05,-1,0.0,-7.6739e-13,0.0,0.0,,,,,,,,,,
1.1865e-05,0,0.0,202.01,0.0,0.0,,,,,,,,,,
1.1865e-05,1,27.307,482.25,0.0,0.0,0.00034584,4.9118e-05,-19.431,0.00083203,0.00011817,-46.748,0.0,0.0033188,0.0,
1.1865e-05,2,2.1709e-11,90.155,0.0,0.0,-1.0962e-08,8.3598e-08,-3.6062,-1.5199e-07,1.1591e-06,-50.0,0.0,0.00011894,0.0,
1.1865e-05,21,0.0,1.6273,0.0,0.0,0.0,0.0,-0.66498,0.0,0.0,-4.8942,0.0,0.0,0.0,
1.1865e-05,41,0.004198,0.033079,0.0,0.0,-1.3897e-22,4.6322e-23,-0.011412,-1.9963e-21,6.6545e-22,-0.16394,0.0,0.0,0.0,
1.1865e-05,22,0.0,1.6252,0.0,0.0,0.0,0.0,-0.66455,0.0,0.0,-4.891,0.0,0.0,0.0,
1.1865e-05,42,0.0041974,0.033127,0.0,0.0,-3.5072e-22,3.1102e-22,-0.011419,-5.0384e-21,4.468e-21,-0.16404,0.0,0.0,0.0,0.0001496
1.398e-05,-1,0.0,-9.6634e-13,0.0,0.0,,,,,,,,,,
1.398e-05,0,0.0,202.0,0.0,0.0,,,,,,,,,,
1.398e-05,1,34.465,473.5,0.0,0.0,0.00032538,-0.0001498,-19.093,0.00078281,-0.00036039,-45.935,0.0,0.0033188,0.0,
1.398e-05,2,5.3461e-09,90.155,0.0,0.0,-1.5762e-07,1.2509e-06,-3.6062,-2.1854e-06,1.7344e-05,-50.0,0.0,0.00011894,0.0,
1.398e-05,21,0.0,2.5504,0.0,0.0,0.0,0.0,-0.83249,0.0,0.0,-6.1271,0.0,0.0,0.0,
1.398e-05,41,0.010751,0.041095,0.0,0.0,-2.647e-23,-1.125e-22,-0.01357,-3.8026e-22,-1.6161e-21,-0.19494,0.0,0.0,0.0,
1.398e-05,22,0.0,2.5535,0.0,0.0,0.0,0.0,-0.833,0.0,0.0,-6.1308,0.0,0.0,0.0,
1.398e-05,42,0.010759,0.041138,0.0,0.0,-2.1176e-22,2.1838e-22,-0.013576,-3.0421e-21,3.1371e-21,-0.19503,0.0,0.0,0.0,0.0001496
1.5885e-05,-1,0.0,-4.8317e-13,0.0,0.0,,,,,,,,,,
1.5885e-05,0,0.0,201.94,0.0,0.0,,,,,,,,,,
1.5885e-05,1,39.612,466.74,0.0,0.0,0.00040463,-7.6125e-06,-18.812,0.00097346,-1.8314e-05,-45.258,0.0,0.0033188,0.0,
1.5885e-05,2,2.2109e-07,90.155,0.0,0.0,-8.5309e-07,7.9173e-06,-3.6062,-1.1828e-05,0.00010977,-50.0,0.0,0.00011894,0.0,
1.5885e-05,21,0.0,3.5023,0.0,0.0,0.0,0.0,-0.97556,0.0,0.0,-7.1801,0.0,0.0,0.0,
1.5885e-05,41,0.016608,0.039005,0.0,0.0,-1.8529e-22,3.9705e-23,-0.01412,-2.6618e-21,5.7039e-22,-0.20284,0.0,0.0,0.0,
1.5885e-05,22,0.0,3.5012,0.0,0.0,0.0,0.0,-0.97541,0.0,0.0,-7.179,0.0,0.0,0.0,
1.5885e-05,42,0.016622,0.039027,0.0,0.0,-1.8529e-22,-5.294e-23,-0.014123,-2.6618e-21,-7.6051e-22,-0.20289,0.0,0.0,0.0,0.0001496
1.7945e-05,-1,0.0,-5.9686e-13,0.0,0.0,,,,,,,,,,
1.7945e-05,0,0.0,201.62,0.0,0.0,,,,,,,,,,
1.7945e-05,1,44.119,460.37,0.0,0.0,0.00090271,0.00014885,-18.526,0.0021718,0.00035812,-44.57,0.0,0.0033188,0.0,
1.7945e-05,2,4.6146e-06,90.154,0.0,0.0,-2.8911e-06,3.694e-05,-3.6062,-4.0085e-05,0.00051218,-50.0,0.0,0.00011894,0.0,
1.7945e-05,21,0.0,4.6473,0.0,0.0,0.0,0.0,-1.1238,0.0,0.0,-8.2709,0.0,0.0,0.0,
1.7945e-05,41,0.022558,0.041413,0.0,0.0,-8.6027e-23,2.8455e-22,-0.015356,-1.2358e-21,4.0878e-21,-0.2206,0.0,0.0,0.0,
1.7945e-05,22,0.0,4.646,0.0,0.0,0.0,0.0,-1.1236,0.0,0.0,-8.2698,0.0,0.0,0.0,
1.7945e-05,42,0.022572,0.041382,0.0,0.0,-9.2644e-23,7.2792e-23,-0.015352,-1.3309e-21,1.0457e-21,-0.22054,0.0,0.0,0.0,0.0001496
1.9978e-05,-1,0.0,-4.2633e-13,0.0,0.0,,,,,,,,,,
1.9978e-05,0,0.0,200.67,0.0,0.0,,,,,,,,,,
1.9978e-05,1,48.79,454.4,0.0,0.0,0.001748,0.00023387,-18.269,0.0042053,0.00056265,-43.952,0.0,0.0033188,0.0,
1.9978e-05,2,4.2159e-05,90.153,0.0,0.0,-5.5905e-06,0.00011911,-3.6062,-7.7513e-05,0.0016514,-50.0,0.0,0.00011894,0.0,
1.9978e-05,21,0.0,5.8666,0.0,0.0,0.0,0.0,-1.2626,0.0,0.0,-9.2927,0.0,0.0,0.0,
1.9978e-05,41,0.030154,0.06641,0.0,0.0,1.3235e-23,6.2866e-23,-0.019525,1.9013e-22,9.0311e-22,-0.28049,0.0,0.0,0.0,
1.9978e-05,22,0.0,5.8702,0.0,0.0,0.0,0.0,-1.263,0.0,0.0,-9.2956,0.0,0.0,0.0,
1.9978e-05,42,0.030156,0.066312,0.0,0.0,-7.9409e-23,1.4558e-22,-0.019513,-1.1408e-21,2.0914e-21,-0.28032,0.0,0.0,0.0,0.0001496
2.189e-05,-1,0.0,-1.9895e-13,0.0,0.0,,,,,,,,,,
2.189e-05,0,0.0,199.02,0.0,0.0,,,,,,,,,,
2.189e-05,1,53.285,449.2,0.0,0.0,0.0027249,0.00016579,-18.057,0.0065557,0.00039886,-43.441,0.0,0.0033188,0.0,
2.189e-05,2,0.00019258,90.152,0.0,0.0,-5.8911e-06,0.00028096,-3.6061,-8.1681e-05,0.0038955,-49.999,0.0,0.00011894,0.0,
2.189e-05,21,0.0,7.0968,0.0,0.0,0.0,0.0,-1.3887,0.0,0.0,-10.221,0.0,0.0,0.0,
2.189e-05,41,0.042507,0.10897,0.0,0.0,3.3087e-23,-1.8198e-22,-0.024998,4.7532e-22,-2.6143e-21,-0.35911,0.0,0.0,0.0,
2.189e-05,22,0.0,7.1015,0.0,0.0,0.0,0.0,-1.3892,0.0,0.0,-10.224,0.0,0.0,0.0,
2.189e-05,42,0.042504,0.10904,0.0,0.0,6.6174e-24,1.9191e-22,-0.025004,9.5064e-23,2.7569e-21,-0.3592,0.0,0.0,0.0,0.0001496
2.3882e-05,-1,0.0,-6.2528e-13,0.0,0.0,,,,,,,,,,
2.3882e-05,0,0.0,196.64,0.0,0.0,,,,,,,,,,
2.3882e-05,1,58.033,444.34,0.0,0.0,0.0039071,-0.00033252,-17.869,0.0093998,-0.00079999,-42.99,0.0,0.0033188,0.0,
2.3882e-05,2,0.00059613,90.152,0.0,0.0,-9.1705e-07,0.0005634,-3.6061,-1.2715e-05,0.0078116,-49.999,0.0,0.00011894,0.0,
2.3882e-05,21,0.0,8.4668,0.0,0.0,0.0,0.0,-1.5168,0.0,0.0,-11.164,0.0,0.0,0.0,
2.3882e-05,41,0.059976,0.12889,0.0,0.0,2.2499e-22,1.7867e-22,-0.028196,3.2322e-21,2.5667e-21,-0.40506,0.0,0.0,0.0,
2.3882e-05,22,0.0,8.4755,0.0,0.0,0.0,0.0,-1.5176,0.0,0.0,-11.17,0.0,0.0,0.0,
2.3882e-05,42,0.060001,0.12913,0.0,0.0,-1.3235e-23,2.1176e-22,-0.028216,-1.9013e-22,3.0421e-21,-0.40535,0.0,0.0,0.0,0.0001496
