time_s,all_spc_force_z_N,guide_spc_force_z_N,guide_records
9e-08,0.0,0.0,0
2.07e-06,4.729196700000001e-95,0.0,0
4.05e-06,1.0353564000000005e-66,0.0,0
6.03e-06,1.4585874000000006e-50,0.0,0
8.01e-06,3.601218000000002e-44,0.0,0
1.008e-05,7.470485999999998e-40,0.0,0
1.20595e-05,8.213382000000008e-37,0.0,0
1.40371e-05,2.10077e-34,0.0,0
1.60104e-05,2.013745199999998e-32,0.0,0
1.80681e-05,1.1205446000000009e-30,0.0,0
2.00369e-05,3.075950799999994e-29,0.0,0
2.20164e-05,5.709573200000003e-28,0.0,0
2.40864e-05,8.530499999999998e-27,0.0,0
2.60664e-05,8.619181999999997e-26,0.0,0
2.80464e-05,6.9771099999999975e-25,0.0,0
3.00264e-05,4.6861635999999995e-24,0.0,0
3.20059e-05,2.6842514000000007e-23,0.0,0
3.4073e-05,1.4363753999999993e-22,0.0,0
3.60521e-05,6.344843599999998e-22,0.0,0
3.8032e-05,2.530906600000001e-21,0.0,0
4.00118e-05,9.223214e-21,0.0,0
4.20811e-05,3.2724043999999987e-20,0.0,0
4.40583e-05,1.0208579999999994e-19,0.0,0
4.60348e-05,2.988594999999998e-19,0.0,0
4.80082e-05,8.25342400000001e-19,0.0,0
5.00662e-05,2.2547740000000017e-18,0.0,0
5.20284e-05,5.609376400000001e-18,0.0,0
5.40725e-05,1.386832e-17,0.0,0
5.60208e-05,3.162616000000001e-17,0.0,0
5.80519e-05,7.200643999999995e-17,0.0,0
6.00789e-05,1.5816457999999993e-16,0.0,0
6.20158e-05,3.2573311999999985e-16,0.0,0
6.4058e-05,6.775791999999994e-16,0.0,0
6.6037e-05,1.342526000000001e-15,0.0,0
6.80173e-05,2.5982100000000032e-15,0.0,0
7.0001e-05,4.922435199999999e-15,0.0,0
7.20606e-05,9.349376000000006e-15,0.0,0
7.40239e-05,1.6896797999999986e-14,0.0,0
7.60721e-05,3.0733085999999986e-14,0.0,0
7.80283e-05,5.349282799999997e-14,0.0,0
8.00722e-05,9.38590199999999e-14,0.0,0
8.20236e-05,1.5815171999999988e-13,0.0,0
8.40585e-05,2.6848065999999994e-13,0.0,0
8.6087e-05,4.485764400000002e-13,0.0,0
8.80213e-05,7.226726000000001e-13,0.0,0
9.00381e-05,1.1737025999999992e-12,0.0,0
9.20516e-05,1.882218599999998e-12,0.0,0
9.40043e-05,2.9428042000000007e-12,0.0,0
9.60471e-05,4.646732400000001e-12,0.0,0
9.80867e-05,7.254222000000003e-12,0.0,0
0.000100039,1.1009000000000004e-11,0.0,0
0.00010208,1.687098400000001e-11,0.0,0
0.000104034,2.516915000000002e-11,0.0,0
0.000106077,3.7908280000000017e-11,0.0,0
0.000108033,5.565937200000003e-11,0.0,0
0.00011008,8.253501999999992e-11,0.0,0
0.000112032,1.1939297999999964e-10,0.0,0
0.00011407,1.7431528000000014e-10,0.0,0
0.000116016,2.484993999999999e-10,0.0,0
0.00011805,3.574214400000003e-10,0.0,0
0.000120082,5.1048392e-10,0.0,0
0.000122023,7.132902000000004e-10,0.0,0
0.000124059,1.009724199999999e-09,0.0,0
0.000126011,1.4007926000000011e-09,0.0,0
0.000128053,1.9587979999999997e-09,0.0,0
0.000130032,2.695556000000002e-09,0.0,0
0.000132008,3.6895756000000044e-09,0.0,0
0.000134058,5.084159600000001e-09,0.0,0
0.000136015,6.8720400000000056e-09,0.0,0
0.000138061,9.372815999999992e-09,0.0,0
0.000140027,1.2573790000000005e-08,0.0,0
0.000142089,1.703772399999997e-08,0.0,0
0.000144064,2.269681e-08,0.0,0
0.000146038,3.0120048000000016e-08,0.0,0
0.000148,3.9752868000000016e-08,0.0,0
0.000150048,5.290636e-08,0.0,0
0.000152002,6.925629999999997e-08,0.0,0
0.000154052,9.15368000000001e-08,0.0,0
0.00015601,1.190772000000001e-07,0.0,0
0.000158053,1.5616550000000012e-07,0.0,0
0.000160005,2.0171990000000004e-07,0.0,0
0.000162044,2.6276030000000014e-07,0.0,0
0.000164084,3.412295600000002e-07,0.0,0
0.000166046,4.374986000000003e-07,0.0,0
0.000168015,5.59861000000001e-07,0.0,0
0.000170068,7.219840000000002e-07,0.0,0
0.000172023,9.174469999999992e-07,0.0,0
0.000174063,1.1748428e-06,0.0,0
0.000176018,1.4856150000000002e-06,0.0,0
0.000178058,1.8935481999999984e-06,0.0,0
0.000180008,2.3819424000000026e-06,0.0,0
0.000182046,3.0203252e-06,0.0,0
0.000184,3.783701200000001e-06,0.0,0
0.000186045,4.7790568000000005e-06,0.0,0
0.000188086,6.020377999999994e-06,0.0,0
0.000190041,7.497827999999994e-06,0.0,0
0.000192006,9.333826000000003e-06,0.0,0
0.000194047,1.1700291999999999e-05,0.0,0
0.000196088,1.4642562000000024e-05,0.0,0
0.000198041,1.811488599999998e-05,0.0,0
0.000200088,2.2603013999999992e-05,0.0,0
0.000202049,2.7903302000000017e-05,0.0,0
0.000204011,3.4415791999999995e-05,0.0,0
0.000206064,4.2807020000000014e-05,0.0,0
0.000208027,5.2640539999999974e-05,0.0,0
0.000210077,6.511522000000005e-05,0.0,0
0.000212037,7.941356000000005e-05,0.0,0
0.000214084,9.711023999999993e-05,0.0,0
0.000216042,0.00011695287999999997,0.0,0
0.000218003,0.00014001426000000015,0.0,0
0.000220051,0.00016797972,0.0,0
0.000222011,0.00019895690000000017,0.0,0
0.00022406,0.00023640795999999974,0.0,0
0.000226017,0.00027774922000000046,0.0,0
0.000228074,0.0003279388799999999,0.0,0
0.000230089,0.0003847771199999996,0.0,0
0.000232071,0.00044923736000000025,0.0,0
0.000234051,0.00052325772,0.0,0
0.000236027,0.0006080365999999999,0.0,0
0.000238003,0.0007052867999999999,0.0,0
0.000240065,0.0008218130000000002,0.0,0
0.000242031,0.0009491837999999991,0.0,0
0.000244084,0.001101379999999999,0.0,0
0.000246048,0.0012677731999999995,0.0,0
0.000248014,0.0014572284000000013,0.0,0
0.000250075,0.001683748000000001,0.0,0
0.000252043,0.0019300643999999988,0.0,0
0.000254011,0.002209052599999999,0.0,0
0.000256066,0.0025398958000000032,0.0,0
0.000258039,0.002899947200000002,0.0,0
0.000260014,0.0033071460000000004,0.0,0
0.000262076,0.0037880463999999977,0.0,0
0.000264043,0.0043061828,0.0,0
0.000266007,0.004887713600000002,0.0,0
0.000268054,0.005570445199999995,0.0,0
0.000270011,0.006304143599999999,0.0,0
0.000272071,0.007171698000000005,0.0,0
0.000274042,0.008103648,0.0,0
0.000276011,0.009144374000000009,0.0,0
0.000278064,0.010359548000000001,0.0,0
0.000280025,0.01165716800000001,0.0,0
0.000282074,0.013171717999999989,0.0,0
0.000284032,0.014784714000000008,0.0,0
0.000286079,0.01666402200000003,0.0,0
0.000288052,0.018679634000000007,0.0,0
0.000290018,0.020909953999999994,0.0,0
0.000292068,0.023491820000000007,0.0,0
0.000294024,0.026224594000000025,0.0,0
0.00029607,0.029392360000000072,0.0,0
0.000298026,0.03274411599999994,0.0,0
0.000300071,0.03661809999999995,0.0,0
0.000302026,0.040711144000000046,0.0,0
0.000304074,0.04544053600000002,0.0,0
0.000306028,0.05041744799999991,0.0,0
0.000308079,0.05617208000000004,0.0,0
0.000310032,0.062202092000000035,0.0,0
0.000312066,0.06910643999999998,0.0,0
0.000314027,0.07641358,0.0,0
0.000316082,0.08481946,0.0,0
0.000318047,0.09364176,0.0,0
0.000320015,0.10329853999999986,0.0,0
0.000322072,0.1143581799999999,0.0,0
0.000324033,0.12589548000000012,0.0,0
0.000326079,0.13904590000000008,0.0,0
0.000328035,0.15276574000000012,0.0,0
0.000330078,0.16840705999999994,0.0,0
0.000332046,0.18482078,0.0,0
0.000334015,0.20268589999999964,0.0,0
0.000336067,0.22296137999999982,0.0,0
0.000338028,0.2440254000000008,0.0,0
0.000340077,0.2679463000000008,0.0,0
0.00034205,0.29295991999999993,0.0,0
0.000344023,0.3200660000000012,0.0,0
0.000346072,0.35060159999999985,0.0,0
0.000348026,0.3821321200000006,0.0,0
0.000350079,0.4179876799999988,0.0,0
0.000352046,0.4551627999999995,0.0,0
0.000354007,0.4951512400000006,0.0,0
0.000356048,0.5401164799999993,0.0,0
0.00035808,0.5884885199999995,0.0,0
0.000360015,0.6381349200000006,0.0,0
0.000362031,0.6938328000000007,0.0,0
0.000364044,0.7537407999999994,0.0,0
0.000366074,0.8187900000000008,0.0,0
0.000368041,0.8865826000000002,0.0,0
0.000370003,0.9592071999999985,0.0,0
0.00037202,1.0393202000000001,0.0,0
0.000374036,1.1253547999999975,0.0,0
0.000376053,1.2176757999999974,0.0,0
0.000378006,1.3134605999999995,0.0,0
0.000380047,1.4207372000000007,0.0,0
0.000382003,1.5307649999999995,0.0,0
0.000384054,1.6541629999999972,0.0,0
0.000386016,1.7805134000000022,0.0,0
0.000388066,1.9215181999999928,0.0,0
0.000390028,2.065676999999999,0.0,0
0.000392078,2.2265533999999985,0.0,0
0.000394039,2.390662999999998,0.0,0
0.000396089,2.5735486000000027,0.0,0
0.000398049,2.7599472000000045,0.0,0
0.000400009,2.958094600000004,0.0,0
0.000402059,3.178740000000004,0.0,0
0.000404024,3.4036388000000013,0.0,0
0.00040608,3.6539111999999867,0.0,0
0.000408045,3.908157199999996,0.0,0
0.000410009,4.1776948000000065,0.0,0
0.000412063,4.4768320000000035,0.0,0
0.000414028,4.780475199999998,0.0,0
0.000416084,5.117404800000004,0.0,0
0.000418052,5.459089999999994,0.0,0
0.000420035,5.8234767999999955,0.0,0
0.000422019,6.209125199999991,0.0,0
0.000424085,6.634325999999986,0.0,0
0.000426051,7.062145999999991,0.0,0
0.000428009,7.512167999999988,0.0,0
0.000430051,8.007596000000007,0.0,0
0.000432001,8.507235999999967,0.0,0
0.000434043,9.059068,0.0,0
0.000436009,9.619202000000001,0.0,0
0.000438061,10.235821999999985,0.0,0
0.000440022,10.856934000000011,0.0,0
0.000442072,11.540518000000018,0.0,0
0.000444031,12.228170000000002,0.0,0
0.000446076,12.983816000000019,0.0,0
0.000448041,13.746796,0.0,0
0.000450005,14.548066000000007,0.0,0
0.000452055,15.426728,0.0,0
0.000454014,16.308060000000005,0.0,0
0.000456069,17.279301999999966,0.0,0
0.000458043,18.258338000000013,0.0,0
0.000460015,19.283216000000024,0.0,0
0.000462066,20.400178000000007,0.0,0
0.000464026,21.519952000000053,0.0,0
0.000466074,22.744228000000003,0.0,0
0.000468031,23.968910000000044,0.0,0
0.000470077,25.309587999999977,0.0,0
0.000472036,26.65125399999992,0.0,0
0.000474085,28.119245999999958,0.0,0
0.000476045,29.58631200000004,0.0,0
0.000478004,31.116782000000057,0.0,0
0.000480055,32.78879999999993,0.0,0
0.000482022,34.464100000000016,0.0,0
0.000484075,36.287515999999954,0.0,0
0.000486032,38.101788000000056,0.0,0
0.000488076,40.07501599999996,0.0,0
0.000490054,42.066591999999936,0.0,0
0.000492027,44.133671999999954,0.0,0
0.000494079,46.373368000000106,0.0,0
0.000496038,48.59771599999996,0.0,0
0.000498002,50.917343999999815,0.0,0
0.000500052,53.43359600000016,0.0,0
0.000502012,55.93522800000002,0.0,0
0.000504088,58.69008800000005,0.0,0
0.000506069,61.421792,0.0,0
0.000508031,64.22908000000011,0.0,0
0.000510078,67.26912000000006,0.0,0
0.000512032,70.28021999999984,0.0,0
0.000514073,73.54109999999989,0.0,0
0.000516037,76.79395999999997,0.0,0
0.000518007,80.17397999999996,0.0,0
0.000520057,83.81901999999998,0.0,0
0.000522014,87.42153999999992,0.0,0
0.000524057,91.31612000000005,0.0,0
0.00052601,95.16681999999984,0.0,0
0.00052805,99.3286999999997,0.0,0
0.00053,103.44248000000017,0.0,0
0.000532038,107.88505999999973,0.0,0
0.000534074,112.47549999999987,0.0,0
0.00053602,117.00760000000037,0.0,0
0.000538054,121.89598000000018,0.0,0
0.000540086,126.94100000000027,0.0,0
0.000542029,131.91660000000007,0.0,0
0.000544059,137.28074,0.0,0
0.000546002,142.57123999999993,0.0,0
0.000548034,148.27394000000018,0.0,0
0.000550066,154.15584000000015,0.0,0
0.00055201,159.95006000000018,0.0,0
0.00055406,166.24642,0.0,0
0.000556024,172.44800000000026,0.0,0
0.000558074,179.11919999999998,0.0,0
0.000560041,185.69721999999973,0.0,0
0.000562016,192.49567999999937,0.0,0
0.000564083,199.80838000000017,0.0,0
0.000566063,207.01559999999918,0.0,0
0.000568025,214.34398000000039,0.0,0
0.000570077,222.21719999999965,0.0,0
0.000572049,229.99240000000023,0.0,0
0.000574027,237.99261999999953,0.0,0
0.000576011,246.22400000000016,0.0,0
0.000578084,255.05508000000046,0.0,0
0.000580066,263.71119999999917,0.0,0
0.00058204,272.55160000000046,0.0,0
0.000584013,281.6000000000007,0.0,0
0.000586079,291.30562000000043,0.0,0
0.000588049,300.80680000000024,0.0,0
0.00059001,310.46468000000004,0.0,0
0.000592068,320.84808000000055,0.0,0
0.000594042,331.05592,0.0,0
0.000596008,341.43999999999954,0.0,0
0.000598059,352.51803999999987,0.0,0
0.000600016,363.3340399999983,0.0,0
0.00060206,374.8739600000005,0.0,0
0.000604024,386.20795999999996,0.0,0
0.000606084,398.34815999999887,0.0,0
0.00060805,410.1821200000004,0.0,0
0.000610013,422.24611999999945,0.0,0
0.00061206,435.094000000002,0.0,0
0.000614018,447.6159999999984,0.0,0
0.000616063,460.9707200000014,0.0,0
0.00061802,473.9947199999989,0.0,0
0.000620066,487.88187999999997,0.0,0
0.000622031,501.4684000000004,0.0,0
0.000624005,515.3836800000007,0.0,0
0.00062607,530.2079599999992,0.0,0
0.000628046,544.6461200000005,0.0,0
0.000630012,559.2800400000009,0.0,0
0.000632064,574.8237199999993,0.0,0
0.000634023,589.9155600000003,0.0,0
0.000636066,605.9359600000013,0.0,0
0.000638016,621.4827200000012,0.0,0
0.000640063,638.0640000000005,0.0,0
0.000642022,654.201999999999,0.0,0
0.000644002,670.7678000000018,0.0,0
0.00064603,688.0092000000009,0.0,0
0.000648001,705.0176000000029,0.0,0
0.00065006,723.0618000000012,0.0,0
0.000652028,740.5673999999987,0.0,0
0.000654081,759.1077999999984,0.0,0
0.000656041,777.0606000000012,0.0,0
0.000658088,796.0862000000011,0.0,0
0.000660044,814.5062000000001,0.0,0
0.000662082,833.9583999999996,0.0,0
0.00066403,852.8048000000011,0.0,0
0.000666084,872.9392000000006,0.0,0
0.000668045,892.4086000000002,0.0,0
0.000670008,912.1465999999962,0.0,0
0.000672063,933.0529999999989,0.0,0
0.000674033,953.3538000000009,0.0,0
0.000676006,973.910199999999,0.0,0
0.000678069,995.6544000000016,0.0,0
0.000680042,1016.7036000000033,0.0,0
0.000682016,1037.9698000000017,0.0,0
0.000684078,1060.4427999999998,0.0,0
0.000686052,1082.1815999999985,0.0,0
0.000688034,1104.2238000000032,0.0,0
0.00069001,1126.4335999999985,0.0,0
0.000692074,1149.8482,0.0,0
0.000694045,1172.4333999999997,0.0,0
0.000696018,1195.2400000000011,0.0,0
0.000698001,1218.368000000003,0.0,0
0.00070006,1242.5996000000032,0.0,0
0.000702021,1265.876199999998,0.0,0
0.000704074,1290.4364000000005,0.0,0
0.000706036,1314.113399999998,0.0,0
0.000708001,1337.9973999999993,0.0,0
0.000710059,1363.2141999999983,0.0,0
0.000712035,1387.5943999999977,0.0,0
0.000714007,1412.1044000000002,0.0,0
0.000716053,1437.7003999999963,0.0,0
0.000718011,1462.3605999999954,0.0,0
0.000720061,1488.334200000005,0.0,0
0.000722025,1513.3783999999944,0.0,0
0.000724079,1539.7297999999964,0.0,0
0.000726038,1565.0034000000007,0.0,0
0.000728079,1591.464400000001,0.0,0
0.000730024,1616.805799999997,0.0,0
0.000732051,1643.3643999999983,0.0,0
0.000734073,1669.9356000000048,0.0,0
0.000736087,1696.6319999999957,0.0,0
0.000738009,1722.0880000000013,0.0,0
0.000740015,1748.8100000000031,0.0,0
0.000742019,1775.668199999996,0.0,0
0.000744024,1802.5558000000021,0.0,0
0.000746031,1829.588199999994,0.0,0
0.00074806,1856.9599999999998,0.0,0
0.000750033,1883.675200000006,0.0,0
0.000752005,1910.4079999999988,0.0,0
0.000754068,1938.4821999999972,0.0,0
0.000756042,1965.3644000000047,0.0,0
0.000758015,1992.3157999999992,0.0,0
0.000760075,2020.477400000007,0.0,0
0.000762045,2047.4329999999998,0.0,0
0.000764013,2074.3374000000053,0.0,0
0.000766062,2102.4718000000044,0.0,0
0.000768014,2129.193799999996,0.0,0
0.000770059,2157.197199999999,0.0,0
0.000772026,2184.0881999999992,0.0,0
0.000774082,2212.2359999999953,0.0,0
0.000776043,2238.964000000006,0.0,0
0.000778011,2265.7604000000015,0.0,0
0.000780078,2293.7985999999974,0.0,0
0.000782059,2320.4934000000053,0.0,0
0.000784034,2346.6502000000023,0.0,0
0.000786004,2372.2321999999967,0.0,0
0.000788062,2386.715799999999,0.0,0
0.000790028,2400.0717999999956,0.0,0
0.000792077,2413.9220000000005,0.0,0
0.000794016,2427.0232000000024,0.0,0
0.000796058,2440.7579999999975,0.0,0
0.000798046,2454.1559999999995,0.0,0
0.000800032,2467.443999999992,0.0,0
0.000802019,2480.7278000000024,0.0,0
0.000804075,2494.4802000000086,0.0,0
0.000806055,2507.6762000000017,0.0,0
0.000808032,2520.804600000002,0.0,0
0.000810006,2533.920000000001,0.0,0
0.000812062,2547.588000000002,0.0,0
0.000814035,2560.5720000000024,0.0,0
0.000816,2573.5583999999944,0.0,0
0.000818005,2586.803599999998,0.0,0
0.000820049,2600.2520000000018,0.0,0
0.00082201,2613.196399999999,0.0,0
0.000824042,2626.491999999993,0.0,0
0.000826039,2639.612,0.0,0
0.000828085,2653.0506000000046,0.0,0
0.000830057,2666.0002000000086,0.0,0
0.000832012,2678.8039999999987,0.0,0
0.000834055,2692.226999999996,0.0,0
0.000836019,2705.0401999999963,0.0,0
0.000838089,2718.6237999999926,0.0,0
0.000840062,2731.4481999999966,0.0,0
0.000842033,2744.387799999996,0.0,0
0.000844089,2757.8241999999977,0.0,0
0.000846056,2770.6398000000127,0.0,0
0.000848022,2783.4481999999975,0.0,0
0.000850075,2796.8813999999993,0.0,0
0.000852035,2809.6855999999952,0.0,0
0.000854076,2823.002200000003,0.0,0
0.000856045,2835.9160000000024,0.0,0
0.000858024,2848.8695999999964,0.0,0
0.000860086,2862.321800000001,0.0,0
0.000862035,2875.1096000000002,0.0,0
0.000864003,2887.931599999998,0.0,0
0.000866057,2901.3724000000097,0.0,0
0.000868019,2914.3083999999913,0.0,0
0.000870077,2927.7630000000045,0.0,0
0.000872042,2940.686999999992,0.0,0
0.000874007,2953.5319999999956,0.0,0
0.000876061,2967.043799999991,0.0,0
0.000878023,2979.9294000000114,0.0,0
0.000880072,2993.442399999992,0.0,0
0.000882009,3006.1709999999975,0.0,0
0.000884038,3019.5957999999932,0.0,0
0.000886078,3033.0402000000045,0.0,0
0.000888027,3045.9200000000105,0.0,0
0.000890066,3059.432199999996,0.0,0
0.000892024,3072.391800000005,0.0,0
0.000894079,3085.994600000012,0.0,0
0.000896019,3098.8719999999926,0.0,0
0.000898064,3112.404000000004,0.0,0
0.00090003,3125.5016,0.0,0
0.000902088,3139.191999999999,0.0,0
0.000904055,3152.3120000000044,0.0,0
0.000906022,3165.4282000000067,0.0,0
0.000908073,3179.0521999999996,0.0,0
0.000910025,3192.1509999999944,0.0,0
0.000912072,3205.7767999999974,0.0,0
0.000914027,3218.880399999991,0.0,0
0.00091601,3232.1983999999957,0.0,0
0.000918016,3245.6387999999856,0.0,0
0.00092007,3259.499199999989,0.0,0
0.000922047,3272.761599999999,0.0,0
0.000924007,3285.9584000000114,0.0,0
0.000926055,3299.7184000000047,0.0,0
0.000928014,3312.9599999999996,0.0,0
0.000930065,3326.720799999991,0.0,0
0.000932029,3340.038399999995,0.0,0
0.000934073,3353.919199999997,0.0,0
0.000936022,3367.0399999999936,0.0,0
0.00093805,3380.7995999999976,0.0,0
0.000940026,3392.4800000000064,0.0,0
0.000942003,3396.9607999999994,0.0,0
0.000944066,3401.7600000000057,0.0,0
0.000946034,3406.239999999998,0.0,0
0.000948002,3410.7204000000133,0.0,0
0.000950046,3415.3988000000104,0.0,0
0.000952057,3420.0000000000136,0.0,0
0.000954079,3424.6012000000173,0.0,0
0.000956041,3428.960799999985,0.0,0
0.000958003,3433.440000000004,0.0,0
0.000960029,3438.041200000006,0.0,0
0.000962043,3442.521599999989,0.0,0
0.000964014,3446.940799999989,0.0,0
0.000966077,3451.5583999999885,0.0,0
0.000968063,3456.0384000000017,0.0,0
0.000970034,3460.3208000000036,0.0,0
0.000972083,3464.921600000005,0.0,0
0.000974067,3469.2808000000123,0.0,0
0.000976039,3473.759200000008,0.0,0
0.000978008,3478.0416000000055,0.0,0
0.000980062,3482.5983999999953,0.0,0
0.000982024,3486.8799999999896,0.0,0
0.000984068,3491.360000000008,0.0,0
0.000986032,3495.641600000006,0.0,0
0.000988078,3500.1215999999995,0.0,0
0.000990029,3504.358399999998,0.0,0
0.000992054,3508.7616000000066,0.0,0
0.000994014,3512.99839999999,0.0,0
0.000996076,3517.4784,0.0,0
0.000998048,3521.7600000000066,0.0,0
0.00100002,3525.9207999999976,0.0,0
0.00100207,3530.3999999999874,0.0,0
0.00100403,3534.5608000000007,0.0,0
0.00100608,3539.039999999991,0.0,0
0.00100805,3543.2000000000044,0.0,0
0.00101001,3547.360799999997,0.0,0
0.00101205,3551.8391999999885,0.0,0
0.00101403,3556.0000000000023,0.0,0
0.00101609,3560.3584000000037,0.0,0
0.00101805,3564.518399999997,0.0,0
0.00102,3568.67839999999,0.0,0
0.00102205,3572.9607999999967,0.0,0
0.00102401,3577.120000000014,0.0,0
0.00102605,3581.47840000002,0.0,0
0.00102806,3585.759199999994,0.0,0
0.00103002,3589.8592000000062,0.0,0
0.00103208,3594.1408000000056,0.0,0
0.00103403,3598.2399999999857,0.0,0
0.00103606,3602.521599999988,0.0,0
0.00103801,3606.560799999999,0.0,0
0.00104004,3610.8415999999997,0.0,0
0.00104208,3615.138799999995,0.0,0
0.00104402,3619.1616000000017,0.0,0
0.00104605,3623.398399999999,0.0,0
0.00104801,3627.4815999999846,0.0,0
0.00105004,3631.7183999999966,0.0,0
0.00105208,3635.9996000000024,0.0,0
0.00105405,3640.0988000000043,0.0,0
0.00105602,3644.1600000000067,0.0,0
0.00105807,3648.479200000005,0.0,0
0.00106004,3652.5184000000077,0.0,0
0.00106201,3656.601600000004,0.0,0
0.00106407,3660.898799999997,0.0,0
0.00106603,3664.921600000006,0.0,0
0.00106806,3669.120000000004,0.0,0
0.00107001,3673.148799999991,0.0,0
0.00107205,3677.4016000000092,0.0,0
0.00107407,3681.5616000000014,0.0,0
0.00107602,3685.600000000008,0.0,0
0.00107808,3689.8212000000008,0.0,0
0.00108003,3693.919600000006,0.0,0
0.00108204,3698.0795999999978,0.0,0
0.00108406,3702.2395999999953,0.0,0
0.00108602,3706.2400000000002,0.0,0
0.00108806,3710.2404000000006,0.0,0
0.00109,3713.9200000000105,0.0,0
0.00109203,3717.7211999999995,0.0,0
0.00109406,3721.500800000002,0.0,0
0.00109609,3725.2804000000006,0.0,0
0.00109803,3728.95999999999,0.0,0
0.00110008,3732.8000000000097,0.0,0
0.00110203,3736.479599999994,0.0,0
0.00110408,3740.319600000005,0.0,0
0.00110605,3743.99999999999,0.0,0
0.00110802,3747.6796000000004,0.0,0
0.00111004,3751.519599999995,0.0,0
0.001112,3755.1012000000037,0.0,0
0.00111405,3758.941199999989,0.0,0
0.00111601,3762.659200000005,0.0,0
0.00111802,3766.400000000014,0.0,0
0.00112003,3770.201200000009,0.0,0
0.00112207,3773.9811999999915,0.0,0
0.00112401,3777.6988000000056,0.0,0
0.00112603,3781.440000000022,0.0,0
0.00112806,3785.280000000001,0.0,0
0.00113001,3788.959599999984,0.0,0
0.00113206,3792.799600000009,0.0,0
0.00113401,3796.479999999986,0.0,0
0.00113603,3800.2212000000154,0.0,0
0.00113806,3804.0611999999946,0.0,0
0.00114002,3807.7788000000132,0.0,0
0.00114207,3811.619599999997,0.0,0
0.00114402,3815.261200000007,0.0,0
0.00114606,3819.1012000000023,0.0,0
0.00114801,3822.8191999999913,0.0,0
0.00115006,3826.7196000000017,0.0,0
0.00115202,3830.3999999999915,0.0,0
0.00115406,3834.2404000000124,0.0,0
0.00115601,3837.920399999997,0.0,0
0.00115805,3841.8203999999923,0.0,0
0.00116002,3845.5392000000033,0.0,0
0.00116206,3849.379200000004,0.0,0
0.001164,3853.0595999999987,0.0,0
0.00116605,3856.9596000000015,0.0,0
0.00116801,3860.7003999999934,0.0,0
0.00117006,3864.5408000000216,0.0,0
0.00117208,3868.380800000001,0.0,0
0.00117402,3872.0992000000174,0.0,0
0.00117607,3876.000000000001,0.0,0
0.00117806,3879.7792000000018,0.0,0
0.00118001,3883.459600000012,0.0,0
0.00118205,3887.3603999999978,0.0,0
0.00118402,3891.1007999999915,0.0,0
0.00118608,3895.060399999988,0.0,0
0.00118805,3898.79480000001,0.0,0
0.00119002,3902.6200000000003,0.0,0
0.00119207,3906.499199999991,0.0,0
0.00119403,3910.299999999986,0.0,0
0.00119609,3914.1796000000136,0.0,0
0.00119805,3917.9808000000075,0.0,0
0.00120009,3921.8591999999994,0.0,0
0.00120203,3925.643999999998,0.0,0
0.001204,3929.379200000004,0.0,0
0.00120606,3933.3408000000013,0.0,0
0.00120802,3937.0600000000163,0.0,0
0.00121007,3941.059199999994,0.0,0
0.00121203,3944.8604000000078,0.0,0
0.00121408,3948.7999999999856,0.0,0
0.00121604,3952.5792000000006,0.0,0
0.00121801,3956.3807999999945,0.0,0
0.00122007,3960.3807999999917,0.0,0
0.00122203,3964.2199999999916,0.0,0
0.00122404,3968.0607999999993,0.0,0
0.00122605,3971.9396000000047,0.0,0
0.00122809,3975.939200000001,0.0,0
0.00123002,3979.679599999997,0.0,0
0.00123204,3983.618799999987,0.0,0
0.00123409,3987.580800000002,0.0,0
0.00123606,3991.420799999996,0.0,0
0.00123802,3995.25200000001,0.0,0
0.00124004,3999.199599999992,0.0,0
0.00124201,4003.039600000021,0.0,0
0.00124407,4007.039999999991,0.0,0
0.00124604,4010.8800000000047,0.0,0
0.001248,4014.720000000003,0.0,0
0.00125004,4018.7200000000157,0.0,0
0.00125201,4022.560399999995,0.0,0
0.00125402,4026.5596000000032,0.0,0
0.001256,4030.4004000000036,0.0,0
0.00125804,4034.40000000001,0.0,0
0.00126007,4038.4004000000164,0.0,0
0.00126205,4042.3011999999976,0.0,0
0.00126402,4046.239600000011,0.0,0
0.00126606,4050.2395999999803,0.0,0
0.00126802,4054.0804000000103,0.0,0
0.00127008,4058.17879999999,0.0,0
0.00127204,4062.0795999999973,0.0,0
0.00127401,4065.9204000000095,0.0,0
0.00127603,4069.933999999988,0.0,0
0.00127807,4073.980799999997,0.0,0
0.00128003,4077.881200000004,0.0,0
0.00128206,4081.920000000011,0.0,0
0.00128405,4085.873200000006,0.0,0
0.00128607,4089.9195999999934,0.0,0
0.00128802,4093.7600000000057,0.0,0
0.00129005,4097.798399999981,0.0,0
0.00129208,4101.8732000000045,0.0,0
0.00129402,4105.721600000007,0.0,0
0.00129605,4109.7600000000075,0.0,0
0.00129808,4113.859200000012,0.0,0
0.00130002,4117.759199999992,0.0,0
0.00130204,4121.72159999999,0.0,0
0.00130406,4125.760799999997,0.0,0
0.00130601,4129.721600000003,0.0,0
0.00130806,4133.760800000007,0.0,0
0.00131002,4137.798399999981,0.0,0
0.00131206,4141.881200000008,0.0,0
0.00131402,4145.798400000001,0.0,0
0.00131606,4149.9199999999855,0.0,0
0.001318,4153.798800000011,0.0,0
0.00132001,4157.881200000002,0.0,0
0.00132204,4161.920400000009,0.0,0
0.00132407,4166.079600000004,0.0,0
0.001326,4169.920399999993,0.0,0
0.00132802,4174.079600000011,0.0,0
0.00133003,4178.118399999991,0.0,0
0.00133207,4182.239999999998,0.0,0
0.00133403,4186.239600000011,0.0,0
0.00133607,4190.338799999996,0.0,0
0.001338,4194.240400000001,0.0,0
0.00134003,4198.399600000016,0.0,0
0.00134206,4202.4992,0.0,0
0.00134408,4206.658799999989,0.0,0
0.00134604,4210.560400000016,0.0,0
0.00134808,4214.720400000001,0.0,0
0.00135004,4218.7200000000075,0.0,0
0.00135207,4222.879999999998,0.0,0
0.001354,4226.8188000000055,0.0,0
0.00135601,4230.880400000007,0.0,0
0.00135804,4235.039999999996,0.0,0
0.00136007,4239.1995999999845,0.0,0
0.00136201,4243.139200000001,0.0,0
0.00136405,4247.29919999998,0.0,0
0.00136607,4251.4591999999975,0.0,0
0.00136801,4255.420800000011,0.0,0
0.00137006,4259.580799999992,0.0,0
0.00137202,4263.619199999997,0.0,0
0.00137407,4267.840000000003,0.0,0
0.00137603,4271.868400000005,0.0,0
0.00137808,4276.0608,0.0,0
0.00138005,4280.099200000009,0.0,0
0.00138201,4284.0995999999905,0.0,0
0.00138407,4288.380399999994,0.0,0
0.00138602,4292.380399999996,0.0,0
0.00138805,4296.540800000011,0.0,0
0.00139,4300.546799999992,0.0,0
0.00139205,4304.739600000016,0.0,0
0.00139409,4308.9600000000155,0.0,0
0.00139603,4312.9599999999855,0.0,0
0.00139806,4317.180400000012,0.0,0
0.00140001,4321.180800000019,0.0,0
0.00140205,4325.340800000003,0.0,0
0.00140406,4329.500799999993,0.0,0
0.00140608,4333.660800000007,0.0,0
0.00140802,4337.699199999983,0.0,0
0.00141008,4341.919999999998,0.0,0
0.00141204,4346.018799999999,0.0,0
0.00141407,4350.179199999984,0.0,0
0.00141604,4354.240000000011,0.0,0
0.001418,4358.3004000000155,0.0,0
0.00142003,4362.461200000002,0.0,0
0.00142205,4366.621199999989,0.0,0
0.00142408,4371.7788000000055,0.0,0
0.00142603,4379.459200000016,0.0,0
0.00142809,4387.580400000006,0.0,0
0.00143004,4395.261199999997,0.0,0
0.00143209,4403.360000000001,0.0,0
0.00143404,4411.100399999998,0.0,0
0.00143607,4419.139199999984,0.0,0
0.00143801,4426.819199999994,0.0,0
0.00144003,4434.780800000005,0.0,0
0.00144206,4442.819599999998,0.0,0
0.001444,4450.499599999999,0.0,0
0.00144603,4458.620400000012,0.0,0
0.00144805,4466.620399999994,0.0,0
0.00145009,4474.659199999992,0.0,0
0.00145206,4482.460800000013,0.0,0
0.00145404,4490.339199999995,0.0,0
0.00145601,4498.141200000007,0.0,0
0.00145803,4506.2155999999895,0.0,0
0.00146008,4514.339200000005,0.0,0
0.00146206,4522.201199999991,0.0,0
0.00146403,4530.079600000012,0.0,0
0.00146607,4538.141200000007,0.0,0
0.00146808,4546.201199999989,0.0,0
0.00147004,4553.958400000003,0.0,0
0.00147208,4562.080400000002,0.0,0
0.00147402,4569.760799999989,0.0,0
0.00147604,4577.88120000001,0.0,0
0.00147806,4585.958399999993,0.0,0
0.00148,4593.674800000005,0.0,0
0.00148203,4601.759999999993,0.0,0
0.00148405,4609.820800000001,0.0,0
0.001486,4617.599999999988,0.0,0
0.00148806,4625.760400000005,0.0,0
0.00149009,4633.920000000005,0.0,0
0.00149202,4641.600399999993,0.0,0
0.00149404,4649.699199999989,0.0,0
0.00149608,4657.820800000012,0.0,0
0.00149804,4665.699200000006,0.0,0
0.0015,4673.500800000007,0.0,0
0.00150205,4681.699199999994,0.0,0
0.00150401,4689.539600000002,0.0,0
0.00150607,4697.700000000001,0.0,0
0.00150803,4705.539599999997,0.0,0
0.00151008,4713.820400000004,0.0,0
0.00151202,4721.539199999989,0.0,0
0.00151405,4729.660799999991,0.0,0
0.00151601,4737.500399999979,0.0,0
0.00151808,4745.7595999999985,0.0,0
0.00152004,4753.600000000007,0.0,0
0.00152208,4761.759999999987,0.0,0
0.00152403,4769.599599999994,0.0,0
0.001526,4777.43999999998,0.0,0
0.00152806,4785.660800000008,0.0,0
0.00153002,4793.478400000014,0.0,0
0.00153204,4801.567199999993,0.0,0
0.00153405,4809.599999999994,0.0,0
0.00153608,4817.600799999999,0.0,0
0.00153801,4825.392800000001,0.0,0
0.00154003,4833.462000000015,0.0,0
0.00154206,4841.599599999985,0.0,0
0.00154403,4849.401200000003,0.0,0
0.001546,4857.279599999986,0.0,0
0.00154806,4865.439999999994,0.0,0
0.00155001,4873.219599999999,0.0,0
0.00155205,4881.340799999997,0.0,0
0.00155407,4889.379599999996,0.0,0
0.00155601,4897.120399999996,0.0,0
0.00155806,4905.220000000006,0.0,0
0.00156001,4913.020800000004,0.0,0
0.00156206,4921.180400000004,0.0,0
0.00156403,4929.020000000006,0.0,0
0.00156608,4937.17999999999,0.0,0
0.00156804,4944.899199999998,0.0,0
0.00157007,4952.959600000005,0.0,0
0.00157202,4960.700400000012,0.0,0
0.00157407,4968.739599999994,0.0,0
0.00157603,4976.540399999999,0.0,0
0.00157806,4984.540399999986,0.0,0
0.00158008,4992.540399999993,0.0,0
0.00158204,5000.281199999992,0.0,0
0.00158401,5007.999999999984,0.0,0
0.00158606,5016.151200000015,0.0,0
0.00158801,5023.839200000001,0.0,0
0.00159003,5031.718399999998,0.0,0
0.00159207,5039.718400000006,0.0,0
0.00159403,5047.3983999999955,0.0,0
0.00159607,5055.398400000001,0.0,0
0.001598,5063.001199999984,0.0,0
0.00160004,5070.940800000005,0.0,0
0.00160201,5078.673199999979,0.0,0
0.00160408,5086.719999999996,0.0,0
0.00160602,5094.301199999994,0.0,0
0.00160806,5102.2396000000035,0.0,0
0.00161004,5109.920000000009,0.0,0
0.00161201,5117.600000000017,0.0,0
0.00161404,5125.500400000006,0.0,0
0.00161606,5133.340000000008,0.0,0
0.00161802,5140.860400000002,0.0,0
0.00162006,5148.739199999995,0.0,0
0.00162202,5156.259600000016,0.0,0
0.00162405,5164.099600000001,0.0,0
0.00162601,5171.6195999999945,0.0,0
0.00162807,5179.580799999997,0.0,0
0.00163006,5187.19999999999,0.0,0
0.00163203,5194.780400000011,0.0,0
0.00163406,5202.499200000004,0.0,0
0.00163601,5209.920399999996,0.0,0
0.00163808,5217.798800000005,0.0,0
0.00164004,5225.279600000007,0.0,0
0.00164206,5232.9595999999965,0.0,0
0.001644,5240.319600000017,0.0,0
0.00164606,5248.000800000007,0.0,0
0.00164802,5255.481599999983,0.0,0
0.00165006,5263.161600000002,0.0,0
0.001652,5270.400800000006,0.0,0
0.00165404,5278.080399999998,0.0,0
0.001656,5285.440000000004,0.0,0
0.00165804,5293.05880000001,0.0,0
0.00166005,5300.541200000001,0.0,0
0.001662,5307.839599999994,0.0,0
0.00166405,5315.45879999998,0.0,0
0.00166601,5322.621199999988,0.0,0
0.00166805,5330.179600000006,0.0,0
0.00167007,5337.660800000002,0.0,0
0.00167202,5344.860400000001,0.0,0
0.00167408,5352.4192,0.0,0
0.00167604,5359.580800000003,0.0,0
0.00167805,5366.940399999988,0.0,0
0.00168007,5374.300799999996,0.0,0
0.00168205,5381.500400000003,0.0,0
0.00168408,5388.860400000005,0.0,0
0.00168601,5395.839600000012,0.0,0
0.00168805,5403.199600000015,0.0,0
0.00169001,5410.240000000005,0.0,0
0.00169206,5417.599600000004,0.0,0
0.00169402,5424.541200000006,0.0,0
0.00169605,5431.839999999995,0.0,0
0.00169801,5438.818800000018,0.0,0
0.00170006,5446.079999999994,0.0,0
0.00170201,5452.960400000017,0.0,0
0.00170402,5460.060800000002,0.0,0
0.00170607,5467.359200000007,0.0,0
0.00170804,5474.201599999989,0.0,0
0.00171008,5481.318399999987,0.0,0
0.00171203,5488.159200000009,0.0,0
0.00171406,5495.199599999996,0.0,0
0.001716,5501.920000000002,0.0,0
0.00171804,5508.959599999988,0.0,0
0.00172009,5516.000000000015,0.0,0
0.00172203,5522.659199999988,0.0,0
0.00172405,5529.600000000008,0.0,0
0.00172607,5536.479600000001,0.0,0
0.00172808,5543.261200000007,0.0,0
0.00173,5549.760399999994,0.0,0
0.001732,5556.578800000004,0.0,0
0.001734,5563.2988000000005,0.0,0
0.001736,5569.980400000002,0.0,0
0.00173803,5576.739199999975,0.0,0
0.00174004,5583.420400000007,0.0,0
0.00174205,5590.079600000014,0.0,0
0.00174402,5596.579200000003,0.0,0
0.00174605,5603.260800000003,0.0,0
0.00174808,5609.859999999996,0.0,0
0.00175004,5616.259999999987,0.0,0
0.00175207,5622.940400000003,0.0,0
0.00175407,5629.37960000001,0.0,0
0.00175601,5635.647600000005,0.0,0
0.00175807,5642.300000000008,0.0,0
0.00176003,5648.579200000011,0.0,0
0.00176209,5655.100799999999,0.0,0
0.00176404,5661.2804,0.0,0
0.00176607,5667.778799999996,0.0,0
0.00176803,5673.919999999999,0.0,0
0.00177009,5680.320400000002,0.0,0
0.001772,5686.339599999994,0.0,0
0.00177404,5692.678799999997,0.0,0
0.001776,5698.758800000016,0.0,0
0.00177806,5705.1200000000035,0.0,0
0.00178,5711.040399999994,0.0,0
0.00178204,5717.280000000015,0.0,0
0.00178401,5723.260800000001,0.0,0
0.00178609,5729.599599999991,0.0,0
0.00178806,5735.519999999993,0.0,0
0.00179006,5741.5608000000175,0.0,0
0.00179209,5747.520799999992,0.0,0
0.00179406,5753.478399999997,0.0,0
0.00179604,5759.3592000000035,0.0,0
0.00179805,5765.241599999988,0.0,0
0.00180008,5771.199999999994,0.0,0
0.00180205,5776.959599999997,0.0,0
0.00180402,5782.6588,0.0,0
0.00180608,5788.541200000007,0.0,0
0.001808,5794.090000000001,0.0,0
0.00181004,5799.938800000016,0.0,0
0.001812,5805.501199999999,0.0,0
0.00181405,5811.281200000006,0.0,0
0.00181609,5817.021200000008,0.0,0
0.00181805,5822.559599999992,0.0,0
0.00182,5828.0000000000055,0.0,0
0.00182205,5833.660799999974,0.0,0
0.00182407,5839.200400000005,0.0,0
0.00182609,5844.739200000008,0.0,0
0.00182804,5850.0800000000045,0.0,0
0.00183009,5855.619200000012,0.0,0
0.00183203,5860.860799999979,0.0,0
0.00183405,5866.3008000000245,0.0,0
0.00183608,5871.7408,0.0,0
0.00183802,5876.860799999993,0.0,0
0.00184005,5882.179200000006,0.0,0
0.00184204,5887.4207999999935,0.0,0
0.00184404,5892.639999999999,0.0,0
0.00184605,5897.859200000004,0.0,0
0.00184806,5903.100000000004,0.0,0
0.00185008,5908.22039999999,0.0,0
0.00185201,5913.180000000002,0.0,0
0.00185406,5918.300799999999,0.0,0
0.00185602,5923.260400000009,0.0,0
0.00185807,5928.380800000003,0.0,0
0.00186001,5933.219199999987,0.0,0
0.00186203,5938.179199999987,0.0,0
0.00186407,5943.200000000007,0.0,0
0.00186603,5947.999999999989,0.0,0
0.00186804,5952.860800000021,0.0,0
0.00187006,5957.699599999993,0.0,0
0.00187201,5962.339599999981,0.0,0
0.00187404,5967.19999999999,0.0,0
0.00187607,5971.999999999997,0.0,0
0.00187807,5976.73879999999,0.0,0
0.00188001,5981.219200000004,0.0,0
0.00188204,5985.919999999988,0.0,0
0.00188409,5990.620800000011,0.0,0
0.00188601,5995.039599999976,0.0,0
0.00188804,5999.581199999987,0.0,0
0.00189,6004.060400000006,0.0,0
0.00189205,6008.63999999999,0.0,0
0.00189408,6013.119999999993,0.0,0
0.00189601,6017.3795999999975,0.0,0
0.00189804,6021.858799999993,0.0,0
0.00190008,6026.278800000008,0.0,0
0.00190201,6030.498799999993,0.0,0
0.00190402,6034.720399999996,0.0,0
0.00190604,6039.040000000018,0.0,0
0.00190806,6043.359600000007,0.0,0
0.00191009,6047.58040000001,0.0,0
0.00191202,6051.618799999989,0.0,0
0.00191405,6055.839599999996,0.0,0
0.00191602,6059.840000000009,0.0,0
0.00191807,6064.000000000003,0.0,0
0.00192004,6067.999599999989,0.0,0
0.00192201,6071.901199999992,0.0,0
0.00192403,6075.999199999997,0.0,0
0.00192604,6079.901200000018,0.0,0
0.00192805,6083.839999999984,0.0,0
0.00193001,6087.64160000002,0.0,0
0.00193206,6091.618799999989,0.0,0
0.00193401,6095.321599999995,0.0,0
0.00193602,6099.1011999999955,0.0,0
0.00193803,6102.8804000000255,0.0,0
0.00194,6107.074399999994,0.0,0
0.00194206,6114.0807999999715,0.0,0
0.00194407,6121.378799999989,0.0,0
0.00194608,6128.259200000004,0.0,0
0.001948,6134.719600000015,0.0,0
0.00195004,6141.500799999983,0.0,0
0.00195207,6148.259200000006,0.0,0
0.00195404,6154.7808000000205,0.0,0
0.00195604,6161.3791999999885,0.0,0
0.00195807,6168.060400000011,0.0,0
0.00196002,6174.32319999999,0.0,0
0.00196203,6180.739599999995,0.0,0
0.00196407,6187.26039999999,0.0,0
0.00196601,6193.340400000016,0.0,0
0.00196805,6199.619200000001,0.0,0
0.00197005,6205.759999999986,0.0,0
0.00197203,6211.779600000008,0.0,0
0.00197403,6217.826399999994,0.0,0
0.00197606,6223.900399999997,0.0,0
0.00197808,6229.820800000013,0.0,0
0.00198002,6235.520000000004,0.0,0
0.00198204,6241.359599999988,0.0,0
0.00198408,6247.260399999994,0.0,0
0.00198603,6252.799999999971,0.0,0
0.00198802,6258.400400000006,0.0,0
0.00199005,6264.060800000007,0.0,0
0.001992,6269.439999999997,0.0,0
0.00199407,6275.126800000001,0.0,0
0.00199602,6280.380400000006,0.0,0
0.00199806,6285.82039999999,0.0,0
0.002,6290.940400000009,0.0,0
0.00200205,6296.259600000025,0.0,0
0.00200401,6301.318800000012,0.0,0
0.00200603,6306.4987999999885,0.0,0
0.00200807,6311.618799999995,0.0,0
0.00201002,6316.479599999997,0.0,0
0.002012,6321.3407999999845,0.0,0
0.00201402,6326.240000000014,0.0,0
0.00201605,6331.199600000004,0.0,0
0.00201806,6335.9392,0.0,0
0.00202,6340.480400000015,0.0,0
0.00202203,6345.279200000005,0.0,0
0.00202405,6349.821200000014,0.0,0
0.00202606,6354.438399999992,0.0,0
0.00202808,6358.979200000017,0.0,0
0.00203002,6363.2008000000005,0.0,0
0.00203207,6367.680800000019,0.0,0
0.00203407,6372.103199999996,0.0,0
0.00203605,6376.32000000002,0.0,0
0.00203802,6380.479600000014,0.0,0
0.00204,6384.639200000001,0.0,0
0.00204201,6388.691199999987,0.0,0
0.00204406,6392.838799999971,0.0,0
0.00204603,6396.799999999991,0.0,0
0.00204806,6400.799199999999,0.0,0
0.00205008,6404.736000000013,0.0,0
0.00205207,6408.576000000009,0.0,0
0.00205403,6412.219999999996,0.0,0
0.00205608,6416.06,0.0,0
0.00205808,6419.780000000005,0.0,0
0.00206003,6423.296000000014,0.0,0
0.00206207,6426.916000000004,0.0,0
0.00206404,6430.400000000009,0.0,0
0.00206604,6433.859999999976,0.0,0
0.00206801,6437.17999999998,0.0,0
0.00207004,6440.5800000000145,0.0,0
0.00207201,6443.876000000007,0.0,0
0.00207407,6447.201999999984,0.0,0
0.00207605,6450.341999999994,0.0,0
0.00207808,6453.577999999997,0.0,0
0.00208006,6456.7,0.0,0
0.00208203,6459.638000000011,0.0,0
0.00208406,6462.660000000009,0.0,0
0.00208601,6465.588000000006,0.0,0
0.00208805,6468.578000000013,0.0,0
0.00209002,6471.420000000018,0.0,0
0.00209203,6474.180000000001,0.0,0
0.00209407,6477.021999999998,0.0,0
0.00209609,6479.778000000002,0.0,0
0.00209805,6482.401999999998,0.0,0
0.00210001,6484.962000000015,0.0,0
0.00210203,6487.582000000007,0.0,0
0.00210402,6490.0820000000085,0.0,0
0.00210608,6492.641999999992,0.0,0
0.00210805,6495.040000000028,0.0,0
0.00211006,6497.437999999987,0.0,0
0.00211206,6499.742000000022,0.0,0
0.00211401,6501.982000000007,0.0,0
0.00211606,6504.304000000014,0.0,0
0.00211801,6506.402000000018,0.0,0
0.00212007,6508.642000000018,0.0,0
0.00212207,6510.758000000018,0.0,0
0.00212402,6512.798000000002,0.0,0
0.00212606,6514.842000000011,0.0,0
0.00212801,6516.762000000001,0.0,0
0.00213007,6518.757999999979,0.0,0
0.00213203,6520.602000000011,0.0,0
0.00213407,6522.401999999999,0.0,0
0.00213601,6524.198000000002,0.0,0
0.00213805,6525.921999999979,0.0,0
0.00214007,6527.679999999999,0.0,0
0.00214204,6529.318000000017,0.0,0
0.00214409,6530.977999999997,0.0,0
0.00214601,6532.480000000002,0.0,0
0.00214801,6533.982000000002,0.0,0
0.00215005,6535.517999999996,0.0,0
0.00215208,6537.020000000017,0.0,0
0.00215402,6538.341999999983,0.0,0
0.00215605,6539.742000000006,0.0,0
0.00215802,6541.022000000001,0.0,0
0.00216007,6542.340000000031,0.0,0
0.00216208,6543.5820000000085,0.0,0
0.00216404,6544.741999999994,0.0,0
0.00216608,6545.979999999986,0.0,0
0.00216805,6546.9779999999955,0.0,0
0.00217001,6548.099999999991,0.0,0
0.00217204,6549.180000000003,0.0,0
0.00217406,6550.14000000001,0.0,0
0.00217602,6551.099999999993,0.0,0
0.002178,6551.999999999995,0.0,0
0.00218007,6552.899999999999,0.0,0
0.002182,6553.702000000017,0.0,0
0.00218402,6554.559999999979,0.0,0
0.00218607,6555.357999999997,0.0,0
0.00218801,6556.05799999998,0.0,0
0.00219008,6556.767999999995,0.0,0
0.00219201,6557.427999999972,0.0,0
0.00219407,6558.07600000003,0.0,0
0.00219603,6558.616000000003,0.0,0
0.00219805,6559.159999999999,0.0,0
0.00220006,6559.679999999996,0.0,0
0.00220202,6560.1620000000075,0.0,0
0.00220407,6560.635999999994,0.0,0
0.00220609,6560.960000000035,0.0,0
0.00220808,6561.404000000013,0.0,0
0.00221001,6561.7199999999775,0.0,0
0.00221207,6562.043999999993,0.0,0
0.00221404,6562.2400000000125,0.0,0
0.00221601,6562.555999999998,0.0,0
0.00221802,6562.755999999989,0.0,0
0.00222007,6562.879999999994,0.0,0
0.00222203,6563.038000000011,0.0,0
0.00222402,6563.136000000009,0.0,0
0.00222602,6563.199999999978,0.0,0
0.00222807,6563.263999999982,0.0,0
0.00223003,6563.263999999982,0.0,0
0.00223204,6563.199999999978,0.0,0
0.00223403,6563.140000000008,0.0,0
0.00223609,6563.098000000005,0.0,0
0.00223807,6562.940000000002,0.0,0
0.00224003,6562.819999999982,0.0,0
0.00224203,6562.6200000000035,0.0,0
0.00224401,6562.338000000019,0.0,0
0.00224607,6562.141999999999,0.0,0
0.00224807,6561.8599999999815,0.0,0
0.00225004,6561.540000000007,0.0,0
0.00225202,6561.181999999998,0.0,0
0.00225409,6560.846000000013,0.0,0
0.00225607,6560.417999999974,0.0,0
0.00225807,6559.939999999982,0.0,0
0.00226007,6559.522000000016,0.0,0
0.00226201,6559.039999999981,0.0,0
0.00226409,6558.498000000005,0.0,0
0.00226603,6557.982000000016,0.0,0
0.00226805,6557.341999999998,0.0,0
0.00227002,6556.800000000029,0.0,0
0.00227208,6556.1599999999835,0.0,0
0.00227405,6555.48199999999,0.0,0
0.00227602,6554.781999999985,0.0,0
0.00227807,6554.077999999987,0.0,0
0.00228002,6553.377999999989,0.0,0
0.00228206,6552.541999999993,0.0,0
0.00228407,6551.838000000015,0.0,0
0.00228606,6550.8900000000085,0.0,0
0.00228801,6550.117999999999,0.0,0
0.00229008,6549.277999999997,0.0,0
0.00229205,6548.32199999999,0.0,0
0.00229402,6547.42200000001,0.0,0
0.00229602,6546.461999999988,0.0,0
0.00229808,6545.441999999987,0.0,0
0.00230005,6544.482000000002,0.0,0
0.00230208,6543.517999999989,0.0,0
0.00230409,6542.400000000005,0.0,0
0.00230607,6541.342,0.0,0
0.00230804,6540.318000000006,0.0,0
0.00231001,6539.199999999981,0.0,0
0.00231204,6538.022000000003,0.0,0
0.00231406,6536.862000000019,0.0,0
0.00231603,6535.680000000001,0.0,0
0.002318,6534.497999999998,0.0,0
0.00232004,6533.277999999972,0.0,0
0.00232203,6532.057999999987,0.0,0
0.00232408,6530.717999999999,0.0,0
0.00232604,6529.498000000011,0.0,0
0.00232808,6528.09800000001,0.0,0
0.00233002,6526.818000000018,0.0,0
0.00233204,6525.499999999983,0.0,0
0.00233408,6524.06199999998,0.0,0
0.00233603,6522.662000000022,0.0,0
0.00233807,6521.220000000026,0.0,0
0.00234009,6519.778000000023,0.0,0
0.00234204,6518.400000000029,0.0,0
0.00234408,6516.864000000016,0.0,0
0.00234601,6515.456000000022,0.0,0
0.00234802,6513.860000000012,0.0,0
0.00235005,6512.25599999999,0.0,0
0.002352,6510.574000000018,0.0,0
0.00235403,6508.859999999998,0.0,0
0.00235607,6507.136,0.0,0
0.00235801,6505.3680000000095,0.0,0
0.00236004,6503.55999999999,0.0,0
0.00236207,6501.639999999987,0.0,0
0.00236407,6499.72000000002,0.0,0
0.00236601,6497.919999999983,0.0,0
0.00236805,6495.841999999997,0.0,0
0.00237009,6493.763999999996,0.0,0
0.002372,6491.835999999994,0.0,0
0.00237405,6489.660000000005,0.0,0
0.00237607,6487.522000000023,0.0,0
0.00237802,6485.3760000000075,0.0,0
0.00238005,6483.139999999982,0.0,0
0.00238203,6480.960000000001,0.0,0
0.00238404,6478.659999999998,0.0,0
0.00238607,6476.317999999979,0.0,0
0.00238807,6473.980000000011,0.0,0
0.00239007,6471.581999999995,0.0,0
0.00239208,6469.180000000011,0.0,0
0.00239405,6466.777999999999,0.0,0
0.00239603,6464.319999999993,0.0,0
0.00239805,6461.819999999997,0.0,0
0.00240004,6459.297999999972,0.0,0
0.00240208,6456.639999999983,0.0,0
0.00240403,6454.156000000029,0.0,0
0.00240602,6451.519999999998,0.0,0
0.00240807,6448.797999999994,0.0,0
0.00241001,6446.186000000003,0.0,0
0.00241205,6443.422000000012,0.0,0
0.00241407,6440.6680000000015,0.0,0
0.00241606,6437.917999999977,0.0,0
0.00241801,6435.185999999986,0.0,0
0.00242004,6432.3579999999865,0.0,0
0.00242207,6429.477999999983,0.0,0
0.00242405,6426.597999999988,0.0,0
0.00242604,6423.717999999984,0.0,0
0.00242808,6420.761999999982,0.0,0
0.00243003,6417.901999999981,0.0,0
0.00243201,6414.942000000006,0.0,0
0.00243406,6411.937999999995,0.0,0
0.00243601,6408.960000000012,0.0,0
0.00243806,6405.9219999999905,0.0,0
0.00244002,6402.880000000023,0.0,0
0.00244206,6399.778000000005,0.0,0
0.00244406,6396.700799999984,0.0,0
0.00244601,6393.676799999968,0.0,0
0.00244805,6390.499199999993,0.0,0
0.00245002,6387.3599999999915,0.0,0
0.00245203,6384.220800000018,0.0,0
0.00245406,6380.983999999982,0.0,0
0.00245601,6377.849200000007,0.0,0
0.00245804,6374.620400000002,0.0,0
0.00246008,6371.299200000014,0.0,0
0.00246205,6368.099599999985,0.0,0
0.00246404,6364.860800000023,0.0,0
0.00246608,6361.500800000021,0.0,0
0.00246801,6358.339199999994,0.0,0
0.00247001,6354.995599999999,0.0,0
0.00247207,6351.619199999987,0.0,0
0.00247403,6348.319999999996,0.0,0
0.00247604,6344.960000000002,0.0,0
0.00247801,6341.680799999997,0.0,0
0.00248005,6338.239599999983,0.0,0
0.00248201,6334.880000000003,0.0,0
0.00248404,6331.458800000019,0.0,0
0.002486,6328.061199999983,0.0,0
0.00248805,6324.581199999992,0.0,0
0.00249007,6321.119999999989,0.0,0
0.00249204,6317.759599999998,0.0,0
0.00249407,6314.2400000000125,0.0,0
0.00249602,6310.858000000008,0.0,0
0.00249807,6307.321599999988,0.0,0
0.00250007,6303.82199999998,0.0,0
0.002502,6300.480000000006,0.0,0
0.00250403,6296.959199999997,0.0,0
0.00250603,6293.4391999999925,0.0,0
0.00250802,6289.920000000008,0.0,0
0.00251005,6286.399200000004,0.0,0
0.00251209,6282.758400000007,0.0,0
0.00251402,6279.360000000004,0.0,0
0.00251603,6275.811200000012,0.0,0
0.00251806,6272.184399999998,0.0,0
0.00252008,6268.573200000003,0.0,0
0.00252206,6265.0692,0.0,0
0.00252402,6261.561600000019,0.0,0
0.00252604,6257.920400000001,0.0,0
0.00252807,6254.339200000013,0.0,0
0.00253002,6250.879600000016,0.0,0
0.00253204,6247.22040000001,0.0,0
0.00253402,6243.680000000004,0.0,0
0.00253606,6240.00040000001,0.0,0
0.00253803,6236.4796,0.0,0
0.00254006,6232.800000000009,0.0,0
0.00254207,6229.181199999983,0.0,0
0.00254402,6225.661200000001,0.0,0
0.00254607,6222.018799999988,0.0,0
0.00254808,6218.365599999991,0.0,0
0.00255004,6214.781200000005,0.0,0
0.00255203,6211.2404,0.0,0
0.00255407,6207.580399999988,0.0,0
0.00255608,6203.901199999982,0.0,0
0.00255805,6200.380799999997,0.0,0
0.00256007,6196.739199999976,0.0,0
0.00256203,6193.192399999993,0.0,0
0.00256409,6189.464000000014,0.0,0
0.00256604,6185.919999999989,0.0,0
0.00256803,6182.33920000001,0.0,0
0.00257004,6178.683600000016,0.0,0
0.00257208,6175.003999999993,0.0,0
0.00257408,6171.420400000001,0.0,0
0.00257603,6167.90040000002,0.0,0
0.00257802,6164.291600000003,0.0,0
0.00258004,6160.700799999992,0.0,0
0.00258205,6157.059200000006,0.0,0
0.00258407,6153.3796,0.0,0
0.00258608,6149.820799999996,0.0,0
0.00258801,6146.325200000012,0.0,0
0.00259006,6142.659199999991,0.0,0
0.00259201,6139.139199999984,0.0,0
0.00259401,6135.580799999996,0.0,0
0.00259605,6131.921199999999,0.0,0
0.00259804,6128.380799999994,0.0,0
0.00260008,6124.7252000000035,0.0,0
0.00260209,6121.180399999983,0.0,0
0.00260403,6117.685199999996,0.0,0
0.00260606,6114.027999999988,0.0,0
0.002608,6110.620800000002,0.0,0
0.00261005,6106.979599999994,0.0,0
0.00261203,6103.459600000007,0.0,0
0.00261403,6099.939599999997,0.0,0
0.00261604,6096.409199999995,0.0,0
0.00261805,6092.88120000001,0.0,0
0.00262006,6089.340800000002,0.0,0
0.00262209,6085.820400000012,0.0,0
0.00262404,6082.339600000012,0.0,0
0.00262601,6078.940399999997,0.0,0
0.00262807,6075.299599999974,0.0,0
0.00263007,6071.819999999991,0.0,0
0.00263201,6068.443999999991,0.0,0
0.00263407,6064.889199999998,0.0,0
0.00263605,6061.500400000006,0.0,0
0.00263807,6057.984800000005,0.0,0
0.00264003,6054.620799999998,0.0,0
0.00264208,6051.100799999989,0.0,0
0.00264406,6047.712400000005,0.0,0
0.00264605,6044.260000000004,0.0,0
0.00264801,6040.963999999999,0.0,0
0.00265008,6037.428000000016,0.0,0
0.00265208,6034.019199999988,0.0,0
0.00265408,6030.645199999996,0.0,0
0.00265602,6027.407999999997,0.0,0
0.00265806,6023.939599999986,0.0,0
0.00266008,6020.579200000004,0.0,0
0.00266205,6017.24400000002,0.0,0
0.00266405,6013.951999999981,0.0,0
0.00266602,6010.659199999987,0.0,0
0.00266801,6007.364000000003,0.0,0
0.00267002,6004.060399999986,0.0,0
0.00267202,6000.739199999995,0.0,0
0.00267405,5997.379600000023,0.0,0
0.002676,5994.179600000002,0.0,0
0.00267801,5990.940400000014,0.0,0
0.00268006,5987.584799999995,0.0,0
0.00268205,5984.38040000001,0.0,0
0.00268401,5981.205199999987,0.0,0
0.00268608,5977.8572,0.0,0
0.00268803,5974.748000000001,0.0,0
0.00269002,5971.580400000019,0.0,0
0.00269206,5968.2595999999885,0.0,0
0.00269403,5965.18080000001,0.0,0
0.00269601,5962.019600000006,0.0,0
0.00269801,5958.916000000007,0.0,0
0.00270005,5955.6680000000015,0.0,0
0.00270203,5952.579199999993,0.0,0
0.00270405,5949.380000000008,0.0,0
0.00270604,5946.33920000001,0.0,0
0.00270804,5943.260400000005,0.0,0
0.00271009,5940.099200000021,0.0,0
0.00271205,5937.059600000001,0.0,0
0.00271405,5934.019599999996,0.0,0
0.00271603,5931.004000000011,0.0,0
0.00271803,5927.972000000006,0.0,0
0.00272008,5924.8932000000095,0.0,0
0.00272201,5921.992800000009,0.0,0
0.00272408,5918.940399999999,0.0,0
0.00272608,5915.929200000023,0.0,0
0.00272803,5913.020800000021,0.0,0
0.00273009,5910.019200000006,0.0,0
0.00273205,5907.1372000000065,0.0,0
0.00273401,5904.259200000005,0.0,0
0.00273608,5901.219599999987,0.0,0
0.00273801,5898.4604,0.0,0
0.00274007,5895.459599999991,0.0,0
0.002742,5892.700399999993,0.0,0
0.00274407,5889.731599999984,0.0,0
0.002746,5886.979199999997,0.0,0
0.00274806,5884.099199999992,0.0,0
0.00275008,5881.219599999989,0.0,0
0.00275206,5878.460800000001,0.0,0
0.00275402,5875.76480000001,0.0,0
0.00275606,5872.899200000011,0.0,0
0.00275804,5870.141200000016,0.0,0
0.00276005,5867.424399999989,0.0,0
0.00276204,5864.700800000002,0.0,0
0.00276403,5862.019199999989,0.0,0
0.00276606,5859.260799999996,0.0,0
0.00276802,5856.62799999999,0.0,0
0.00277007,5853.859599999981,0.0,0
0.00277203,5851.260799999998,0.0,0
0.002774,5848.672400000015,0.0,0
0.00277605,5846.01879999999,0.0,0
0.00277807,5843.347599999997,0.0,0
0.00278007,5840.705199999995,0.0,0
0.00278205,5838.153199999977,0.0,0
0.00278405,5835.581200000003,0.0,0
0.002786,5833.120000000002,0.0,0
0.00278804,5830.547600000006,0.0,0
0.00279001,5828.072800000009,0.0,0
0.00279205,5825.528799999994,0.0,0
0.00279403,5823.0396000000255,0.0,0
0.00279601,5820.541200000006,0.0,0
0.00279804,5818.079999999985,0.0,0
0.00280002,5815.651600000008,0.0,0
0.00280202,5813.1811999999945,0.0,0
0.00280408,5810.72,0.0,0
0.00280606,5808.320399999992,0.0,0
0.00280807,5805.924399999993,0.0,0
0.00281002,5803.5891999999985,0.0,0
0.00281207,5801.219199999989,0.0,0
0.002814,5798.978799999999,0.0,0
0.00281606,5796.541200000002,0.0,0
0.00281806,5794.240400000012,0.0,0
0.00282,5792.000399999993,0.0,0
0.00282203,5789.73959999999,0.0,0
0.00282407,5787.45879999999,0.0,0
0.00282601,5785.251599999999,0.0,0
0.00282805,5782.9788000000135,0.0,0
0.00283002,5780.799599999999,0.0,0
0.00283207,5778.559600000019,0.0,0
0.00283404,5776.380799999994,0.0,0
0.00283609,5774.1412,0.0,0
0.00283805,5772.098799999993,0.0,0
0.00284001,5769.944400000005,0.0,0
0.00284207,5767.74120000001,0.0,0
0.00284403,5765.739600000005,0.0,0
0.00284605,5763.581199999999,0.0,0
0.00284807,5761.53880000001,0.0,0
0.00285006,5759.485599999997,0.0,0
0.00285201,5757.5003999999935,0.0,0
0.00285406,5755.4587999999985,0.0,0
0.00285604,5753.440000000009,0.0,0
0.00285804,5751.421200000004,0.0,0
0.00286008,5749.4400000000105,0.0,0
0.00286204,5747.519999999991,0.0,0
0.00286407,5745.5395999999955,0.0,0
0.00286603,5743.680000000003,0.0,0
0.00286807,5741.7396000000135,0.0,0
0.00287002,5739.900399999995,0.0,0
0.00287207,5737.980400000002,0.0,0
0.00287408,5736.0771999999915,0.0,0
0.00287604,5734.332800000012,0.0,0
0.002878,5732.540399999991,0.0,0
0.00288,5730.7076,0.0,0
0.00288205,5728.8991999999935,0.0,0
0.00288405,5727.100800000004,0.0,0
0.00288602,5725.379199999986,0.0,0
0.00288802,5723.6196,0.0,0
0.00289005,5721.860000000003,0.0,0
0.00289205,5720.220400000021,0.0,0
0.002894,5718.508000000005,0.0,0
0.00289603,5716.860799999984,0.0,0
0.00289807,5715.1395999999995,0.0,0
0.00290005,5713.539599999995,0.0,0
0.00290208,5711.900799999994,0.0,0
0.00290402,5710.339599999993,0.0,0
0.00290607,5708.7396000000135,0.0,0
0.00290802,5707.240400000011,0.0,0
0.00291001,5705.699200000004,0.0,0
0.00291207,5704.0995999999905,0.0,0
0.00291401,5702.621199999983,0.0,0
0.00291605,5701.119999999988,0.0,0
0.00291803,5699.67959999998,0.0,0
0.00292008,5698.141199999983,0.0,0
0.00292203,5696.799599999977,0.0,0
0.00292406,5695.321599999981,0.0,0
0.00292605,5693.920399999976,0.0,0
0.00292808,5692.518800000007,0.0,0
0.00293003,5691.236399999993,0.0,0
0.00293204,5689.881599999984,0.0,0
0.002934,5688.540799999993,0.0,0
0.00293602,5687.200400000011,0.0,0
0.00293806,5685.920000000007,0.0,0
0.00294001,5684.672399999991,0.0,0
0.00294204,5683.420399999997,0.0,0
0.00294401,5682.195600000014,0.0,0
0.00294604,5680.960399999998,0.0,0
0.00294806,5679.779199999979,0.0,0
0.00295002,5678.620800000001,0.0,0
0.00295201,5677.500400000018,0.0,0
0.00295403,5676.352,0.0,0
0.00295605,5675.199999999997,0.0,0
0.00295802,5674.140399999989,0.0,0
0.00296007,5673.020800000009,0.0,0
0.002962,5671.999999999992,0.0,0
0.00296403,5670.978800000004,0.0,0
0.002966,5669.958399999996,0.0,0
0.00296803,5668.921600000002,0.0,0
0.00297002,5667.961600000004,0.0,0
0.00297206,5667.001599999992,0.0,0
0.00297407,5666.080000000007,0.0,0
0.00297608,5665.152400000001,0.0,0
0.00297804,5664.259599999985,0.0,0
0.00298007,5663.420800000023,0.0,0
0.00298202,5662.620400000002,0.0,0
0.00298407,5661.699600000005,0.0,0
0.00298605,5660.9396,0.0,0
0.00298808,5660.159999999992,0.0,0
0.00299006,5659.360399999998,0.0,0
0.00299202,5658.719199999982,0.0,0
0.00299402,5657.958400000001,0.0,0
0.00299606,5657.241599999984,0.0,0
0.00299801,5656.573199999995,0.0,0
0.00300005,5655.901199999992,0.0,0
0.00300201,5655.299599999998,0.0,0
0.00300407,5654.659599999998,0.0,0
0.00300607,5654.1407999999965,0.0,0
0.00300805,5653.599600000015,0.0,0
0.00301009,5653.05879999999,0.0,0
0.00301207,5652.480800000002,0.0,0
0.00301402,5652.038400000012,0.0,0
0.00301607,5651.580400000011,0.0,0
0.00301802,5651.13959999998,0.0,0
0.00302003,5650.780400000005,0.0,0
0.00302208,5650.339199999992,0.0,0
0.00302406,5650.0188000000035,0.0,0
0.00302607,5649.670799999992,0.0,0
0.00302805,5649.318800000009,0.0,0
0.00303001,5649.119199999992,0.0,0
0.00303209,5648.799600000013,0.0,0
0.00303404,5648.540800000007,0.0,0
0.00303608,5648.380399999983,0.0,0
0.00303808,5648.159600000008,0.0,0
0.00304005,5648.000000000006,0.0,0
0.00304205,5647.878399999998,0.0,0
0.00304401,5647.7487999999885,0.0,0
0.00304602,5647.680399999986,0.0,0
0.00304801,5647.619200000004,0.0,0
0.00305002,5647.619200000004,0.0,0
0.00305207,5647.581200000004,0.0,0
0.00305407,5647.641200000006,0.0,0
0.00305605,5647.718400000009,0.0,0
0.00305804,5647.819599999994,0.0,0
0.00306001,5647.9007999999885,0.0,0
0.00306207,5648.060799999982,0.0,0
0.00306406,5648.258800000007,0.0,0
0.003066,5648.381200000011,0.0,0
0.00306801,5648.6399999999885,0.0,0
0.00307006,5648.899600000002,0.0,0
0.00307204,5649.21920000001,0.0,0
0.00307407,5649.500799999992,0.0,0
0.00307605,5649.821200000003,0.0,0
0.00307806,5650.278399999999,0.0,0
0.00308002,5650.658799999991,0.0,0
0.00308203,5651.100799999988,0.0,0
0.00308406,5651.580800000016,0.0,0
0.00308609,5652.098799999991,0.0,0
0.00308804,5652.601599999996,0.0,0
0.00309007,5653.1804000000175,0.0,0
0.00309202,5653.759999999994,0.0,0
0.00309403,5654.399599999996,0.0,0
0.00309603,5655.039999999981,0.0,0
0.00309803,5655.718799999999,0.0,0
0.00310009,5656.479999999999,0.0,0
0.00310204,5657.2191999999895,0.0,0
0.00310401,5657.981199999996,0.0,0
0.00310607,5658.879599999994,0.0,0
0.00310802,5659.680000000016,0.0,0
0.00311007,5660.579600000014,0.0,0
0.00311208,5661.539199999981,0.0,0
0.00311406,5662.498800000005,0.0,0
0.00311608,5663.519600000008,0.0,0
0.00311806,5664.4799999999805,0.0,0
0.00312006,5665.5392000000065,0.0,0
0.00312201,5666.616799999997,0.0,0
0.00312403,5667.779199999988,0.0,0
0.00312608,5668.960399999987,0.0,0
0.00312801,5670.140400000009,0.0,0
0.00313004,5671.383999999981,0.0,0
0.00313202,5672.639999999994,0.0,0
0.00313407,5673.980400000008,0.0,0
0.00313608,5675.359600000013,0.0,0
0.00313804,5676.6784,0.0,0
0.00314004,5678.080399999997,0.0,0
0.00314207,5679.580799999991,0.0,0
0.00314403,5681.058799999997,0.0,0
0.00314605,5682.598400000006,0.0,0
0.00314808,5684.160399999999,0.0,0
0.00315007,5685.820000000018,0.0,0
0.00315204,5687.360399999991,0.0,0
0.00315404,5689.081600000009,0.0,0
0.00315601,5690.780800000021,0.0,0
0.00315805,5692.579199999987,0.0,0
0.00316003,5694.361600000007,0.0,0
0.00316207,5696.220799999993,0.0,0
0.00316404,5698.080000000003,0.0,0
0.00316607,5700.038399999993,0.0,0
0.00316803,5701.920000000015,0.0,0
0.00317008,5703.940000000001,0.0,0
0.00317202,5705.958799999988,0.0,0
0.00317407,5708.061199999997,0.0,0
0.00317605,5710.179199999987,0.0,0
0.00317805,5712.320399999985,0.0,0
0.00318007,5714.559999999993,0.0,0
0.00318208,5716.859999999997,0.0,0
0.00318406,5719.138799999997,0.0,0
0.00318602,5721.439199999994,0.0,0
0.00318804,5723.740800000015,0.0,0
0.00319001,5726.140799999985,0.0,0
0.00319207,5728.640000000012,0.0,0
0.00319408,5731.139600000005,0.0,0
0.00319603,5733.660399999989,0.0,0
0.00319802,5736.159999999996,0.0,0
0.00320006,5738.879600000008,0.0,0
0.00320202,5741.500800000002,0.0,0
0.00320408,5744.31920000002,0.0,0
0.00320604,5746.941200000003,0.0,0
0.00320802,5749.759599999995,0.0,0
0.00321008,5752.678399999996,0.0,0
0.00321204,5755.519599999989,0.0,0
0.00321401,5758.399599999989,0.0,0
0.00321606,5761.401599999995,0.0,0
0.00321801,5764.4104000000025,0.0,0
0.00322006,5767.520000000003,0.0,0
0.00322205,5770.598799999993,0.0,0
0.00322401,5773.6995999999945,0.0,0
0.00322606,5776.960400000004,0.0,0
0.00322802,5780.160399999993,0.0,0
0.00323007,5783.580400000015,0.0,0
0.00323203,5786.833200000002,0.0,0
0.00323405,5790.240399999988,0.0,0
0.00323608,5793.699600000008,0.0,0
0.00323802,5797.119599999987,0.0,0
0.00324006,5800.701199999999,0.0,0
0.00324202,5804.220399999999,0.0,0
0.00324407,5807.900800000006,0.0,0
0.00324603,5811.5199999999995,0.0,0
0.00324808,5815.299200000008,0.0,0
0.00325006,5819.078399999998,0.0,0
0.00325202,5822.780800000019,0.0,0
0.003254,5826.6203999999825,0.0,0
