time_s,time step,kinetic energy,internal energy,spring and damper energy,hourglass energy,system damping energy,sliding interface energy,external work,eroded kinetic energy,eroded internal energy,eroded hourglass energy,total energy,total energy / initial energy,global x velocity,global y velocity,global z velocity,dissipated kinetic energy,dissipated internal energy,drilling energy,time per zone cycle.(nanosec),reached the minimum time step,added mass,percentage increase
0.0,2.25e-08,812.965,2e-20,1e-20,0.0,0.0,0.0,0.0,0.0,0.0,0.0,812.965,1.00001,0.0,0.0,-30.6394,0.0,0.0,0.0,0.0,0.0,5.713e-06,0.00053829
1.98e-06,2.25e-08,812.965,2e-20,1e-20,0.0,0.0,0.0,0.0,0.0,0.0,0.0,812.965,1.00001,0.0,0.0,-30.6394,0.0,0.0,0.0,0.0,0.0,,
3.9825e-06,2.25e-08,810.841,0.0632578,1e-20,0.0,0.0,2.06119,0.0,0.0,0.0,0.0,812.965,1.00001,-5.43194e-07,9.30122e-07,-30.6387,0.0,0.0,0.0,0.0,0.0,,
5.985e-06,2.25e-08,803.25,2.86738,1e-20,0.0,0.0,6.8465,0.0,0.0,0.0,0.0,812.964,1.00001,6.71036e-08,9.35687e-05,-30.6378,0.0,0.0,0.0,0.0,0.0,,
7.9875e-06,2.24999e-08,794.532,10.1071,1e-20,0.0,0.0,8.32261,0.0,0.0,0.0,0.0,812.961,1.0,0.000168003,0.000183595,-30.6376,0.0,0.0,0.0,0.0,0.0,,
9.98996e-06,2.24986e-08,786.578,17.3025,1e-20,0.0,0.0,9.079,0.0,0.0,0.0,0.0,812.959,1.0,0.000159402,0.000211822,-30.6376,0.0,0.0,0.0,0.0,0.0,,
1.1992e-05,2.24884e-08,779.365,24.6272,1e-20,0.0,0.0,8.96493,0.0,0.0,0.0,0.0,812.957,0.999999,0.000335341,4.99425e-05,-30.6376,0.0,0.0,0.0,0.0,0.0,,
1.39921e-05,2.24527e-08,772.752,31.7676,1e-20,0.0,0.0,8.4365,0.0,0.0,0.0,0.0,812.956,0.999997,0.000293537,-7.31723e-05,-30.6377,0.0,0.0,0.0,0.0,0.0,,
1.59878e-05,2.23919e-08,767.18,37.5605,1e-20,0.0,0.0,8.21431,0.0,0.0,0.0,0.0,812.955,0.999996,-1.89701e-05,0.000138544,-30.6378,0.0,0.0,0.0,0.0,0.0,,
1.79785e-05,2.23502e-08,762.675,42.2023,1e-20,0.0,0.0,8.07668,0.0,0.0,0.0,0.0,812.954,0.999995,-8.94219e-05,3.67247e-05,-30.6379,0.0,0.0,0.0,0.0,0.0,,
1.99921e-05,2.2488e-08,758.458,46.6312,1e-20,0.0,0.0,7.86337,0.0,0.0,0.0,0.0,812.953,0.999994,-0.000153248,6.28703e-06,-30.638,0.0,0.0,0.0,14116.0,0.0,,
2.19941e-05,2.25e-08,754.181,50.8912,1e-20,0.0,0.0,7.87969,0.0,0.0,0.0,0.0,812.952,0.999993,2.41334e-05,0.000433063,-30.638,0.0,0.0,0.0,0.0,0.0,,
2.39966e-05,2.25e-08,749.889,55.3524,1e-20,0.0,0.0,7.71004,0.0,0.0,0.0,0.0,812.951,0.999992,0.000307164,0.000806992,-30.638,0.0,0.0,0.0,0.0,0.0,,
2.59991e-05,2.25e-08,745.669,59.8588,1e-20,0.0,0.0,7.42313,0.0,0.0,0.0,0.0,812.951,0.999992,0.000483788,0.000703436,-30.6382,0.0,0.0,0.0,0.0,0.0,,
2.79791e-05,2.25e-08,741.246,64.5181,1e-20,0.0,0.0,7.1878,0.0,0.0,0.0,0.0,812.952,0.999993,0.000705743,0.000413465,-30.6383,0.0,0.0,0.0,14116.0,0.0,,
2.99816e-05,2.25e-08,736.151,69.7599,1e-20,0.0,0.0,7.04248,0.0,0.0,0.0,0.0,812.953,0.999994,0.000721624,3.29744e-05,-30.6384,0.0,0.0,0.0,0.0,0.0,,
3.19836e-05,2.24816e-08,730.555,75.4173,1e-20,0.0,0.0,6.9818,0.0,0.0,0.0,0.0,812.954,0.999995,0.000541353,-0.00049055,-30.6385,0.0,0.0,0.0,0.0,0.0,,
3.39833e-05,2.24579e-08,724.656,81.169,1e-20,0.0,0.0,7.12841,0.0,0.0,0.0,0.0,812.953,0.999994,0.00039512,-0.00114217,-30.6385,0.0,0.0,0.0,0.0,0.0,,
3.5985e-05,2.24996e-08,718.71,86.7927,1e-20,0.0,0.0,7.45005,0.0,0.0,0.0,0.0,812.952,0.999993,0.000508585,-0.00180002,-30.6385,0.0,0.0,0.0,14116.0,0.0,,
3.79874e-05,2.24986e-08,713.364,91.7499,1e-20,0.0,0.0,7.83856,0.0,0.0,0.0,0.0,812.952,0.999993,0.000582277,-0.00221171,-30.6385,0.0,0.0,0.0,0.0,0.0,,
3.99897e-05,2.24957e-08,708.891,95.8031,1e-20,0.0,0.0,8.25763,0.0,0.0,0.0,0.0,812.952,0.999992,0.000665624,-0.00260643,-30.6385,0.0,0.0,0.0,0.0,0.0,,
4.19915e-05,2.24885e-08,704.789,99.4596,1e-20,0.0,0.0,8.70194,0.0,0.0,0.0,0.0,812.951,0.999991,0.00072739,-0.00289389,-30.6385,0.0,0.0,0.0,0.0,0.0,,
4.39914e-05,2.24733e-08,700.555,103.317,1e-20,0.0,0.0,9.07813,0.0,0.0,0.0,0.0,812.95,0.99999,0.000689564,-0.00298369,-30.6385,0.0,0.0,0.0,0.0,0.0,,
4.59904e-05,2.24451e-08,696.007,107.62,1e-20,0.0,0.0,9.32208,0.0,0.0,0.0,0.0,812.95,0.99999,0.000956528,-0.00286717,-30.6385,0.0,0.0,0.0,0.0,0.0,,
4.79861e-05,2.24e-08,691.281,112.112,1e-20,0.0,0.0,9.55614,0.0,0.0,0.0,0.0,812.95,0.99999,0.00127901,-0.00258553,-30.6385,0.0,0.0,0.0,0.0,0.0,,
4.99994e-05,2.23362e-08,686.537,116.592,1e-20,0.0,0.0,9.81985,0.0,0.0,0.0,0.0,812.949,0.999989,0.00198955,-0.0018721,-30.6385,0.0,0.0,0.0,0.0,0.0,,
5.1984e-05,2.22598e-08,681.995,120.823,1e-20,0.0,0.0,10.1287,0.0,0.0,0.0,0.0,812.947,0.999987,0.00338717,-0.00103333,-30.6385,0.0,0.0,0.0,0.0,0.0,,
5.39838e-05,2.21789e-08,677.818,124.651,1e-20,0.0,0.0,10.4761,0.0,0.0,0.0,0.0,812.945,0.999985,0.00476229,-0.000283351,-30.6384,0.0,0.0,0.0,0.0,0.0,,
5.59987e-05,2.21058e-08,674.284,127.775,1e-20,0.0,0.0,10.8851,0.0,0.0,0.0,0.0,812.944,0.999983,0.00578276,0.00121383,-30.6384,0.0,0.0,0.0,0.0,0.0,,
5.79856e-05,2.20515e-08,671.348,130.212,1e-20,0.0,0.0,11.3825,0.0,0.0,0.0,0.0,812.942,0.999981,0.00667862,0.00354949,-30.6384,0.0,0.0,0.0,0.0,0.0,,
5.99907e-05,2.20184e-08,668.647,132.359,1e-20,0.0,0.0,11.9338,0.0,0.0,0.0,0.0,812.94,0.999978,0.00760439,0.0062515,-30.6383,0.0,0.0,0.0,0.0,0.0,,
6.19936e-05,2.20056e-08,665.983,134.508,1e-20,0.0,0.0,12.4468,0.0,0.0,0.0,0.0,812.938,0.999975,0.00831377,0.00919179,-30.6383,0.0,0.0,0.0,0.0,0.0,,
6.39909e-05,2.24795e-08,663.081,137.034,1e-20,0.0,0.0,12.8202,0.0,0.0,0.0,0.0,812.935,0.999972,0.00861208,0.0123684,-30.6382,0.0,0.0,0.0,0.0,0.0,,
6.59924e-05,2.25014e-08,659.765,140.161,1e-20,0.0,0.0,13.0089,0.0,0.0,0.0,0.0,812.934,0.999971,0.0090072,0.0157205,-30.6382,0.0,0.0,0.0,14116.0,0.0,,
6.79952e-05,2.25073e-08,656.227,143.704,1e-20,0.0,0.0,13.0029,0.0,0.0,0.0,0.0,812.935,0.999971,0.00985143,0.0191786,-30.6382,0.0,0.0,0.0,0.0,0.0,,
6.99786e-05,2.25169e-08,652.827,147.233,1e-20,0.0,0.0,12.8744,0.0,0.0,0.0,0.0,812.935,0.999972,0.0105727,0.0229367,-30.6383,0.0,0.0,0.0,0.0,0.0,,
7.19922e-05,2.23307e-08,649.746,150.452,1e-20,0.0,0.0,12.7383,0.0,0.0,0.0,0.0,812.936,0.999974,0.0110428,0.0267789,-30.6384,0.0,0.0,0.0,0.0,0.0,,
7.39998e-05,2.22803e-08,647.246,152.983,1e-20,0.0,0.0,12.7087,0.0,0.0,0.0,0.0,812.938,0.999975,0.0112193,0.0301822,-30.6384,0.0,0.0,0.0,0.0,0.0,,
7.59806e-05,2.22362e-08,645.387,154.74,1e-20,0.0,0.0,12.8113,0.0,0.0,0.0,0.0,812.939,0.999977,0.0113212,0.0328872,-30.6385,0.0,0.0,0.0,0.0,0.0,,
7.79808e-05,2.22174e-08,644.016,155.949,1e-20,0.0,0.0,12.9745,0.0,0.0,0.0,0.0,812.939,0.999977,0.0113651,0.0352491,-30.6385,0.0,0.0,0.0,0.0,0.0,,
7.998e-05,2.21993e-08,642.992,156.795,1e-20,0.0,0.0,13.151,0.0,0.0,0.0,0.0,812.938,0.999976,0.0113833,0.0376892,-30.6385,0.0,0.0,0.0,0.0,0.0,,
8.1998e-05,2.21485e-08,642.413,157.179,1e-20,0.0,0.0,13.3456,0.0,0.0,0.0,0.0,812.938,0.999975,0.01133,0.0405305,-30.6385,0.0,0.0,0.0,0.0,0.0,,
8.39886e-05,2.2085e-08,642.339,157.04,1e-20,0.0,0.0,13.5586,0.0,0.0,0.0,0.0,812.938,0.999975,0.0112546,0.0436154,-30.6385,0.0,0.0,0.0,0.0,0.0,,
8.59952e-05,2.20148e-08,642.832,156.324,1e-20,0.0,0.0,13.7812,0.0,0.0,0.0,0.0,812.937,0.999974,0.0113562,0.0469475,-30.6385,0.0,0.0,0.0,14116.0,0.0,,
8.79955e-05,2.19481e-08,643.821,155.082,1e-20,0.0,0.0,14.0319,0.0,0.0,0.0,0.0,812.935,0.999972,0.0117142,0.0508896,-30.6385,0.0,0.0,0.0,0.0,0.0,,
8.99904e-05,2.18989e-08,645.05,153.56,1e-20,0.0,0.0,14.3236,0.0,0.0,0.0,0.0,812.933,0.999969,0.0122857,0.0553711,-30.6385,0.0,0.0,0.0,0.0,0.0,,
9.1982e-05,2.18775e-08,646.353,151.999,1e-20,0.0,0.0,14.581,0.0,0.0,0.0,0.0,812.932,0.999968,0.0129473,0.0596718,-30.6385,0.0,0.0,0.0,0.0,0.0,,
9.39792e-05,2.22352e-08,647.881,150.328,1e-20,0.0,0.0,14.7218,0.0,0.0,0.0,0.0,812.931,0.999967,0.0132091,0.0629115,-30.6385,0.0,0.0,0.0,0.0,0.0,,
9.59999e-05,2.2175e-08,649.91,148.271,1e-20,0.0,0.0,14.7509,0.0,0.0,0.0,0.0,812.931,0.999967,0.0133514,0.0649846,-30.6385,0.0,0.0,0.0,0.0,0.0,,
9.79952e-05,2.2211e-08,652.537,145.698,1e-20,0.0,0.0,14.6972,0.0,0.0,0.0,0.0,812.931,0.999967,0.0136573,0.0661583,-30.6385,0.0,0.0,0.0,0.0,0.0,,
9.99918e-05,2.21611e-08,655.575,142.724,1e-20,0.0,0.0,14.6331,0.0,0.0,0.0,0.0,812.932,0.999968,0.0139072,0.0665553,-30.6385,0.0,0.0,0.0,0.0,0.0,,
0.000101989,2.22217e-08,658.659,139.7,1e-20,0.0,0.0,14.5742,0.0,0.0,0.0,0.0,812.933,0.999969,0.013892,0.0661607,-30.6386,0.0,0.0,0.0,0.0,0.0,,
0.000103987,2.21954e-08,661.58,136.849,1e-20,0.0,0.0,14.5046,0.0,0.0,0.0,0.0,812.934,0.99997,0.0140238,0.064877,-30.6386,0.0,0.0,0.0,0.0,0.0,,
0.000105986,2.22113e-08,664.112,134.391,1e-20,0.0,0.0,14.4313,0.0,0.0,0.0,0.0,812.935,0.999971,0.0146957,0.0625447,-30.6386,0.0,0.0,0.0,0.0,0.0,,
0.000107988,2.24497e-08,666.206,132.379,1e-20,0.0,0.0,14.3503,0.0,0.0,0.0,0.0,812.935,0.999972,0.0154378,0.0597188,-30.6387,0.0,0.0,0.0,0.0,0.0,,
0.000109989,2.21948e-08,668.161,130.503,1e-20,0.0,0.0,14.2731,0.0,0.0,0.0,0.0,812.937,0.999974,0.0160165,0.0562706,-30.6387,0.0,0.0,0.0,0.0,0.0,,
0.000111985,2.21582e-08,670.285,128.443,1e-20,0.0,0.0,14.2102,0.0,0.0,0.0,0.0,812.938,0.999975,0.016498,0.0515645,-30.6387,0.0,0.0,0.0,0.0,0.0,,
0.000114,2.21187e-08,672.773,125.985,1e-20,0.0,0.0,14.1805,0.0,0.0,0.0,0.0,812.938,0.999976,0.0169804,0.0459861,-30.6388,0.0,0.0,0.0,0.0,0.0,,
0.000115989,2.20941e-08,675.454,123.308,1e-20,0.0,0.0,14.1765,0.0,0.0,0.0,0.0,812.939,0.999977,0.0175682,0.0404623,-30.6388,0.0,0.0,0.0,0.0,0.0,,
0.000117999,2.20807e-08,678.163,120.577,1e-20,0.0,0.0,14.2001,0.0,0.0,0.0,0.0,812.94,0.999977,0.0182988,0.0351142,-30.6388,0.0,0.0,0.0,0.0,0.0,,
0.000119985,2.20577e-08,680.701,117.972,1e-20,0.0,0.0,14.2661,0.0,0.0,0.0,0.0,812.939,0.999977,0.0191667,0.0298067,-30.6388,0.0,0.0,0.0,0.0,0.0,,
0.000121991,2.20334e-08,683.093,115.454,1e-20,0.0,0.0,14.3918,0.0,0.0,0.0,0.0,812.939,0.999976,0.0201307,0.0240062,-30.6388,0.0,0.0,0.0,0.0,0.0,,
0.000123984,2.21818e-08,685.3,113.093,1e-20,0.0,0.0,14.5452,0.0,0.0,0.0,0.0,812.938,0.999975,0.0212093,0.0175491,-30.6388,0.0,0.0,0.0,0.0,0.0,,
0.000125981,2.21933e-08,687.356,110.915,1e-20,0.0,0.0,14.6659,0.0,0.0,0.0,0.0,812.938,0.999975,0.0224135,0.0103978,-30.6388,0.0,0.0,0.0,0.0,0.0,,
0.00012798,2.22355e-08,689.264,108.941,1e-20,0.0,0.0,14.7325,0.0,0.0,0.0,0.0,812.937,0.999974,0.0234097,0.00273089,-30.6388,0.0,0.0,0.0,0.0,0.0,,
0.000129981,2.24438e-08,691.066,107.118,1e-20,0.0,0.0,14.7534,0.0,0.0,0.0,0.0,812.937,0.999974,0.0242067,-0.0054923,-30.6388,0.0,0.0,0.0,0.0,0.0,,
0.000131979,2.24577e-08,692.898,105.312,1e-20,0.0,0.0,14.7268,0.0,0.0,0.0,0.0,812.937,0.999974,0.0253543,-0.014467,-30.6388,0.0,0.0,0.0,0.0,0.0,,
0.000133984,2.22237e-08,694.727,103.552,1e-20,0.0,0.0,14.6588,0.0,0.0,0.0,0.0,812.938,0.999975,0.0271683,-0.0238977,-30.6388,0.0,0.0,0.0,0.0,0.0,,
0.000135985,2.22337e-08,696.269,102.105,1e-20,0.0,0.0,14.5645,0.0,0.0,0.0,0.0,812.939,0.999976,0.0295707,-0.0331847,-30.6388,0.0,0.0,0.0,0.0,0.0,,
0.000137986,2.22435e-08,697.308,101.173,1e-20,0.0,0.0,14.4582,0.0,0.0,0.0,0.0,812.94,0.999978,0.0321831,-0.0425736,-30.6389,0.0,0.0,0.0,0.0,0.0,,
0.000139999,2.23977e-08,697.945,100.659,1e-20,0.0,0.0,14.3361,0.0,0.0,0.0,0.0,812.941,0.999979,0.034647,-0.0522711,-30.6389,0.0,0.0,0.0,0.0,0.0,,
0.000141995,2.24374e-08,698.426,100.324,1e-20,0.0,0.0,14.1926,0.0,0.0,0.0,0.0,812.943,0.999981,0.0369169,-0.0619298,-30.6389,0.0,0.0,0.0,0.0,0.0,,
0.000143993,2.24502e-08,698.876,100.038,1e-20,0.0,0.0,14.0296,0.0,0.0,0.0,0.0,812.944,0.999983,0.038901,-0.0712167,-30.639,0.0,0.0,0.0,0.0,0.0,,
0.000145987,2.22898e-08,699.259,99.8263,1e-20,0.0,0.0,13.8604,0.0,0.0,0.0,0.0,812.946,0.999985,0.0406041,-0.0800573,-30.639,0.0,0.0,0.0,0.0,0.0,,
0.000147992,2.22607e-08,699.432,99.8072,1e-20,0.0,0.0,13.709,0.0,0.0,0.0,0.0,812.948,0.999988,0.0420742,-0.0887657,-30.6391,0.0,0.0,0.0,0.0,0.0,,
0.000149994,2.22199e-08,699.333,100.018,1e-20,0.0,0.0,13.5986,0.0,0.0,0.0,0.0,812.95,0.99999,0.0433788,-0.0975835,-30.6391,0.0,0.0,0.0,0.0,0.0,,
0.000151992,2.21949e-08,699.139,100.3,1e-20,0.0,0.0,13.5122,0.0,0.0,0.0,0.0,812.951,0.999992,0.0447127,-0.106431,-30.6391,0.0,0.0,0.0,0.0,0.0,,
0.000153998,2.22729e-08,699.082,100.453,1e-20,0.0,0.0,13.4172,0.0,0.0,0.0,0.0,812.953,0.999993,0.0462204,-0.115003,-30.6392,0.0,0.0,0.0,0.0,0.0,,
0.000155978,2.22256e-08,699.114,100.534,1e-20,0.0,0.0,13.3053,0.0,0.0,0.0,0.0,812.954,0.999995,0.0478193,-0.122951,-30.6392,0.0,0.0,0.0,0.0,0.0,,
0.000157999,2.21888e-08,699.105,100.662,1e-20,0.0,0.0,13.1889,0.0,0.0,0.0,0.0,812.956,0.999997,0.0495266,-0.13043,-30.6392,0.0,0.0,0.0,0.0,0.0,,
0.000159995,2.21657e-08,698.941,100.93,1e-20,0.0,0.0,13.0864,0.0,0.0,0.0,0.0,812.957,0.999999,0.0512226,-0.137194,-30.6393,0.0,0.0,0.0,0.0,0.0,,
0.000161989,2.21574e-08,698.402,101.549,1e-20,0.0,0.0,13.0068,0.0,0.0,0.0,0.0,812.959,1.0,0.052807,-0.143514,-30.6393,0.0,0.0,0.0,0.0,0.0,,
0.000163984,2.21674e-08,697.268,102.737,1e-20,0.0,0.0,12.9543,0.0,0.0,0.0,0.0,812.959,1.0,0.0543671,-0.149516,-30.6393,0.0,0.0,0.0,0.0,0.0,,
0.000165991,2.23705e-08,695.411,104.626,1e-20,0.0,0.0,12.9225,0.0,0.0,0.0,0.0,812.96,1.0,0.0560034,-0.155261,-30.6393,0.0,0.0,0.0,0.0,0.0,,
0.000167982,2.23597e-08,693.073,106.986,1e-20,0.0,0.0,12.9021,0.0,0.0,0.0,0.0,812.961,1.0,0.057634,-0.160622,-30.6393,0.0,0.0,0.0,0.0,0.0,,
0.00016999,2.22593e-08,690.491,109.586,1e-20,0.0,0.0,12.8851,0.0,0.0,0.0,0.0,812.961,1.0,0.0592122,-0.165649,-30.6393,0.0,0.0,0.0,0.0,0.0,,
0.00017199,2.21785e-08,687.758,112.332,1e-20,0.0,0.0,12.8714,0.0,0.0,0.0,0.0,812.962,1.0,0.0607649,-0.170205,-30.6393,0.0,0.0,0.0,0.0,0.0,,
0.000173984,2.21492e-08,684.923,115.175,1e-20,0.0,0.0,12.8647,0.0,0.0,0.0,0.0,812.962,1.00001,0.0622523,-0.174172,-30.6394,0.0,0.0,0.0,0.0,0.0,,
0.000175983,2.21986e-08,682.101,117.992,1e-20,0.0,0.0,12.8701,0.0,0.0,0.0,0.0,812.963,1.00001,0.063695,-0.177454,-30.6394,0.0,0.0,0.0,14116.0,0.0,,
0.000177979,2.21556e-08,679.409,120.665,1e-20,0.0,0.0,12.8902,0.0,0.0,0.0,0.0,812.963,1.00001,0.0651366,-0.180006,-30.6394,0.0,0.0,0.0,0.0,0.0,,
0.000179994,2.21388e-08,676.808,123.235,1e-20,0.0,0.0,12.9202,0.0,0.0,0.0,0.0,812.964,1.00001,0.0666673,-0.181887,-30.6394,0.0,0.0,0.0,0.0,0.0,,
0.000181987,2.21447e-08,674.323,125.69,1e-20,0.0,0.0,12.9514,0.0,0.0,0.0,0.0,812.964,1.00001,0.0682819,-0.183117,-30.6394,0.0,0.0,0.0,0.0,0.0,,
0.000183987,2.22904e-08,672.043,127.945,1e-20,0.0,0.0,12.9763,0.0,0.0,0.0,0.0,812.964,1.00001,0.0699144,-0.183833,-30.6394,0.0,0.0,0.0,0.0,0.0,,
0.000185992,2.22641e-08,670.11,129.858,1e-20,0.0,0.0,12.9957,0.0,0.0,0.0,0.0,812.964,1.00001,0.0714984,-0.184099,-30.6394,0.0,0.0,0.0,0.0,0.0,,
0.000187993,2.2242e-08,668.425,131.525,1e-20,0.0,0.0,13.0152,0.0,0.0,0.0,0.0,812.964,1.00001,0.0730163,-0.183889,-30.6394,0.0,0.0,0.0,0.0,0.0,,
0.000189995,2.23268e-08,666.786,133.139,1e-20,0.0,0.0,13.0403,0.0,0.0,0.0,0.0,812.965,1.00001,0.0745054,-0.183174,-30.6394,0.0,0.0,0.0,0.0,0.0,,
0.000191981,2.23016e-08,665.108,134.786,1e-20,0.0,0.0,13.0705,0.0,0.0,0.0,0.0,812.965,1.00001,0.0759588,-0.181964,-30.6394,0.0,0.0,0.0,0.0,0.0,,
0.000193985,2.21848e-08,663.312,136.55,1e-20,0.0,0.0,13.1033,0.0,0.0,0.0,0.0,812.965,1.00001,0.0773754,-0.180367,-30.6394,0.0,0.0,0.0,0.0,0.0,,
0.000195982,2.21853e-08,661.41,138.418,1e-20,0.0,0.0,13.1382,0.0,0.0,0.0,0.0,812.965,1.00001,0.0787371,-0.178668,-30.6394,0.0,0.0,0.0,0.0,0.0,,
0.000197979,2.22295e-08,659.509,140.278,1e-20,0.0,0.0,13.1786,0.0,0.0,0.0,0.0,812.965,1.00001,0.0800602,-0.177125,-30.6394,0.0,0.0,0.0,0.0,0.0,,
0.000199981,2.22616e-08,657.655,142.087,1e-20,0.0,0.0,13.2231,0.0,0.0,0.0,0.0,812.966,1.00001,0.0813732,-0.17589,-30.6394,0.0,0.0,0.0,0.0,0.0,,
0.000201985,2.22793e-08,655.835,143.867,1e-20,0.0,0.0,13.264,0.0,0.0,0.0,0.0,812.966,1.00001,0.0826953,-0.174996,-30.6394,0.0,0.0,0.0,0.0,0.0,,
0.000203991,2.22812e-08,654.097,145.568,1e-20,0.0,0.0,13.3002,0.0,0.0,0.0,0.0,812.966,1.00001,0.0840189,-0.174376,-30.6394,0.0,0.0,0.0,0.0,0.0,,
0.000205996,2.2282e-08,652.507,147.125,1e-20,0.0,0.0,13.3331,0.0,0.0,0.0,0.0,812.966,1.00001,0.0853751,-0.173948,-30.6394,0.0,0.0,0.0,0.0,0.0,,
0.000207979,2.22911e-08,651.155,148.451,1e-20,0.0,0.0,13.3595,0.0,0.0,0.0,0.0,812.966,1.00001,0.0868062,-0.173656,-30.6394,0.0,0.0,0.0,0.0,0.0,,
0.000209985,2.22717e-08,650.099,149.485,1e-20,0.0,0.0,13.3815,0.0,0.0,0.0,0.0,812.966,1.00001,0.088342,-0.173408,-30.6394,0.0,0.0,0.0,0.0,0.0,,
0.000211988,2.2252e-08,649.364,150.2,1e-20,0.0,0.0,13.4015,0.0,0.0,0.0,0.0,812.966,1.00001,0.0899235,-0.173131,-30.6394,0.0,0.0,0.0,0.0,0.0,,
0.00021399,2.22372e-08,648.933,150.615,1e-20,0.0,0.0,13.4178,0.0,0.0,0.0,0.0,812.965,1.00001,0.0914975,-0.172857,-30.6394,0.0,0.0,0.0,0.0,0.0,,
0.000215991,2.22318e-08,648.853,150.681,1e-20,0.0,0.0,13.4314,0.0,0.0,0.0,0.0,812.965,1.00001,0.0930847,-0.172747,-30.6394,0.0,0.0,0.0,0.0,0.0,,
0.000217992,2.22376e-08,649.179,150.338,1e-20,0.0,0.0,13.4484,0.0,0.0,0.0,0.0,812.965,1.00001,0.094803,-0.173032,-30.6394,0.0,0.0,0.0,0.0,0.0,,
0.000219994,2.22445e-08,649.914,149.579,1e-20,0.0,0.0,13.4722,0.0,0.0,0.0,0.0,812.965,1.00001,0.0967332,-0.173962,-30.6394,0.0,0.0,0.0,0.0,0.0,,
0.000221996,2.22433e-08,651.052,148.411,1e-20,0.0,0.0,13.5025,0.0,0.0,0.0,0.0,812.965,1.00001,0.0988433,-0.175749,-30.6394,0.0,0.0,0.0,0.0,0.0,,
0.000223998,2.23053e-08,652.564,146.863,1e-20,0.0,0.0,13.5383,0.0,0.0,0.0,0.0,812.965,1.00001,0.101045,-0.178527,-30.6394,0.0,0.0,0.0,0.0,0.0,,
0.000225982,2.22768e-08,654.298,145.089,1e-20,0.0,0.0,13.5783,0.0,0.0,0.0,0.0,812.965,1.00001,0.10324,-0.182283,-30.6394,0.0,0.0,0.0,0.0,0.0,,
0.000227997,2.25144e-08,656.082,143.263,1e-20,0.0,0.0,13.62,0.0,0.0,0.0,0.0,812.965,1.00001,0.105454,-0.187056,-30.6394,0.0,0.0,0.0,0.0,0.0,,
0.000229978,2.25055e-08,657.746,141.559,1e-20,0.0,0.0,13.6604,0.0,0.0,0.0,0.0,812.965,1.00001,0.107625,-0.192572,-30.6394,0.0,0.0,0.0,0.0,0.0,,
0.00023198,2.24914e-08,659.254,140.009,1e-20,0.0,0.0,13.7027,0.0,0.0,0.0,0.0,812.965,1.00001,0.109861,-0.198806,-30.6394,0.0,0.0,0.0,0.0,0.0,,
0.000233981,2.24759e-08,660.481,138.734,1e-20,0.0,0.0,13.7505,0.0,0.0,0.0,0.0,812.965,1.00001,0.112175,-0.205499,-30.6394,0.0,0.0,0.0,0.0,0.0,,
0.000235979,2.24494e-08,661.386,137.776,1e-20,0.0,0.0,13.8033,0.0,0.0,0.0,0.0,812.965,1.00001,0.114563,-0.212443,-30.6394,0.0,0.0,0.0,0.0,0.0,,
0.000237978,2.24644e-08,662.089,137.019,1e-20,0.0,0.0,13.8575,0.0,0.0,0.0,0.0,812.965,1.00001,0.11704,-0.219507,-30.6394,0.0,0.0,0.0,0.0,0.0,,
0.000239997,2.23905e-08,662.775,136.282,1e-20,0.0,0.0,13.9078,0.0,0.0,0.0,0.0,812.965,1.00001,0.11965,-0.226714,-30.6394,0.0,0.0,0.0,0.0,0.0,,
0.000241986,2.23319e-08,663.494,135.52,1e-20,0.0,0.0,13.9502,0.0,0.0,0.0,0.0,812.965,1.00001,0.122308,-0.233967,-30.6394,0.0,0.0,0.0,0.0,0.0,,
0.000243996,2.23198e-08,664.245,134.732,1e-20,0.0,0.0,13.9878,0.0,0.0,0.0,0.0,812.965,1.00001,0.124995,-0.241559,-30.6394,0.0,0.0,0.0,0.0,0.0,,
0.000245982,2.2329e-08,664.98,133.956,1e-20,0.0,0.0,14.0285,0.0,0.0,0.0,0.0,812.965,1.00001,0.127519,-0.249441,-30.6394,0.0,0.0,0.0,0.0,0.0,,
0.000247992,2.23394e-08,665.708,133.173,1e-20,0.0,0.0,14.0836,0.0,0.0,0.0,0.0,812.965,1.00001,0.129852,-0.257854,-30.6394,0.0,0.0,0.0,0.0,0.0,,
0.000249981,2.23507e-08,666.444,132.367,1e-20,0.0,0.0,14.1543,0.0,0.0,0.0,0.0,812.965,1.00001,0.131947,-0.266601,-30.6394,0.0,0.0,0.0,0.0,0.0,,
0.000251993,2.23584e-08,667.137,131.577,1e-20,0.0,0.0,14.2514,0.0,0.0,0.0,0.0,812.965,1.00001,0.13391,-0.27579,-30.6394,0.0,0.0,0.0,0.0,0.0,,
0.000253983,2.23465e-08,667.661,130.951,1e-20,0.0,0.0,14.3528,0.0,0.0,0.0,0.0,812.965,1.00001,0.135748,-0.285107,-30.6394,0.0,0.0,0.0,0.0,0.0,,
0.000255993,2.23309e-08,667.92,130.582,1e-20,0.0,0.0,14.4627,0.0,0.0,0.0,0.0,812.965,1.00001,0.137541,-0.294693,-30.6394,0.0,0.0,0.0,14116.0,0.0,,
0.00025799,2.25087e-08,667.699,130.636,1e-20,0.0,0.0,14.6298,0.0,0.0,0.0,0.0,812.965,1.00001,0.139299,-0.304369,-30.6394,0.0,0.0,0.0,0.0,0.0,,
0.000259993,2.2493e-08,666.849,131.31,1e-20,0.0,0.0,14.8057,0.0,0.0,0.0,0.0,812.965,1.00001,0.141099,-0.31421,-30.6394,0.0,0.0,0.0,0.0,0.0,,
0.000261994,2.24601e-08,665.421,132.565,1e-20,0.0,0.0,14.9791,0.0,0.0,0.0,0.0,812.965,1.00001,0.142942,-0.324103,-30.6394,0.0,0.0,0.0,0.0,0.0,,
0.000263986,2.23439e-08,663.575,134.243,1e-20,0.0,0.0,15.147,0.0,0.0,0.0,0.0,812.965,1.00001,0.144745,-0.333842,-30.6394,0.0,0.0,0.0,0.0,0.0,,
0.000265994,2.22748e-08,661.514,136.226,1e-20,0.0,0.0,15.2241,0.0,0.0,0.0,0.0,812.965,1.00001,0.146402,-0.343314,-30.6394,0.0,0.0,0.0,0.0,0.0,,
0.000267997,2.22342e-08,659.467,138.246,1e-20,0.0,0.0,15.2513,0.0,0.0,0.0,0.0,812.965,1.00001,0.147781,-0.3522,-30.6394,0.0,0.0,0.0,0.0,0.0,,
0.000269998,2.22545e-08,657.507,140.18,1e-20,0.0,0.0,15.2777,0.0,0.0,0.0,0.0,812.965,1.00001,0.148849,-0.360394,-30.6394,0.0,0.0,0.0,0.0,0.0,,
0.000271994,2.24347e-08,655.693,141.978,1e-20,0.0,0.0,15.2935,0.0,0.0,0.0,0.0,812.964,1.00001,0.149652,-0.367867,-30.6394,0.0,0.0,0.0,0.0,0.0,,
0.00027399,2.24079e-08,653.995,143.657,1e-20,0.0,0.0,15.3124,0.0,0.0,0.0,0.0,812.964,1.00001,0.150279,-0.374704,-30.6394,0.0,0.0,0.0,0.0,0.0,,
0.000275982,2.23589e-08,652.338,145.284,1e-20,0.0,0.0,15.3424,0.0,0.0,0.0,0.0,812.964,1.00001,0.150787,-0.381013,-30.6394,0.0,0.0,0.0,0.0,0.0,,
0.000277992,2.23088e-08,650.72,146.852,1e-20,0.0,0.0,15.3923,0.0,0.0,0.0,0.0,812.964,1.00001,0.151213,-0.387011,-30.6394,0.0,0.0,0.0,0.0,0.0,,
0.00027998,2.24241e-08,649.185,148.315,1e-20,0.0,0.0,15.4635,0.0,0.0,0.0,0.0,812.964,1.00001,0.151538,-0.392736,-30.6394,0.0,0.0,0.0,0.0,0.0,,
0.00028198,2.25271e-08,647.679,149.742,1e-20,0.0,0.0,15.5437,0.0,0.0,0.0,0.0,812.964,1.00001,0.151708,-0.398387,-30.6394,0.0,0.0,0.0,0.0,0.0,,
0.000283986,2.2526e-08,646.232,151.109,1e-20,0.0,0.0,15.6227,0.0,0.0,0.0,0.0,812.964,1.00001,0.151629,-0.403914,-30.6394,0.0,0.0,0.0,0.0,0.0,,
0.000285989,2.24807e-08,644.833,152.428,1e-20,0.0,0.0,15.7024,0.0,0.0,0.0,0.0,812.964,1.00001,0.151197,-0.409179,-30.6394,0.0,0.0,0.0,0.0,0.0,,
0.000287988,2.2429e-08,643.397,153.787,1e-20,0.0,0.0,15.7803,0.0,0.0,0.0,0.0,812.964,1.00001,0.150359,-0.414023,-30.6394,0.0,0.0,0.0,0.0,0.0,,
0.000289982,2.23865e-08,641.915,155.195,1e-20,0.0,0.0,15.8539,0.0,0.0,0.0,0.0,812.964,1.00001,0.14918,-0.418321,-30.6394,0.0,0.0,0.0,0.0,0.0,,
0.000291994,2.22749e-08,640.429,156.61,1e-20,0.0,0.0,15.9256,0.0,0.0,0.0,0.0,812.964,1.00001,0.147761,-0.422085,-30.6394,0.0,0.0,0.0,0.0,0.0,,
0.000293999,2.23163e-08,638.97,157.999,1e-20,0.0,0.0,15.9946,0.0,0.0,0.0,0.0,812.964,1.00001,0.146236,-0.425332,-30.6394,0.0,0.0,0.0,0.0,0.0,,
0.000295984,2.22901e-08,637.458,159.444,1e-20,0.0,0.0,16.0618,0.0,0.0,0.0,0.0,812.964,1.00001,0.144727,-0.42818,-30.6394,0.0,0.0,0.0,0.0,0.0,,
0.000297989,2.22736e-08,635.797,161.034,1e-20,0.0,0.0,16.1326,0.0,0.0,0.0,0.0,812.964,1.00001,0.143316,-0.430815,-30.6394,0.0,0.0,0.0,0.0,0.0,,
0.000299993,2.22685e-08,634.004,162.746,1e-20,0.0,0.0,16.213,0.0,0.0,0.0,0.0,812.964,1.00001,0.142113,-0.433285,-30.6394,0.0,0.0,0.0,0.0,0.0,,
