time_s,rigid_rotation_x_deg,rigid_rotation_y_deg,rigid_rotation_z_deg,left_bore_centroid_dx_m,left_bore_centroid_dy_m,left_bore_centroid_transverse_m,right_bore_centroid_dx_m,right_bore_centroid_dy_m,right_bore_centroid_transverse_m,left_front_bore_centroid_dx_m,left_front_bore_centroid_dy_m,left_front_bore_centroid_transverse_m,left_front_bore_minimum_sampled_cable_clearance_m,right_front_bore_centroid_dx_m,right_front_bore_centroid_dy_m,right_front_bore_centroid_transverse_m,right_front_bore_minimum_sampled_cable_clearance_m
0.0,-1.900617556002543e-16,-1.79655924876644e-17,-2.862244527677183e-17,0.0,0.0,0.0,0.0,0.0,0.0,0.0,0.0,0.0,0.0015398999682796105,0.0,0.0,0.0,0.0015398999682796105
9.989963192433703e-06,0.0004736154565724062,-2.8787381661071495e-06,7.506879112176076e-07,0.0,-5.681492931090697e-35,5.681492931090697e-35,0.0,5.1875620588910834e-36,5.1875620588910834e-36,-9.108816131919717e-14,1.0023614189901632e-13,1.3544126873044206e-13,0.0015398999684677777,-3.2973190150498155e-14,-2.1423162910832774e-14,3.932153580170781e-14,0.0015398999682898445
1.9946928863864597e-05,0.0034399825711079837,9.803151713246349e-06,-1.4064062581363918e-06,0.0,9.036413839316615e-24,9.036413839316615e-24,0.0,2.0881907736764118e-24,2.0881907736764118e-24,-2.644987464684237e-08,2.262390274326596e-08,3.480570131703184e-08,0.0015395875474237416,-1.3745842091308913e-08,-1.129338891733448e-08,1.7790132322087238e-08,0.00153953390667973
2.999914216369247e-05,0.008858032790569632,-1.4466848725823406e-05,1.5975541364099028e-06,-7.595550205057474e-16,6.634024812977243e-16,1.0084774074650675e-15,-8.529762262364008e-17,-3.6137141510883276e-16,3.7130174263394624e-16,-1.8157606183700006e-06,1.5996371215345995e-06,2.4198813077948485e-06,0.0015186906710645564,-9.083898110319628e-07,-1.1234804315503272e-07,9.153109480321156e-07,0.0015159503910334147
3.99512540660495e-05,0.015788423076595923,-1.5472995638996602e-05,1.099135768182897e-05,-1.3546708470427092e-11,1.3982133599763407e-11,1.9468265726159944e-11,-6.101122317386121e-13,-7.398314682574012e-12,7.42342892992903e-12,-3.7901823978468696e-07,1.3078926334688053e-06,1.3617040672522973e-06,0.0015163144293163003,-6.341534635216292e-08,2.3858193457417115e-06,2.386661990452015e-06,0.0015180163871379659
4.992176154428723e-05,0.023886806638210464,-2.1819752010537753e-05,2.8656964401568744e-05,-4.1238670361334544e-09,7.308231193542343e-09,8.391455327294156e-09,-5.843888428724853e-10,-3.1695882725787194e-09,3.2230110358704006e-09,1.5558764963528003e-05,-6.2361397958865055e-06,1.6761998888681087e-05,0.0014804969608805244,1.6805761285450423e-06,9.296605059007082e-06,9.447285416826969e-06,0.0015026382678148876
5.993037621109722e-05,0.033489842757358716,-2.20999273807818e-05,5.6859744729695005e-05,-1.7656930959686074e-08,2.098009055194462e-07,2.1054260178808161e-07,-2.831725178800365e-08,-7.755677380777414e-08,8.256464081127851e-08,4.1261576092235016e-05,-1.3818197756729383e-05,4.3513908705830846e-05,0.0015073002710465524,-6.0817729912732155e-06,1.2848565045579406e-05,1.4215258930032377e-05,0.0014908972264557553
6.997207766225431e-05,0.045318385925061766,-6.1170400929382e-05,0.00010381516274671413,1.8104312352221141e-07,1.5814415144528942e-06,1.5917706732471678e-06,-1.5286481557539637e-07,5.28345111050094e-09,1.5295609401569132e-07,5.501131481015515e-05,-1.5941640604904764e-05,5.7274607482879735e-05,0.0014507004530399836,-2.177335032112985e-05,8.712860816697572e-06,2.345192375515896e-05,0.0014879879310944455
7.993400139557946e-05,0.059604036993904125,-7.478450108252406e-05,0.00012326751550916694,1.3654917785580396e-08,6.2464931302072305e-06,6.246508055106137e-06,1.6256753107974756e-08,1.0398356755401382e-06,1.0399627465191382e-06,5.420411134898122e-05,-3.3943731674556564e-05,6.39551609108057e-05,0.0013460352294592816,-2.2825346884298384e-05,-1.6484725077238715e-05,2.815568541628303e-05,0.0014131462666609712
8.995752033021002e-05,0.07619100797954596,-9.990898996631749e-05,0.0001308564750001348,-2.1690120196891418e-06,1.578241194531545e-05,1.593076080898812e-05,2.7229123630946833e-06,4.976848384357914e-06,5.673030193642535e-06,3.89248010671632e-05,-4.336183243840157e-05,5.8269963536407366e-05,0.0012509771916816201,-2.03727470467251e-05,-3.0015178595453896e-05,3.627615977948658e-05,0.0013377508845163126
9.997763587872842e-05,0.09536938984257967,-0.00012087385638460435,0.00011151261157042708,-5.333258554006776e-06,3.15609771439529e-05,3.200841959680302e-05,7.52088212795979e-06,1.0199454426477186e-05,1.2672511139488103e-05,3.4640487629140036e-05,-5.347817492082953e-05,6.37171764600994e-05,0.001226480654982084,-4.592159329253661e-06,-3.8624418835099214e-05,3.889644787965115e-05,0.0013136665278160081
0.0001099663033822115,0.11670849990343456,-0.00019665808953874602,8.361798997375965e-05,-1.521010705341077e-05,5.148480895227093e-05,5.368456863408752e-05,1.4707612327853378e-05,2.0001289322318182e-05,2.482670809715827e-05,1.6203875750423792e-05,-5.842808068569178e-05,6.063337531383917e-05,0.0011761819246498884,2.4218904689117353e-05,-4.905708957000535e-05,5.470971925919633e-05,0.0012621037955606556
0.00011996610287800513,0.14009838626792895,-0.0002911096899862203,7.404066571988604e-05,-2.1031746303731835e-05,7.430706668065861e-05,7.722612583360881e-05,1.963840155658203e-05,3.247528772527745e-05,3.7951431179036184e-05,-9.550370786518773e-06,-6.525225453375978e-05,6.594745107961767e-05,0.0011034620068414752,5.6421634311905593e-05,-4.9298863097007684e-05,7.492515412786221e-05,0.0011720091326620206
0.00012993148134906771,0.16595642704396363,-0.00033135135540440455,0.00010132378099405767,-1.8478355535135165e-05,0.00010333929280347372,0.00010497837425110439,1.4409510480795625e-05,4.403770420535779e-05,4.633522832548412e-05,-3.3655977160572566e-05,-6.94616334509427e-05,7.718577148870189e-05,0.0010845113410955366,9.028643942626986e-05,-5.190043745922952e-05,0.00010414075356330437,0.0010799378831211144
0.00013995272469614632,0.19472389187178266,-0.00032304869149347705,0.00013988482886150943,-5.4115244514729845e-06,0.0001387083289773461,0.0001388138506222508,4.647332550174967e-06,6.0683301906363694e-05,6.086099596696393e-05,-3.631012640506427e-05,-6.484444526825406e-05,7.431841872442754e-05,0.001044433713554949,0.00010685734880279581,-4.9499160058096214e-05,0.00011776527433678993,0.0010297186417368175
0.00014992551035344356,0.22570795979064556,-0.0003497513761995528,0.00017059802438339534,1.0721159018068483e-05,0.00014665236703230404,0.00014704373501400297,-1.1519659705597207e-05,7.22292834999742e-05,7.314213528912323e-05,-5.3293868013781776e-05,-5.0913153684219165e-05,7.370471888517934e-05,0.0010171950833166442,0.00011027484809868768,-4.078916987765974e-05,0.00011757677705438785,0.000996479604382297
0.0001599516563441268,0.2581531122729808,-0.00034183436937352196,0.00020254319741978773,3.6117869233187605e-05,0.00014038009096552294,0.00014495195899826306,-3.8701253831295475e-05,7.532932682006813e-05,8.468940032423774e-05,-7.545098715907314e-05,-3.793840507942533e-05,8.445219975376122e-05,0.0010003350566570569,0.0001342750580027893,-2.65292502843092e-05,0.000136870713895632,0.000948369043601694
0.00016994696907166707,0.2912970793277192,-0.00031068547438199516,0.0002203412970968758,5.78702038727857e-05,0.00013798455177606878,0.00014962853011748925,-6.392574545112248e-05,7.326456862030547e-05,9.723269998617316e-05,-8.989715938696827e-05,-4.278167623921843e-05,9.955787807945329e-05,0.0009823667041302902,0.00015746866883687392,-4.564701560956335e-05,0.00016395130892834245,0.0009009385534133082
0.00017993082051851706,0.3246237373200885,-0.00025642775281788766,0.00020937484005409485,7.21058032535536e-05,0.00011343055198156228,0.000134408842661791,-8.543043648745474e-05,5.797925343459658e-05,0.00010324704987199497,-9.923360726959724e-05,-4.224463027146204e-05,0.00010785136808825926,0.000918563519602377,0.00017572189820456042,-4.508846345823658e-05,0.0001814143187447965,0.000826879070098202
0.00018998401589145848,0.3577715255613927,-0.0001942357896402008,0.00016806140757408757,7.599480997224202e-05,7.601461199782092e-05,0.00010748689399129753,-0.00010316401352724108,1.9914953621617784e-05,0.00010506863977800402,-0.0001156826748782121,-3.836037828658154e-05,0.0001218769867090082,0.0008209194511363681,0.00020088346657778184,-3.81213874540949e-05,0.00020446859740735744,0.0007307389104852535
0.00019071962755046879,0.36016505139679306,-0.00018983956396859944,0.0001634960913317755,7.581715843496031e-05,7.368159084377759e-05,0.00010572236443828583,-0.00010488617894691437,1.628655076025169e-05,0.00010614312163183444,-0.00011740771955518836,-3.710633374922708e-05,0.00012313185053209745,0.0008149727823828184,0.00020289311117538183,-3.79264928005542e-05,0.00020640744516265961,0.0007249896357325284
0.0001907203386790106,0.3601673628553754,-0.00018983531245578636,0.00016349154870486901,7.581697302831025e-05,7.367947476402543e-05,0.00010572075671635246,-0.00010490020464290924,1.6256077445106495e-05,0.0001061523103282521,-0.00011740933356862646,-3.710511617392958e-05,0.00012313302260283309,0.0008149672500692312,0.0002028950806637151,-3.792630718867851e-05,0.00020640934701341763,0.0007249839307673978
