time_s,moving_velocity_z_m_s,forward_speed_m_s,moving_travel_m,effective_moving_mass_kg,left_foam_compression_fraction,right_foam_compression_fraction,nonrigid_deformation_max_m,nonrigid_deformation_rms_m,stopping_force_N
0.0,-50.00000000000122,50.00000000000122,-0.0,0.6502751658155406,-0.0,-0.0,3.5381555418772973e-17,2.6517073213454558e-17,0.0
9.989963192433703e-06,-48.55141755827983,48.55141755827983,0.0004952732040209272,0.6502751658155406,4.947448764610748e-05,4.958271361419374e-05,0.0002998395310096651,2.6046967597695897e-05,173561.30087602674
1.9946928863864597e-05,-46.15085660987236,46.15085660987236,0.0009661248549028198,0.6502751658155406,0.0003629441229453138,0.0003626102444214309,0.0007182117768913,0.00012051765594350075,141421.52568211526
2.999914216369247e-05,-44.2938398653602,44.2938398653602,0.0014200332673090983,0.6502751658155406,0.0009259543650294946,0.0009265115026836031,0.0011191056794847744,0.00024478974977196097,100430.50281448627
3.99512540660495e-05,-42.98184687379718,42.98184687379718,0.0018541610592531683,0.6502751658155406,0.0016578332605649095,0.0016584112996197704,0.0014617165765408561,0.0003669805407325918,84122.79700814227
4.992176154428723e-05,-41.67943362680171,41.67943362680171,0.0022761558485463735,0.6502751658155406,0.002536979546274475,0.0025378550912151373,0.0017750220050794764,0.00047656414155832443,85090.5818772154
5.993037621109722e-05,-40.20389309534704,40.20389309534704,0.0026861457676336563,0.6502751658155406,0.00357269660856132,0.003573542015311959,0.00201408225752814,0.0005759967436271561,105512.23686923308
6.997207766225431e-05,-38.45756151825685,38.45756151825685,0.0030810165809828233,0.6502751658155406,0.00479634879205718,0.004798629948524811,0.00219992532559943,0.0006737969345018476,109992.25216047728
7.993400139557946e-05,-37.04306356284421,37.04306356284421,0.0034567406571796135,0.6502751658155406,0.0061897135265862385,0.006192685634913049,0.0022384392569413125,0.0007668274396909991,85451.79958725917
8.995752033021002e-05,-35.69783697145084,35.69783697145084,0.0038213444521968325,0.6502751658155406,0.007739984537007065,0.007744095737624011,0.002240029732514282,0.000850666097354773,91303.42440052799
9.997763587872842e-05,-34.285687634067806,34.285687634067806,0.004171800135455428,0.6502751658155406,0.009444413666397703,0.009449388426493595,0.0022752423999632056,0.0009327598426134899,87384.94531378555
0.0001099663033822115,-33.098604420210634,33.098604420210634,0.004508061804804739,0.6502751658155406,0.011285531224231666,0.011293514864036812,0.0024012191490520164,0.001018950353476463,70245.02841385176
0.00011996610287800513,-32.13724515586421,32.13724515586421,0.004834060386537489,0.6502751658155406,0.013242550559251474,0.013254303892092503,0.0026451015149834976,0.0011109440390561379,58902.298970705306
0.00012993148134906771,-31.213471410622198,31.213471410622198,0.0051497170090967145,0.6502751658155406,0.015291381797827455,0.015304983051364579,0.002749458928125745,0.001210223798857768,61166.091539235196
0.00013995272469614632,-30.3347290975592,30.3347290975592,0.0054579378623689934,0.6502751658155406,0.017449606267172273,0.017463536350975202,0.003072341115103852,0.0013196957214068647,52189.58264454815
0.00014992551035344356,-29.69729644776992,29.69729644776992,0.0057570147412707995,0.6502751658155406,0.019675462431442855,0.019691465257685777,0.003518958877976759,0.0014356661216012594,34011.66998014051
0.0001599516563441268,-29.316163008475748,29.316163008475748,0.006052634976841814,0.6502751658155406,0.021962221623606386,0.021979536586921613,0.0041941407470667295,0.0015549027693365107,18375.264504564726
0.00016994696907166707,-29.129401925146247,29.129401925146247,0.006344615629198521,0.6502751658155406,0.024263761601288923,0.024282084566861897,0.0045096063024745855,0.0016733348732083956,9191.68936406269
0.00017993082051851706,-29.036626899181474,29.036626899181474,0.006634914429196022,0.6502751658155406,0.02656867147125513,0.026587561299798303,0.004335715223173839,0.0017877472049505553,4394.854783285114
0.00018998401589145848,-28.989458985634503,28.989458985634503,0.006926556742794539,0.6502751658155406,0.028887589782355932,0.028907141194155626,0.005893958482373033,0.0018954597616598506,2072.2509999999997
0.00019071962755046879,-28.98745178852682,28.98745178852682,0.006947880961536422,0.6502751658155406,0.029057079831460858,0.029076666344427966,0.008005936428427333,0.0019029904084955362,2072.2509999999997
0.0001907203386790106,-28.987449827461848,28.987449827461848,0.006947901575339419,0.6502751658155406,0.029057243664788478,0.029076830209549365,0.008006959101039511,0.0019029976648098988,2072.2509999999997
