time_s,forward_speed_m_s,moving_travel_m,left_foam_compression_fraction,right_foam_compression_fraction,nonrigid_deformation_max_m,stopping_force_N
0.0,49.99999999999934,-0.0,-0.0,-0.0,1.430491770081651e-17,0.0
4.992831254433197e-05,45.43867952419051,0.0023757341891909645,0.00161739773614861,0.00162373043486751,0.0020347411469238143,59821.748735238485
9.99823649028305e-05,40.16467454115628,0.004507502823552312,0.00653219027787634,0.00654583845890035,0.00326746760988347,76835.3223742772
0.0001499737178146155,35.46203288493014,0.006395715141847619,0.014549149086131266,0.014528579093941243,0.003587708299223473,73176.59045408724
0.00019997183478049103,31.918928066882227,0.008069958203410575,0.025257899562459513,0.025168199393930526,0.004247643268809109,38372.14847810142
0.0002499923186449763,31.07127446685663,0.009636531766821782,0.037196956224417675,0.03702401588085093,0.004960754916723789,1674.5298842186232
0.0002999744200962968,31.07027212793709,0.01118949090451382,0.04905372168014999,0.04880045687589302,0.005538774234860071,0.0
0.00033376142566721607,-825.2105694142997,0.012239262041987812,0.056938089134718754,0.05663130909843341,0.009249387232251825,0.0
0.0003337614256689757,-847.8949610581061,0.012239262040495998,0.05693808913512693,0.05663130909883802,0.009220556346958533,0.0
