series,Time (ms),Compression (%)
Left foam,0.0,-0.0
Left foam,0.009989961021512745,0.004947609529909136
Left foam,0.019992043388314045,0.03649472366745532
Left foam,0.02998154396983048,0.09247421165451837
Left foam,0.03996706428926499,0.16590330274934123
Left foam,0.04997707329973913,0.2542049634101873
Left foam,0.05999080644949294,0.35785349852668064
Left foam,0.06995577857517775,0.47918672044319954
Left foam,0.07997976092856483,0.6193269620775406
Left foam,0.08999023881127191,0.7742144203360645
Left foam,0.09999120661247908,0.9444038414161917
Left foam,0.10998802936081757,1.1287536437906829
Left foam,0.11998443754741915,1.3244847829647135
Left foam,0.12998021736421594,1.530161056532677
Left foam,0.13997582428984023,1.745674771107262
Left foam,0.14999257578972944,1.9695518549970699
Left foam,0.15999360761981912,2.19804527729061
Left foam,0.16996677216290113,2.4281166117946977
Left foam,0.17999252641565755,2.6600557901945616
Left foam,0.18999308490903147,2.8912706777725705
Left foam,0.19995672808079318,3.121083576029475
Left foam,0.20998283113449234,3.3514523875735662
Left foam,0.21999218307440147,3.5805106542717597
Left foam,0.22999777759454493,3.8085713711304816
Left foam,0.23997177696874117,4.035012833579801
Left foam,0.24997861979935868,4.261302664114918
Left foam,0.2599681581316944,4.486309942840147
Left foam,0.2699738991410829,4.710794819149398
Left foam,0.2799995673440711,4.934841344821058
Left foam,0.2899792518403392,5.156985328785119
Left foam,0.29996847699488366,5.378472823889298
Left foam,0.30999245089309924,5.5998623063534545
Left foam,0.3199568713655011,5.819079468165725
Left foam,0.3299560514831476,6.038207538994116
Left foam,0.33998257775922536,6.257081132642324
Left foam,0.34999508288619874,6.474800306473509
Left foam,0.35997303651477386,6.6909287490238585
Left foam,0.36996789073153147,6.906586502680331
Left foam,0.3799706638639934,7.121579737891287
Left foam,0.38996051971769746,7.335464248398682
Left foam,0.3999959653119283,7.5494916303167585
Left foam,0.40996505165308406,7.761279958416731
Left foam,0.41998149695313813,7.9732505831018265
Left foam,0.42997783813852836,8.183975622751774
Left foam,0.4399826335932183,8.39406173384662
Left foam,0.44995611321565,8.60267983294587
Left foam,0.45999208083552084,8.811791536760705
Left foam,0.4699576675885509,9.018632600552298
Left foam,0.4799734538236568,9.225711437508338
Left foam,0.4899773262599515,9.431742476238975
Left foam,0.49999484464515853,9.637255145508183
Left foam,0.5099888774020679,9.84149204249764
Left foam,0.5199581163766662,10.044435322984226
Left foam,0.5299594725546438,10.247245790956686
Left foam,0.5399610257029467,10.449275481027186
Left foam,0.549997561552946,10.651226073275671
Left foam,0.5599780568693812,10.851271648469178
Left foam,0.5699716516408677,11.05080617906977
Left foam,0.5799804737262407,11.249872009972146
Left foam,0.5899891484605743,11.448164765619524
Left foam,0.5999957831306825,11.645650345902899
Left foam,0.609963040451696,11.841599739084039
Left foam,0.6199734262473491,12.037637627149007
Left foam,0.629980081594427,12.232844960468203
Left foam,0.6399702290639075,12.426977852886326
Left foam,0.6499753927367723,12.620652128780394
Left foam,0.6599828886209326,12.81362336242462
Left foam,0.6699829636183788,13.005707100121583
Left foam,0.6799933337324185,13.197246347605729
Left foam,0.6899675594927731,13.387358404498514
Left foam,0.6999566791805224,13.577021421573246
Left foam,0.7099584768489616,13.766193278050615
Left foam,0.7199725007497685,13.954865685040877
Left foam,0.7299613525878762,14.142338416728572
Left foam,0.7399900911148833,14.329833886547538
Left foam,0.7499899424045428,14.51606808239822
Left foam,0.7599752199016432,14.701315216823508
Left foam,0.769979653422755,14.886203492065423
Left foam,0.7799714476631343,15.070147534411433
Left foam,0.7899882017718373,15.253841128359158
Left foam,0.7999894016024467,15.436543198012806
Left foam,0.8099743756207648,15.618247711140668
Left foam,0.8199895440748132,15.799800803955144
Left foam,0.8299581994323049,15.979816473974779
Left foam,0.8399896869195143,16.160270421989754
Left foam,0.8499654877961996,16.339032700903182
Left foam,0.8599657983571072,16.517546424618036
Left foam,0.869974189158615,16.69551774100195
Left foam,0.8799904944519329,16.87294484753815
Left foam,0.8899722043754963,17.049080234210905
Left foam,0.8999634188782872,17.224707395927517
Left foam,0.9099728035892672,17.399978600956256
Left foam,0.9199644112581269,17.57426708400128
Left foam,0.9299654750173452,17.748051446929697
Left foam,0.9399667116566871,17.921172118217548
Left foam,0.949993153366058,18.094062563421648
Left foam,0.9599776261818661,18.26556880730616
Left foam,0.9699958165689663,18.4369944140363
Left foam,0.9799642605983281,18.60691539617593
Left foam,0.9899666686108526,18.776762833753097
Left foam,0.9999658808187348,18.945905315008176
Left foam,1.0099702017673458,19.11448571867132
Left foam,1.0199673356959493,19.2822996278003
Left foam,1.029995882859564,19.44999522064254
Left foam,1.0399715912952756,19.616168259481444
Left foam,1.0499598083871873,19.78191368369302
Left foam,1.0599560419078558,19.947157497301987
Left foam,1.069971167556783,20.11207942051978
Left foam,1.0799904971131116,20.27643787270548
Left foam,1.0899580585454323,20.439321625809296
Left foam,1.099995097200793,20.602712772877396
Left foam,1.1099605620624018,20.76431776695344
Left foam,1.1199778366987174,20.926141697886656
Left foam,1.1299999004189143,21.087422074358024
Left foam,1.1399688574877478,21.247234022630433
Left foam,1.1499910405365499,21.407284466927447
Left foam,1.1599749759054814,21.566113516462625
Left foam,1.1699767987091372,21.72461832756489
Left foam,1.1799851497623373,21.882618896759308
Left foam,1.1899589811022926,22.039471955188176
Left foam,1.1999954661071714,22.19670533676568
Left foam,1.2099633255643625,22.352265081825216
Left foam,1.219957314258476,22.507635888178577
Left foam,1.229972834827589,22.66274409936094
Left foam,1.2399578590630242,22.816786815454723
Left foam,1.2499675495489986,22.97061758698167
Left foam,1.2599568785764768,23.12354601114573
Left foam,1.2699664231770695,23.27619524148031
Left foam,1.2799807341562823,23.428329369638195
Left foam,1.2899597591071081,23.579344467232936
Left foam,1.299986675857092,23.73049999806552
Left foam,1.3099848057680257,23.880640133592614
Left foam,1.3199736548793655,24.030062830712783
Left foam,1.3299822310088465,24.17920278521507
Left foam,1.3399713214551756,24.327477284080434
Left foam,1.34996429524554,24.475236130933943
Left foam,1.359974641634749,24.622678479704074
Left foam,1.3699800802793274,24.76947655737486
Left foam,1.3799694917800398,24.915470164319746
Left foam,1.38997241891667,25.061092275335294
Left foam,1.3999902988138808,25.20636240554614
Left foam,1.4099770974287595,25.350615405726433
Left foam,1.4199643077242696,25.494309780817066
Left foam,1.4299650013136151,25.637633390413654
Left foam,1.439978580402546,25.7805763172988
Left foam,1.4499934135066035,25.92297213386223
Left foam,1.4599848922581238,26.06447356294445
Left foam,1.4699826767232573,26.205502793733043
Left foam,1.4799556062961274,26.345622483276387
Left foam,1.4899566844938141,26.485577655921556
Left foam,1.4999967921634487,26.62551547620498
Left foam,1.5099576959541086,26.763791882791903
Left foam,1.519989648142698,26.902493779706404
Left foam,1.5299694516815678,27.039916627651593
Left foam,1.5399898404100079,27.177338663410328
Left foam,1.5499845632675229,27.313850308158038
Left foam,1.5599616736352702,27.44956537655576
Left foam,1.5699620344369163,27.58503937816143
Left foam,1.5799825530535185,27.72022686337639
Left foam,1.5899981122285929,27.854787718190284
Left foam,1.5999618879190938,27.988097557635665
Left foam,1.6099858788758838,28.121654051035062
Left foam,1.6199795012749703,28.25424762108432
Left foam,1.6299952643993436,28.386575404621013
Left foam,1.639976580337421,28.517890493851073
Left foam,1.6499971999057292,28.649162383011085
Left foam,1.659959200050824,28.779109444616036
Left foam,1.6699850782126169,28.90932861781709
Left foam,1.6799591029450587,29.038315161458485
Left foam,1.6899912409734483,29.16749001168465
Left foam,1.699971186651056,29.295431641712007
Left foam,1.7099890935931767,29.423296212303303
Left foam,1.7199842058484869,29.55030610971201
Left foam,1.7299700066734724,29.676634442299854
Left foam,1.7399988872449053,29.802940118741766
Left foam,1.74998548405672,29.92814689653071
Left foam,1.7599911249635096,30.0530244830273
Left foam,1.7699644322331332,30.176931544132156
Left foam,1.7799833496972783,30.30083399426165
Left foam,1.7899751569559934,30.42382954124821
Left foam,1.7999750671708237,30.546351813730617
Left foam,1.8099656639713377,30.66818598863988
Left foam,1.8199608746322167,30.78950069462318
Left foam,1.8299962293289675,30.910721579368634
Left foam,1.8399939108237624,31.03090664039601
Left foam,1.8499643565681203,31.15018511711839
Left foam,1.859968540797818,31.269283920019742
Left foam,1.869999360236389,31.388111130647367
Left foam,1.8799855178169225,31.505821595986255
Left foam,1.8899824686351974,31.62306975821279
Left foam,1.8999688812909044,31.739603122073852
Left foam,1.9099731049039086,31.855749434400693
Left foam,1.9199777923854333,31.9713030979636
Left foam,1.9299750326173368,32.08617068260802
Left foam,1.939989291236699,32.20062965534013
Left foam,1.9499778420350884,32.31418961327105
Left foam,1.9599927968355544,32.427440030281204
Left foam,1.9699674488002434,32.53962487697224
Left foam,1.9799664640804933,32.65146981578883
Left foam,1.9899651943837091,32.76269328690379
Left foam,1.999988546064914,32.873566325039015
Left foam,2.0099946332188208,32.98362120500668
Left foam,2.0199843076899957,33.09286676584309
Left foam,2.0299764806285645,33.20150743789182
Left foam,2.0399715101008873,33.30954289875142
Left foam,2.0499851170852468,33.4171372858823
Left foam,2.0599798170726475,33.523884108114224
Left foam,2.069983527623644,33.63007870470632
Left foam,2.0799726396303946,33.73546719300772
Left foam,2.0899882809163097,33.84047847598389
Left foam,2.0999606953164367,33.94437898032391
Left foam,2.1099569615075624,34.04786563448701
Left foam,2.1199732712319213,34.15089074666698
Left foam,2.1299680703956545,34.25302314009549
Left foam,2.139995320785377,34.3548091816425
Left foam,2.1499764219865023,34.45544846306824
Left foam,2.1599568904996183,34.555400764720936
Left foam,2.16996056612999,34.65489857940518
Left foam,2.1799808111731527,34.75386781404661
Left foam,2.1899674700162186,34.85181089250954
Left foam,2.1999569448582226,34.9490840900996
Left foam,2.2099594802748324,35.04578156646353
Left foam,2.2199601097322907,35.141753544544706
Left foam,2.22997330339741,35.237133859595154
Left foam,2.2399795506986573,35.33173219817309
Left foam,2.2499847016867665,35.42560089562116
Left foam,2.2599966361363855,35.518809462500975
Left foam,2.2699726010188934,35.61095929662821
Left foam,2.2799730230051782,35.70260612741756
Left foam,2.289961888919968,35.79341488820434
Left foam,2.2999862878289505,35.88380746424853
Left foam,2.309997801497285,35.97334127157141
Left foam,2.319972401179661,36.06180357747565
Left foam,2.329974991649378,36.14976769809243
Left foam,2.339963899198567,36.23686231679806
Left foam,2.3499854099363886,36.32348569215858
Left foam,2.3599643631998686,36.40898620711468
Left foam,2.3699582888794954,36.49385697933924
Left foam,2.379996916415191,36.57834086045152
Left foam,2.389999360669749,36.661753463872735
Left foam,2.3999861354865866,36.74426923114514
Left foam,2.409998648478418,36.82622661164112
Left foam,2.419975314626342,36.90712020691168
Left foam,2.42999777759559,36.98760840407223
Left foam,2.439980206408675,37.066998819521224
Left foam,2.4499882859080757,37.1458130988249
Left foam,2.4599688178854513,37.223630248947615
Left foam,2.4699800815520225,37.300902225166375
Left foam,2.479985634592174,37.377342831483645
Left foam,2.4899946162147497,37.45302020283167
Left foam,2.4999673900585804,37.52763655763368
Left foam,2.5099944163735217,37.601864552121505
Left foam,2.519984821243666,37.67502728713096
Left foam,2.5299979662083025,37.74755897874595
Left foam,2.5399737370046407,37.81902370261591
Left foam,2.549962943706849,37.88978601479197
Left foam,2.559987272755071,37.95999130783147
Left foam,2.569965948124243,38.02907266781116
Left foam,2.5799944846370533,38.09768826013962
Left foam,2.589994007321532,38.165293254562265
Left foam,2.599982692719946,38.232012694328205
Left foam,2.6099583410498135,38.29783259777121
Left foam,2.6199908534473195,38.363206991566216
Left foam,2.629976052309588,38.4274538035395
Left foam,2.639963377767787,38.49089446095621
Left foam,2.6499887386907006,38.553749710570166
Left foam,2.6599934446757447,38.61564691572858
Left foam,2.6699594477339783,38.6765497278344
Left foam,2.6799593693022796,38.73992430724384
Left foam,2.6899901993603157,38.81277968487839
Left foam,2.69998736849525,38.89635444574401
Left foam,2.7099564543407118,38.98906641852022
Left foam,2.7199638333857923,39.089581162725125
Left foam,2.7299630282449097,39.195452892133396
Left foam,2.739991889772026,39.30715835710052
Left foam,2.7499991272805193,39.424832980725576
Left foam,2.759965226510916,39.54800035452751
Left foam,2.769979908227114,39.6781828905738
Left foam,2.779970536157839,39.81386184987157
Left foam,2.7899670463153403,39.952954275446196
Left foam,2.799996203365536,40.09473432869653
Left foam,2.809997833640168,40.23813722696
Left foam,2.819967008977856,40.38377426260507
Left foam,2.8299625308132867,40.53201729487688
Left foam,2.8399829465466557,40.68146910736263
Left foam,2.8499720052161246,40.82990567663038
Left foam,2.859993355102407,40.97760819392457
Left foam,2.8699665258621603,41.12330600130942
Left foam,2.8799708610538097,41.26816122670592
Left foam,2.889995639778524,41.41200742268188
Left foam,2.8999804733339616,41.55398002602475
Left foam,2.909978057514456,41.694831194180374
Left foam,2.9199887633107307,41.83455822479927
Left foam,2.9299919545530226,41.972868796516394
Left foam,2.9399764697640283,42.10961032707293
Left foam,2.9499981846561023,42.24554080402868
Left foam,2.959979252006029,42.379601297063985
Left foam,2.969980736582091,42.512612169957684
Left foam,2.9799930482495056,42.64443575587141
Left foam,2.9899731213205967,42.774505363589114
Left foam,2.999972572662621,42.903492306525436
Left foam,3.009966234808012,43.03106524704401
Left foam,3.019993492019316,43.15771737887598
Left foam,3.0299923285373174,43.282660446332414
Left foam,3.039985271719881,43.406179070596046
Left foam,3.0499910953431786,43.52850016087416
Left foam,3.059964952357777,43.64907574606367
Left foam,3.069994740587669,43.768960058485554
Left foam,3.07995931289467,43.886703632951566
Left foam,3.0899847747873332,44.0037942776158
Left foam,3.09997082118476,44.11905311252139
Left foam,3.109969144050625,44.23307956856321
Left foam,3.119998919780487,44.34608072100779
Left foam,3.1299647571994,44.456986189567644
Left foam,3.1399993771487638,44.56726980325483
Left foam,3.1499598328533267,44.67535973581866
Left foam,3.15999109527504,44.78282820257748
Left foam,3.169982639720877,44.888483204250996
Left foam,3.1799856317141555,44.99287046778191
Left foam,3.189973769539588,45.09571526623753
Left foam,3.199991731613997,45.19747379722456
Left foam,3.209996339448164,45.29770355955192
Left foam,3.2199651611459887,45.39618984362785
Left foam,3.229958135424419,45.49352724836975
Left foam,3.239970433001811,45.58965992423282
Left foam,3.2499679490677598,45.68425996030744
Left foam,3.2599571624250046,45.77739420162203
Left foam,3.2699997190781684,45.86962897075536
Left foam,3.2799766083943602,45.95987497906069
Left foam,3.2899765442371622,46.04894497044332
Left foam,3.2999730807222836,46.13660092956742
Left foam,3.309977879925228,46.22294594189249
Left foam,3.319972582669815,46.30782397905872
Left foam,3.329965863041504,46.39131334312302
Left foam,3.3399809040717363,46.473606093544575
Left foam,3.3499906507562764,46.55447946420019
Left foam,3.3599958270293806,46.63394462955018
Left foam,3.369960269393244,46.7117272674448
Left foam,3.3799722574691633,46.78851904310519
Left foam,3.3899916558431484,46.86400516929001
Left foam,3.399995227773425,46.93801686832199
Left foam,3.4099763881091087,47.010518012183866
Left foam,3.419990288270649,47.08191223522877
Left foam,3.4299796669928204,47.151794988672286
Left foam,3.439982401248543,47.22043908261928
Left foam,3.449974731003177,47.287686674478415
Left foam,3.4599728513892947,47.353653679745165
Left foam,3.469973705488485,47.418324435767225
Left foam,3.4799853355285766,47.48175466289803
Left foam,3.489970909260417,47.54372051090626
Left foam,3.499988732211183,47.60458926218402
Left foam,3.509987757324931,47.66405492822051
Left foam,3.519996837758516,47.72229770154204
Left foam,3.5299840719765445,47.779141191190135
Left foam,3.539999247022662,47.83487468833732
Left foam,3.5499750470102813,47.88913287690941
Left foam,3.5599873453070088,47.942336183675216
Left foam,3.569991342151219,47.99424851436146
Left foam,3.5799993586839802,48.04494191140702
Left foam,3.589982710162814,48.094282212235804
Left foam,3.599989507754609,48.14251475506012
Left foam,3.609987609753006,48.18948925222921
Left foam,3.6199706403360956,48.235187402247
Left foam,3.62998239784877,48.279815932700416
Left foam,3.639959160008169,48.32350991167559
Left foam,3.6499554574751563,48.36900496688616
Left foam,3.659999069154944,48.4182868056852
Left foam,3.6699606504969564,48.469806753846804
Left foam,3.6799600199480973,48.5237087938563
Left foam,3.6899913764507466,48.58308733982134
Left foam,3.699982913942179,48.64885884884232
Left foam,3.7099757384516736,48.72044439305514
Left foam,3.7199943889358096,48.79636395113621
Left foam,3.729962389202568,48.87535258005562
Left foam,3.739976717589097,48.9583352923059
Left foam,3.749962843021728,49.04436209480501
Left foam,3.759981563887964,49.132798986052094
Left foam,3.769965783886488,49.222290121164384
Left foam,3.779989481127052,49.31291605412714
Left foam,3.7899927144139083,49.40344141656723
Left foam,3.799958127050029,49.49293246175914
Left foam,3.8099628048722307,49.5820549120101
Left foam,3.819965322099062,49.67075504065499
Left foam,3.829997723039611,49.75954270689663
Left foam,3.839982251655563,49.84799713088504
Left foam,3.849999963294114,49.93653467428537
Left foam,3.8599853756904996,50.02396142241281
Left foam,3.869996622681421,50.11038732003242
Left foam,3.8799758307534966,50.195133087648536
Left foam,3.8899749412881865,50.27863111273936
Left foam,3.899974279069712,50.36072036357664
Left foam,3.909981045563255,50.44146563070488
Left foam,3.9199794835612627,50.52074697180561
Left foam,3.9299741642937325,50.59860995447889
Left foam,3.9399656438511688,50.675067014605524
Left foam,3.9499920406901947,50.750409875761285
Left foam,3.959957102444371,50.82392717922757
Left foam,3.969981472115329,50.896515793480276
Left foam,3.9799836583022463,50.967584301764525
Left foam,3.989996897388895,51.03737727970567
Left foam,3.999962066184443,51.105496099754546
Left foam,4.009982616686821,51.17265232645896
Left foam,4.019985737106671,51.23835610446385
Left foam,4.029985450337512,51.302709318445416
Left foam,4.039966885469826,51.36562603895523
Left foam,4.049957672285779,51.427287533556665
Left foam,4.059981472726735,51.48783673493027
Left foam,4.069977452053379,51.546910306077976
Left foam,4.079973744767089,51.6046849802041
Left foam,4.089967943497107,51.66115218168837
Left foam,4.09995910856725,51.71631251936655
Left foam,4.109980115336773,51.770347187166145
Left foam,4.119984125208945,51.82300597492654
Left foam,4.129964255278309,51.87428107866232
Left foam,4.139984312080828,51.92466288889134
Left foam,4.149995956521106,51.973945174807625
Left foam,4.159984365413026,52.02191324669402
Left foam,4.169957460397018,52.06855416951905
Left foam,4.179975603296128,52.11414692330496
Left foam,4.189960119300602,52.15834939895636
Left foam,4.199994698658854,52.20180525959234
Left foam,4.209996904761525,52.244659433329446
Left foam,4.219994070290476,52.287422963549076
Left foam,4.229969721830748,52.33042557351904
Left foam,4.239974500789136,52.37435908980189
Left foam,4.249982306832177,52.41944920247711
Left foam,4.259982568110752,52.465347235279665
Left foam,4.269964160984992,52.51143560902519
Left foam,4.279999742011297,52.55758102951652
Left foam,4.289988183120807,52.604048734438535
Left foam,4.299982584989595,52.652345428299554
Left foam,4.309970035917239,52.70272990080019
Left foam,4.319999374273674,52.75426728436177
Left foam,4.329993981516786,52.80553734794788
Left foam,4.339957996342546,52.85615390241626
Left foam,4.349963206873632,52.906435481370984
Left foam,4.359990236780178,52.95659858319647
Left foam,4.369973183385304,53.007388395767684
Left foam,4.37998615140778,53.059467805074746
Left foam,4.389983665670742,53.11224797730216
Left foam,4.399958614866624,53.16527915216225
Left foam,4.409999316001971,53.21857502615938
Left foam,4.4199562606849545,53.27113283531543
Left foam,4.429961181922948,53.32360262360609
Left foam,4.439972548915116,53.37567816555674
Left foam,4.449970402193156,53.42709703734312
Left foam,4.4599950945013065,53.4778477053997
Left foam,4.469967334358652,53.527384666266855
Left foam,4.479959399329603,53.575875939983106
Left foam,4.489966548945699,53.62316216205589
Left foam,4.499989685407309,53.66915818058307
Left foam,4.509994842501989,53.713692482367435
Left foam,4.51998440936643,53.75688863670559
Left foam,4.529966366454435,53.79909847386601
Left foam,4.539974687750707,53.84081931187564
Left foam,4.5499660254763645,53.88185617564268
Left foam,4.559965924704872,53.92245470349412
Left foam,4.569966257261108,53.962825095861746
Left foam,4.579980735928727,54.00296731384029
Left foam,4.589969944166384,54.04255258947286
Left foam,4.59996567268466,54.081989665396634
Left foam,4.609958441749131,54.121677223862505
Left foam,4.619962039231872,54.161709540589975
Left foam,4.629968572207945,54.20152520725884
Left foam,4.6399867736080616,54.240492323913294
Left foam,4.649993448754367,54.278236446445874
Left foam,4.659987721828985,54.31477273750443
Left foam,4.669984174244073,54.3500783294977
Left foam,4.679986633953577,54.38413722074454
Left foam,4.689974402710123,54.4172828579636
Left foam,4.699995325494959,54.45049868671901
Left foam,4.709959483720083,54.48390718780834
Left foam,4.719957849489887,54.518054055108934
Left foam,4.729968194463125,54.553321956622916
Left foam,4.739995796651898,54.59002357074512
Left foam,4.749973233593551,54.6270228073382
Left foam,4.7599730254890735,54.66380588898957
Left foam,4.769990488137166,54.700315919318875
Left foam,4.779996188618287,54.73646356309406
Left foam,4.789980228832014,54.77187444563906
Left foam,4.799973573577608,54.806249704068755
Left foam,4.809996370479239,54.8394314158809
Left foam,4.819990392003716,54.87111982610742
Left foam,4.829995363228399,54.90137405722796
Left foam,4.8399821377424574,54.9300710256044
Left foam,4.849983847686886,54.957304920956254
Left foam,4.8599648851425,54.9829902897422
Left foam,4.86997142563182,55.00739806538019
Left foam,4.879985365513301,55.03099716390307
Left foam,4.889968814565082,55.054471118099215
Left foam,4.8999645215692285,55.07813629517862
Left foam,4.909993442299744,55.101687929888065
Left foam,4.919993470493547,55.12520703117002
Left foam,4.929997298337766,55.14910910241581
Left foam,4.9399607788007,55.173779928328194
Left foam,4.949963643589128,55.199802418435
Left foam,4.959999773995563,55.22685286404416
Left foam,4.9699761489625836,55.25395713368485
Left foam,4.97999079649168,55.280662363926766
Left foam,4.98997417803668,55.30634345998888
Left foam,4.9999927963909725,55.330921247349465
Left foam,5.009965747862612,55.354249082093595
Left foam,5.019998759779939,55.37684865772976
Left foam,5.029983983952706,55.39845916685995
Left foam,5.039988504982833,55.41917220538839
Left foam,5.049984777705981,55.43906662856528
Left foam,5.059960074180316,55.458727785522896
Left foam,5.069964670314907,55.47935603340108
Left foam,5.079975685729509,55.50150527337975
Left foam,5.089992849776121,55.52543511169502
Left foam,5.099958718378997,55.55080044912787
Left foam,5.109971722647652,55.57734205423485
Left foam,5.119977983712958,55.60454569597574
Left foam,5.1299836288084,55.63118356173322
Left foam,5.139991801203174,55.65643550047804
Left foam,5.149982663236395,55.68067696129575
Left foam,5.1599675807273355,55.70423901584283
Left foam,5.16996996309496,55.727466192731654
Left foam,5.17997135939286,55.75053379151643
Left foam,5.1899826714528094,55.77336068809586
Left foam,5.199971079100129,55.79538695306019
Left foam,5.209973232172589,55.8163194144139
Left foam,5.219981155537408,55.83586708760843
Left foam,5.229965138942933,55.85363681887129
Left foam,5.239960893457711,55.8697519022025
Left foam,5.249982002999411,55.88447187059056
Left foam,5.259975273822631,55.897627256804206
Left foam,5.269979810125778,55.909303523530596
Left foam,5.279979478277073,55.91972968882527
Left foam,5.289965745571135,55.92892197200528
Left foam,5.299991157239064,55.93771529095408
Left foam,5.309970016642706,55.947575541344484
Left foam,5.319967898115426,55.95894038461924
Left foam,5.329981423881178,55.970983654648606
Left foam,5.339988839159224,55.982595037951114
Left foam,5.349969719018033,55.992912924590414
Left foam,5.359976447419338,56.0017667761938
Left foam,5.369997037700295,56.00911207079483
Left foam,5.379980128486525,56.01484466164205
Left foam,5.389969650855461,56.01905177768669
Left foam,5.399996237483614,56.02233791573749
Left foam,5.409966596757288,56.02597896782229
Left foam,5.419986616964384,56.03120470932215
Left foam,5.4299948155622335,56.037806221790674
Left foam,5.4399691007413855,56.04518756294479
Left foam,5.449975236982409,56.052877558812476
Left foam,5.459968430346009,56.060556192980926
Left foam,5.469971325902305,56.0678330100979
Left foam,5.4799976421954195,56.074896338819805
Left foam,5.489991768779654,56.08209784963981
Left foam,5.499965253501361,56.089315074205814
Left foam,5.509966015189843,56.0960328201864
Left foam,5.519978045567491,56.1017179840653
Left foam,5.529958511920713,56.106008537397244
Left foam,5.539996544531082,56.10875382793148
Left foam,5.549991667307744,56.10990542366297
Left foam,5.559973770025515,56.10949482097609
Left foam,5.56997793476473,56.107533190971346
Left foam,5.579992867189303,56.104029612220785
Left foam,5.589994622012164,56.09900721631823
Left foam,5.599988999215762,56.09248166762987
Left foam,5.609986973983674,56.084460249903344
Left foam,5.619966612373134,56.074977136745666
Left foam,5.629983242042961,56.0640007545196
Left foam,5.639965675729477,56.051665941812246
Left foam,5.649963985862555,56.0378736137343
Left foam,5.659957800666603,56.022643676850905
Left foam,5.669981840028802,56.00592619348361
Left foam,5.6799950541715365,55.98779695912089
Left foam,5.689981055962535,55.96829900276754
Left foam,5.699963637495529,55.94739797520079
Left foam,5.709973742693839,55.92503123612998
Left foam,5.719982667722575,55.90126442600148
Left foam,5.729997316249422,55.8760916992494
Left foam,5.73995947155766,55.849850177555936
Left foam,5.749973659715163,55.822394745341285
Left foam,5.759981153184275,55.79379060745874
Left foam,5.769964727386618,55.76457494060135
Left foam,5.7799770108386745,55.736186392296986
Left foam,5.789973688981864,55.70987363668316
Left foam,5.799984294858557,55.68598498151365
Left foam,5.809963684300622,55.66401900736479
Left foam,5.819987219207334,55.64345284421209
Left foam,5.829983085017342,55.62421952203339
Left foam,5.839979294598562,55.606314160154824
Left foam,5.849955942465895,55.58864850146659
Left foam,5.859957484590053,55.57054092790911
Left foam,5.869968967583659,55.552062399282775
Left foam,5.879984272359551,55.53325084663271
Left foam,5.889972644483208,55.514218272622685
Left foam,5.899974534721747,55.49446084803923
Left foam,5.909985727542861,55.47357739966478
Left foam,5.919997681181325,55.45162233325779
Left foam,5.929992033273825,55.429077511561964
Left foam,5.939988437048837,55.406419792018404
Left foam,5.949971011485545,55.38348803601439
Left foam,5.959994067918254,55.359758344603534
Left foam,5.9699825933169635,55.33521028163179
Left foam,5.97999319973683,55.30964531174298
Left foam,5.989998987402787,55.28323136629227
Left foam,5.99998996977345,55.25617937493793
Left foam,6.0099610059813715,55.2287409084844
Left foam,6.019999136666899,55.20085424699674
Left foam,6.029996038720702,55.17249191991791
Left foam,6.039961259028798,55.14326375302324
Left foam,6.049977970011413,55.11303440441265
Left foam,6.059994254047706,55.0820783723435
Left foam,6.069958650732351,55.05050407014187
Left foam,6.079988953826534,55.017848798562255
Left foam,6.089992875556061,54.98466960799572
Left foam,6.099989890616766,54.95144561619556
Left foam,6.109985632846028,54.91845066873321
Left foam,6.119974139240185,54.885971321883176
Left foam,6.1299875566626065,54.85438855718915
Left foam,6.139961785386554,54.82465795710289
Left foam,6.149962887980512,54.79635756001441
Left foam,6.159975295933049,54.76900977965274
Left foam,6.169982337224006,54.74211614903835
Left foam,6.179980492075587,54.71562528363537
Left foam,6.189987946860759,54.68966760469522
Left foam,6.199963048753076,54.664558457903155
Left foam,6.209984208849827,54.6395644102182
Left foam,6.219989928784053,54.61433786335248
Left foam,6.229976582287904,54.588444441603066
Left foam,6.239967494492535,54.561324219303884
Left foam,6.2499603687585985,54.53268613930234
Left foam,6.259998517275639,54.50236927120069
Left foam,6.269964856281512,54.47077539198582
Left foam,6.279968251574157,54.43764340775535
Left foam,6.28999274730658,54.40314895908216
Left foam,6.299978669363407,54.36758690181893
Left foam,6.309976929827969,54.330957183826925
Left foam,6.319958736051649,54.29355342143616
Left foam,6.329958410957847,54.255344208304344
Left foam,6.3399795757083215,54.216067847322044
Left foam,6.349963037528942,54.176572391921106
Left foam,6.359961274282395,54.137554264998435
Left foam,6.369989516460177,54.09905953141425
Left foam,6.379975710467145,54.06118434228089
Left foam,6.389990623740286,54.023178055566056
Left foam,6.399996009538428,53.98489224542218
Left foam,6.409968392701951,53.9464656418888
Left foam,6.419964509205941,53.90751262574776
Left foam,6.429978221835664,53.86791638834766
Left foam,6.439995383763986,53.827791659441246
Left foam,6.449984380157341,53.78791576529585
Left foam,6.4599867114587175,53.749122063239454
Left foam,6.469992173478452,53.711430569289256
Left foam,6.479956661035917,53.674294365565125
Left foam,6.489976550495774,53.63766920760934
Left foam,6.499970786370716,53.60223521500802
Left foam,6.509964984914044,53.56769778994317
Left foam,6.519959368723488,53.53321895411137
Left foam,6.529996411384291,53.49817591482681
Left foam,6.539962588281889,53.46250163767428
Left foam,6.549982944956602,53.42534074898042
Left foam,6.559978538742022,53.38689071419233
Left foam,6.569996977129841,53.346969377244314
Left foam,6.579982118465765,53.30581483208315
Left foam,6.589966692864798,53.26331114478655
Left foam,6.599967994790061,53.21939663344417
Left foam,6.609986454824011,53.174081879709945
Left foam,6.619981099827853,53.127555000811945
Left foam,6.629985121013332,53.079675152091774
Left foam,6.639965643973591,53.03061389767093
Left foam,6.649989356091944,52.98005104575857
Left foam,6.659974233030556,52.928410854028165
Left foam,6.669986718168595,52.8753631430409
Left foam,6.679982083998721,52.82115411133659
Left foam,6.689963464909093,52.765783705806946
Left foam,6.69999470757306,52.708902177984804
Left foam,6.7099934159102945,52.65100378268352
Left foam,6.7199770675682355,52.59268454127059
Left foam,6.729991232328321,52.53474034575175
Left foam,6.739963177600785,52.477413566916
Left foam,6.749992578756297,52.419845333122815
Left foam,6.759998883430471,52.36228213384258
Left foam,6.769959001106804,52.30485789065883
Left foam,6.7799985463174,52.24673826070914
Left foam,6.789988188117938,52.188525186195314
Left foam,6.7999708061716015,52.129982963070134
Left foam,6.809980784842798,52.07102437662188
Left foam,6.819980150435991,52.012166174334375
Left foam,6.829984500237743,51.9534323348682
Left foam,6.839969587457437,51.89501411308897
Left foam,6.849972801697294,51.836777619596205
Left foam,6.859966532394865,51.77874652061504
Left foam,6.869968533687079,51.72043886536329
Left foam,6.8799720115260765,51.66225450890379
Left foam,6.889965317175172,51.60566288016071
Left foam,6.899993840153902,51.55003349446402
Left foam,6.909973914984763,51.494503126847945
Left foam,6.919994835008652,51.438099765095444
Left foam,6.929978021482736,51.38112536957985
Left foam,6.939960288435847,51.32337347512428
Left foam,6.949996434153348,51.264343965723135
Left foam,6.959987984477801,51.20448118847244
Left foam,6.969967946167452,51.143592913091105
Left foam,6.9799867306480206,51.081397393245766
Left foam,6.989988592971343,51.01840342468636
Left foam,6.9999738325705545,50.9546538014003
Left foam,7.009981092335826,50.88980099323908
Left foam,7.019958978262349,50.82416619953408
Left foam,7.029976555918508,50.7574016547421
Left foam,7.039983081022471,50.68989472593374
Left foam,7.049990318557699,50.621470059808146
Left foam,7.059968894757484,50.55235795348515
Left foam,7.069985622829664,50.482049986690946
Left foam,7.079985833144151,50.4109005126429
Left foam,7.089959798666404,50.33897348617501
Left foam,7.099997741017178,50.2656109603837
Left foam,7.109967663339853,50.19180031686875
Left foam,7.119971380930784,50.11689139072003
Left foam,7.129990758922399,50.0410198528816
Left foam,7.139961431496943,49.96456902122493
Left foam,7.149979474100601,49.88688513037879
Left foam,7.159995254801014,49.80863054593209
Left foam,7.169962449877352,49.73052080369559
Left foam,7.179959609427873,49.65251285011655
Left foam,7.189968909607604,49.57520842697803
Left foam,7.199959927297341,49.49864945599111
Left foam,7.209987078070645,49.421742139736395
Left foam,7.219986323040487,49.34478578125393
Left foam,7.229979056884138,49.26775407443831
Left foam,7.239979494087148,49.19059750790529
Left foam,7.249958421845624,49.11331587695189
Left foam,7.259988719917388,49.035280558962704
Left foam,7.269994722444973,48.95730937767346
Left foam,7.279979460642738,48.87967645715183
Left foam,7.289956192759518,48.802132119850526
Left foam,7.2999916149521695,48.72412930345544
Left foam,7.309960085356894,48.6466667200069
Left foam,7.3199787356060195,48.568908116983984
Left foam,7.329971517588882,48.491239180292
Left foam,7.339959116689036,48.41373359461166
Left foam,7.349979222642239,48.33654811534678
Left foam,7.35998163947862,48.25992106386751
Left foam,7.3699667764987655,48.183362301771695
Left foam,7.379998054591323,48.1062440679811
Left foam,7.389991146096957,48.0290898048195
Left foam,7.399971460935594,47.95166947140157
Left foam,7.4099664641860015,47.87396845876384
Left foam,7.419956876920095,47.79625911419195
Left foam,7.429997218771458,47.7184231804585
Left foam,7.439992845652756,47.64162206660808
Left foam,7.449972023947285,47.56567188912797
Left foam,7.45996235590817,47.49042597828323
Left foam,7.469967570496092,47.415786009087626
Left foam,7.4799766590625705,47.34167667758668
Left foam,7.489958270510493,47.267951580627454
Left foam,7.499993868528688,47.19353907602485
Left foam,7.5099722627718695,47.11903513852513
Left foam,7.519962940739569,47.04372474436193
Left foam,7.529990178212874,46.967303834220694
Left foam,7.539978725632403,46.89035324193895
Left foam,7.5499648417065135,46.812767238915626
Left foam,7.5599662140830715,46.73463924334642
Left foam,7.569991272104367,46.656084668121686
Left foam,7.579967190150209,46.57815914836869
Left foam,7.589967957976571,46.50033704378179
Left foam,7.599989399646848,46.42271305614965
Left foam,7.609994161680655,46.345850846894336
Left foam,7.619973106125884,46.27013262449452
Left foam,7.629997163950928,46.19550470280227
Left foam,7.639975774411478,46.121736817873014
Left foam,7.649988272634897,46.04741518257347
Left foam,7.6599933275255525,45.97264062419015
Left foam,7.6699772056735265,45.89726756661825
Left foam,7.679980678675228,45.82087221391444
Left foam,7.68996271722455,45.74381496024292
Left foam,7.69995904395316,45.665898480673505
Left foam,7.70999504696977,45.58693972135715
Left foam,7.7199996317248925,45.507460357045446
Left foam,7.729987595270681,45.42728969699818
Left foam,7.73998537407515,45.34618135937096
Left foam,7.7499614519470565,45.26439155608038
Left foam,7.759987300695405,45.18133618708261
Left foam,7.769967652442747,45.09782945859938
Left foam,7.779963289498407,45.01338728851643
Left foam,7.789965700101399,44.928052363872276
Left foam,7.799970890768422,44.84185865387448
Left foam,7.809991702906979,44.754698780458945
Left foam,7.819981703892134,44.66701447837833
Left foam,7.8299966939969,44.578474708139254
Left foam,7.839982616107523,44.48980451289392
Left foam,7.849978197684258,44.40081502360644
Left foam,7.859989157165834,44.3111389509394
Left foam,7.869984231473868,44.22084413808165
Left foam,7.879984445131632,44.129703157005515
Left foam,7.889982485346804,44.03778778385681
Left foam,7.899970982648837,43.94529265127291
Left foam,7.909987238536996,43.85235312705646
Left foam,7.9199755759477695,43.75939194545188
Left foam,7.929966085572558,43.66588440723405
Left foam,7.939965306455615,43.57172162708117
Left foam,7.949999662666022,43.477174868328596
Left foam,7.959977234177687,43.38351661472615
Left foam,7.969970778968001,43.29045317037377
Left foam,7.979968376253834,43.19797208326564
Left foam,7.989991036745086,43.10609280219419
Left foam,7.999962384108236,43.015755395955146
Left foam,8.000006831550932,43.01535536532512
Right foam,0.0,-0.0
Right foam,0.009989961021512745,0.004958442022469334
Right foam,0.019992043388314045,0.03646093585402041
Right foam,0.02998154396983048,0.09252977727766161
Right foam,0.03996706428926499,0.1659609891930205
Right foam,0.04997707329973913,0.2542924647201348
Right foam,0.05999080644949294,0.35793691488786616
Right foam,0.06995577857517775,0.479408698855751
Right foam,0.07997976092856483,0.6196019171793524
Right foam,0.08999023881127191,0.7745892938349136
Right foam,0.09999120661247908,0.9448447660206656
Right foam,0.10998802936081757,1.1294541666866111
Right foam,0.11998443754741915,1.3255055147232808
Right foam,0.12998021736421594,1.531303739477908
Right foam,0.13997582428984023,1.7468209657697114
Right foam,0.14999257578972944,1.9708801607721815
Right foam,0.15999360761981912,2.1994417364792698
Right foam,0.16996677216290113,2.4295336028095336
Right foam,0.17999252641565755,2.661445376404767
Right foam,0.18999308490903147,2.8926481189965445
Right foam,0.19995672808079318,3.1224077285770404
Right foam,0.20998283113449234,3.3527187149586033
Right foam,0.21999218307440147,3.5817196290276
Right foam,0.22999777759454493,3.80972331697754
Right foam,0.23997177696874117,4.0361081805383625
Right foam,0.24997861979935868,4.262341464619047
Right foam,0.2599681581316944,4.48729252093086
Right foam,0.2699738991410829,4.711721297683851
Right foam,0.2799995673440711,4.9357118187041
Right foam,0.2899792518403392,5.157800255307012
Right foam,0.29996847699488366,5.3792323469555665
Right foam,0.30999245089309924,5.600566427762333
Right foam,0.3199568713655011,5.819728706177724
Right foam,0.3299560514831476,6.038801887001451
Right foam,0.33998257775922536,6.257620621990319
Right foam,0.34999508288619874,6.475285191342032
Right foam,0.35997303651477386,6.691359391719804
Right foam,0.36996789073153147,6.906962983676055
Right foam,0.3799706638639934,7.121902185629911
Right foam,0.38996051971769746,7.335732902517981
Right foam,0.3999959653119283,7.549706414940075
Right foam,0.40996505165308406,7.761441396764257
Right foam,0.41998149695313813,7.973358588029343
Right foam,0.42997783813852836,8.184030466331617
Right foam,0.4399826335932183,8.394063534636356
Right foam,0.44995611321565,8.602628918458025
Right foam,0.45999208083552084,8.81168773811147
Right foam,0.4699576675885509,9.018476447960575
Right foam,0.4799734538236568,9.22550282859492
Right foam,0.4899773262599515,9.431481636682204
Right foam,0.49999484464515853,9.636942168736502
Right foam,0.5099888774020679,9.841127215517144
Right foam,0.5199581163766662,10.04401893847239
Right foam,0.5299594725546438,10.246777847130275
Right foam,0.5399610257029467,10.448756140819752
Right foam,0.549997561552946,10.650655320830477
Right foam,0.5599780568693812,10.850649932587865
Right foam,0.5699716516408677,11.050133593207976
Right foam,0.5799804737262407,11.249148636058212
Right foam,0.5899891484605743,11.447390762565734
Right foam,0.5999957831306825,11.644825881099457
Right foam,0.609963040451696,11.840725166846898
Right foam,0.6199734262473491,12.03671288712699
Right foam,0.629980081594427,12.231870228214744
Right foam,0.6399702290639075,12.425953367415262
Right foam,0.6499753927367723,12.619577972043192
Right foam,0.6599828886209326,12.81249967954693
Right foam,0.6699829636183788,13.00453408398449
Right foam,0.6799933337324185,13.196024103180095
Right foam,0.6899675594927731,13.386087263780025
Right foam,0.6999566791805224,13.575701464954612
Right foam,0.7099584768489616,13.764824596346717
Right foam,0.7199725007497685,13.953448370758798
Right foam,0.7299613525878762,14.140872742748758
Right foam,0.7399900911148833,14.328319810340084
Right foam,0.7499899424045428,14.514505893019416
Right foam,0.7599752199016432,14.699705133031928
Right foam,0.769979653422755,14.884545570554335
Right foam,0.7799714476631343,15.068441983691228
Right foam,0.7899882017718373,15.252087977510692
Right foam,0.7999894016024467,15.434742668593524
Right foam,0.8099743756207648,15.616400026596628
Right foam,0.8199895440748132,15.79790596816943
Right foam,0.8299581994323049,15.977874850940161
Right foam,0.8399896869195143,16.158281862053613
Right foam,0.8499654877961996,16.336997608281717
Right foam,0.8599657983571072,16.515464827908445
Right foam,0.869974189158615,16.69338974506673
Right foam,0.8799904944519329,16.87077055755822
Right foam,0.8899722043754963,17.046859950558773
Right foam,0.8999634188782872,17.22244121458981
Right foam,0.9099728035892672,17.39766657809053
Right foam,0.9199644112581269,17.57190943984235
Right foam,0.9299654750173452,17.74564827664669
Right foam,0.9399667116566871,17.91872355889112
Right foam,0.949993153366058,18.091568638487253
Right foam,0.9599776261818661,18.263029843201835
Right foam,0.9699958165689663,18.434410394988504
Right foam,0.9799642605983281,18.604286680783904
Right foam,0.9899666686108526,18.77408940424645
Right foam,0.9999658808187348,18.94318731960549
Right foam,1.0099702017673458,19.111723267844503
Right foam,1.0199673356959493,19.279492885842078
Right foam,1.029995882859564,19.44714418054465
Right foam,1.0399715912952756,19.613273285232648
Right foam,1.0499598083871873,19.778974849987083
Right foam,1.0599560419078558,19.944174898284242
Right foam,1.069971167556783,20.109053102595595
Right foam,1.0799904971131116,20.273367946221686
Right foam,1.0899580585454323,20.436208443211605
Right foam,1.099995097200793,20.59955616018781
Right foam,1.1099605620624018,20.761118159886607
Right foam,1.1199778366987174,20.922898998858948
Right foam,1.1299999004189143,21.08413638850233
Right foam,1.1399688574877478,21.243905701856395
Right foam,1.1499910405365499,21.40391340771655
Right foam,1.1599749759054814,21.562700004916312
Right foam,1.1699767987091372,21.72116241009398
Right foam,1.1799851497623373,21.87912066763797
Right foam,1.1899589811022926,22.035931681020458
Right foam,1.1999954661071714,22.193122874321077
Right foam,1.2099633255643625,22.34864083892252
Right foam,1.219957314258476,22.50396987404576
Right foam,1.229972834827589,22.659036342650367
Right foam,1.2399578590630242,22.81303756087933
Right foam,1.2499675495489986,22.96682684928524
Right foam,1.2599568785764768,23.11971399115987
Right foam,1.2699664231770695,23.272321971751165
Right foam,1.2799807341562823,23.42441494622808
Right foam,1.2899597591071081,23.57538914968718
Right foam,1.299986675857092,23.726503704703635
Right foam,1.3099848057680257,23.87660309583928
Right foam,1.3199736548793655,24.02598519928644
Right foam,1.3299822310088465,24.17508459256733
Right foam,1.3399713214551756,24.323318721038873
Right foam,1.34996429524554,24.471037293087143
Right foam,1.359974641634749,24.618439408113385
Right foam,1.3699800802793274,24.765197371148616
Right foam,1.3799694917800398,24.911150990443907
Right foam,1.38997241891667,25.056733131330418
Right foam,1.3999902988138808,25.20196330984466
Right foam,1.4099770974287595,25.346176564615526
Right foam,1.4199643077242696,25.489831278002022
Right foam,1.4299650013136151,25.633115255641176
Right foam,1.439978580402546,25.77601857736809
Right foam,1.4499934135066035,25.91837485995054
Right foam,1.4599848922581238,26.059836923239736
Right foam,1.4699826767232573,26.200826840357227
Right foam,1.4799556062961274,26.340907391867276
Right foam,1.4899566844938141,26.48082339418857
Right foam,1.4999967921634487,26.62072196915194
Right foam,1.5099576959541086,26.7589595163494
Right foam,1.519989648142698,26.897622353171926
Right foam,1.5299694516815678,27.03500642024541
Right foam,1.5399898404100079,27.17238959422026
Right foam,1.5499845632675229,27.308862553983403
Right foam,1.5599616736352702,27.44453908329029
Right foam,1.5699620344369163,27.57997453480386
Right foam,1.5799825530535185,27.715123472321864
Right foam,1.5899981122285929,27.849645879644108
Right foam,1.5999618879190938,27.9829175518784
Right foam,1.6099858788758838,28.11643573045737
Right foam,1.6199795012749703,28.24899118570637
Right foam,1.6299952643993436,28.38128085510284
Right foam,1.639976580337421,28.512558047020352
Right foam,1.6499971999057292,28.643791976706723
Right foam,1.659959200050824,28.773701388306883
Right foam,1.6699850782126169,28.90388275899809
Right foam,1.6799591029450587,29.032831785041243
Right foam,1.6899912409734483,29.16196898989842
Right foam,1.699971186651056,29.289873261639084
Right foam,1.7099890935931767,29.417700424193004
Right foam,1.7199842058484869,29.54467309171146
Right foam,1.7299700066734724,29.670964322687382
Right foam,1.7399988872449053,29.79723283240717
Right foam,1.74998548405672,29.922402695502747
Right foam,1.7599911249635096,30.047243393070637
Right foam,1.7699644322331332,30.171113780984143
Right foam,1.7799833496972783,30.294979487978168
Right foam,1.7899751569559934,30.417938489570346
Right foam,1.7999750671708237,30.540424286034007
Right foam,1.8099656639713377,30.66222211887778
Right foam,1.8199608746322167,30.783500568922122
Right foam,1.8299962293289675,30.904685159399527
Right foam,1.8399939108237624,31.024834172678066
Right foam,1.8499643565681203,31.14407681216701
Right foam,1.859968540797818,31.263139771368515
Right foam,1.869999360236389,31.381931159866422
Right foam,1.8799855178169225,31.499606080062797
Right foam,1.8899824686351974,31.61681877694185
Right foam,1.8999688812909044,31.73331683265256
Right foam,1.9099731049039086,31.84942790466781
Right foam,1.9199777923854333,31.964946465109335
Right foam,1.9299750326173368,32.079779114683944
Right foam,1.939989291236699,32.19420323603821
Right foam,1.9499778420350884,32.30772857455339
Right foam,1.9599927968355544,32.42094442270162
Right foam,1.9699674488002434,32.533094979974294
Right foam,1.9799664640804933,32.64490571001095
Right foam,1.9899651943837091,32.7560951786959
Right foam,1.999988546064914,32.86693432221701
Right foam,2.0099946332188208,32.976955546532295
Right foam,2.0199843076899957,33.08616767880297
Right foam,2.0299764806285645,33.19477507927896
Right foam,2.0399715101008873,33.302777419212845
Right foam,2.0499851170852468,33.4103387800131
Right foam,2.0599798170726475,33.51705279032618
Right foam,2.069983527623644,33.62321469422389
Right foam,2.0799726396303946,33.728570683210364
Right foam,2.0899882809163097,33.83354952415527
Right foam,2.0999606953164367,33.937417867121155
Right foam,2.1099569615075624,34.04087242178273
Right foam,2.1199732712319213,34.14386550762557
Right foam,2.1299680703956545,34.245966079109245
Right foam,2.139995320785377,34.34772032996929
Right foam,2.1499764219865023,34.44832809951471
Right foam,2.1599568904996183,34.54824902214571
Right foam,2.16996056612999,34.64771551494706
Right foam,2.1799808111731527,34.746653505216415
Right foam,2.1899674700162186,34.84456557174277
Right foam,2.1999569448582226,34.941807875074645
Right foam,2.2099594802748324,35.038474542367545
Right foam,2.2199601097322907,35.13441584176565
Right foam,2.22997330339741,35.229765563235475
Right foam,2.2399795506986573,35.32433345196805
Right foam,2.2499847016867665,35.41817182429383
Right foam,2.2599966361363855,35.51135016594979
Right foam,2.2699726010188934,35.603470002245096
Right foam,2.2799730230051782,35.695086879608255
Right foam,2.289961888919968,35.785865838388766
Right foam,2.2999862878289505,35.876228622719395
Right foam,2.309997801497285,35.965732791911236
Right foam,2.319972401179661,36.05416568263228
Right foam,2.329974991649378,36.14210041863753
Right foam,2.339963899198567,36.229165805259896
Right foam,2.3499854099363886,36.31575996533146
Right foam,2.3599643631998686,36.40123150026424
Right foam,2.3699582888794954,36.48607335977702
Right foam,2.379996916415191,36.57052831051304
Right foam,2.389999360669749,36.65391219887159
Right foam,2.3999861354865866,36.73639940673605
Right foam,2.409998648478418,36.818328265474314
Right foam,2.419975314626342,36.89919355223879
Right foam,2.42999777759559,36.9796534231148
Right foam,2.439980206408675,37.05901573778467
Right foam,2.4499882859080757,37.13780195748613
Right foam,2.4599688178854513,37.21559123988586
Right foam,2.4699800815520225,37.292835379016395
Right foam,2.479985634592174,37.36924828192034
Right foam,2.4899946162147497,37.444898059378126
Right foam,2.4999673900585804,37.51948703973155
Right foam,2.5099944163735217,37.593687632495964
Right foam,2.519984821243666,37.66682318851421
Right foam,2.5299979662083025,37.739327763534746
Right foam,2.5399737370046407,37.8107655972363
Right foam,2.549962943706849,37.8815011098433
Right foam,2.559987272755071,37.95167963835469
Right foam,2.569965948124243,38.0207344860942
Right foam,2.5799944846370533,38.089323566672704
Right foam,2.589994007321532,38.156902260752204
Right foam,2.599982692719946,38.22359556498876
Right foam,2.6099583410498135,38.28938950416694
Right foam,2.6199908534473195,38.35473792549743
Right foam,2.629976052309588,38.41895902849636
Right foam,2.639963377767787,38.4823741140989
Right foam,2.6499887386907006,38.54520384003241
Right foam,2.6599934446757447,38.60707572160867
Right foam,2.6699594477339783,38.66788290464828
Right foam,2.6799593693022796,38.72827919955614
Right foam,2.6899901993603157,38.79339203888222
Right foam,2.69998736849525,38.86967272557161
Right foam,2.7099564543407118,38.95720113750386
Right foam,2.7199638333857923,39.05283324202838
Right foam,2.7299630282449097,39.154206594395276
Right foam,2.739991889772026,39.26109537432361
Right foam,2.7499991272805193,39.374338240751435
Right foam,2.759965226510916,39.49452471790348
Right foam,2.769979908227114,39.62102524544244
Right foam,2.779970536157839,39.75257637471035
Right foam,2.7899670463153403,39.889091147252195
Right foam,2.799996203365536,40.02972114809709
Right foam,2.809997833640168,40.17284766574107
Right foam,2.819967008977856,40.318265421788894
Right foam,2.8299625308132867,40.46733681340513
Right foam,2.8399829465466557,40.61910302231232
Right foam,2.8499720052161246,40.77131461111815
Right foam,2.859993355102407,40.92351949831935
Right foam,2.8699665258621603,41.073930400738455
Right foam,2.8799708610538097,41.223513072174654
Right foam,2.889995639778524,41.372072948193576
Right foam,2.8999804733339616,41.51871795656191
Right foam,2.909978057514456,41.6642258219001
Right foam,2.9199887633107307,41.80859455268225
Right foam,2.9299919545530226,41.95152274305091
Right foam,2.9399764697640283,42.09285313643202
Right foam,2.9499981846561023,42.233369671140906
Right foam,2.959979252006029,42.3719780838705
Right foam,2.969980736582091,42.509526868787624
Right foam,2.9799930482495056,42.64587413254535
Right foam,2.9899731213205967,42.780433976194345
Right foam,2.999972572662621,42.913901143899395
Right foam,3.009966234808012,43.045933138271025
Right foam,3.019993492019316,43.177040788567716
Right foam,3.0299923285373174,43.306408396434016
Right foam,3.039985271719881,43.43433076337474
Right foam,3.0499910953431786,43.561043161650566
Right foam,3.059964952357777,43.68597809003577
Right foam,3.069994740587669,43.810228228805705
Right foam,3.07995931289467,43.93229149247566
Right foam,3.0899847747873332,44.053710452368584
Right foam,3.09997082118476,44.173262946383225
Right foam,3.109969144050625,44.29157077966666
Right foam,3.119998919780487,44.40884919785089
Right foam,3.1299647571994,44.52398729694965
Right foam,3.1399993771487638,44.63851533158017
Right foam,3.1499598328533267,44.750801093862094
Right foam,3.15999109527504,44.862477943729424
Right foam,3.169982639720877,44.97230749936241
Right foam,3.1799856317141555,45.08085700309192
Right foam,3.189973769539588,45.18784085697143
Right foam,3.199991731613997,45.29373379923967
Right foam,3.209996339448164,45.39807553098739
Right foam,3.2199651611459887,45.50064231087619
Right foam,3.229958135424419,45.602053364989956
Right foam,3.239970433001811,45.70225082940405
Right foam,3.2499679490677598,45.80089299956151
Right foam,3.2599571624250046,45.898049461129006
Right foam,3.2699997190781684,45.9943113108191
Right foam,3.2799766083943602,46.08854163081569
Right foam,3.2899765442371622,46.18158876240586
Right foam,3.2999730807222836,46.27320418788833
Right foam,3.309977879925228,46.363495664042496
Right foam,3.319972582669815,46.45229998925875
Right foam,3.329965863041504,46.53969897871774
Right foam,3.3399809040717363,46.62589380690604
Right foam,3.3499906507562764,46.710651218960294
Right foam,3.3599958270293806,46.793982783490065
Right foam,3.369960269393244,46.87560039733078
Right foam,3.3799722574691633,46.95622977004286
Right foam,3.3899916558431484,47.03554068406592
Right foam,3.399995227773425,47.113355591759124
Right foam,3.4099763881091087,47.18963602901067
Right foam,3.419990288270649,47.26480656620659
Right foam,3.4299796669928204,47.33844111769193
Right foam,3.439982401248543,47.410826819449866
Right foam,3.449974731003177,47.48179700770622
Right foam,3.4599728513892947,47.551473714137416
Right foam,3.469973705488485,47.61984019418024
Right foam,3.4799853355285766,47.68695518083861
Right foam,3.489970909260417,47.75258137229223
Right foam,3.499988732211183,47.817107479804406
Right foam,3.509987757324931,47.880208918015924
Right foam,3.519996837758516,47.94207645942614
Right foam,3.5299840719765445,48.00252225472961
Right foam,3.539999247022662,48.06185360846909
Right foam,3.5499750470102813,48.11968111531813
Right foam,3.5599873453070088,48.176452424305204
Right foam,3.569991342151219,48.23191548418978
Right foam,3.5799993586839802,48.28614678857796
Right foam,3.589982710162814,48.339002147276325
Right foam,3.599989507754609,48.39074390951269
Right foam,3.609987609753006,48.44121055387938
Right foam,3.6199706403360956,48.490381670841856
Right foam,3.62998239784877,48.538477893327716
Right foam,3.639959160008169,48.58520160343215
Right foam,3.6499554574751563,48.630818332086854
Right foam,3.659999069154944,48.67545018813033
Right foam,3.6699606504969564,48.7185358800526
Right foam,3.6799600199480973,48.76061734420888
Right foam,3.6899913764507466,48.80239520146034
Right foam,3.699982913942179,48.84644618140898
Right foam,3.7099757384516736,48.89696467596941
Right foam,3.7199943889358096,48.95374972193498
Right foam,3.729962389202568,49.013876688899174
Right foam,3.739976717589097,49.07595325000903
Right foam,3.749962843021728,49.1385053193088
Right foam,3.759981563887964,49.202457538610304
Right foam,3.769965783886488,49.26911184125285
Right foam,3.779989481127052,49.33984489278942
Right foam,3.7899927144139083,49.413075648112795
Right foam,3.799958127050029,49.48678938049946
Right foam,3.8099628048722307,49.5611117614844
Right foam,3.819965322099062,49.637188778999366
Right foam,3.829997723039611,49.71836613764862
Right foam,3.839982251655563,49.80399744342536
Right foam,3.849999963294114,49.89295068337996
Right foam,3.8599853756904996,49.982900992160175
Right foam,3.869996622681421,50.07309272853875
Right foam,3.8799758307534966,50.16251627340333
Right foam,3.8899749412881865,50.25134926711551
Right foam,3.899974279069712,50.33901570575239
Right foam,3.909981045563255,50.42540277388044
Right foam,3.9199794835612627,50.51032272577349
Right foam,3.9299741642937325,50.59379488643172
Right foam,3.9399656438511688,50.675831543057114
Right foam,3.9499920406901947,50.75674561839336
Right foam,3.959957102444371,50.83577253300005
Right foam,3.969981472115329,50.913876112443944
Right foam,3.9799836583022463,50.9904202737865
Right foam,3.989996897388895,51.06566819617453
Right foam,3.999962066184443,51.139189579185384
Right foam,4.009982616686821,51.21175244780435
Right foam,4.019985737106671,51.28282791829858
Right foam,4.029985450337512,51.35252588318047
Right foam,4.039966885469826,51.42075292260723
Right foam,4.049957672285779,51.487705377010094
Right foam,4.059981472726735,51.55353884328607
Right foam,4.069977452053379,51.61785811268138
Right foam,4.079973744767089,51.68085491449029
Right foam,4.089967943497107,51.7425194587378
Right foam,4.09995910856725,51.80285181489492
Right foam,4.109980115336773,51.862049915326104
Right foam,4.119984125208945,51.91983906460433
Right foam,4.129964255278309,51.97619184714258
Right foam,4.139984312080828,52.03146959916148
Right foam,4.149995956521106,52.08540354786143
Right foam,4.159984365413026,52.137923872050386
Right foam,4.169957460397018,52.18908342889203
Right foam,4.179975603296128,52.239189806454846
Right foam,4.189960119300602,52.28785090377169
Right foam,4.199994698658854,52.335475000075945
Right foam,4.209996904761525,52.38167654913811
Right foam,4.219994070290476,52.426670553149734
Right foam,4.229969721830748,52.47051967708604
Right foam,4.239974500789136,52.51354041967083
Right foam,4.249982306832177,52.55573414971231
Right foam,4.259982568110752,52.59717604941283
Right foam,4.269964160984992,52.63782830525222
Right foam,4.279999742011297,52.67766904764058
Right foam,4.289988183120807,52.71615866460452
Right foam,4.299982584989595,52.75521932944846
Right foam,4.309970035917239,52.796587623710266
Right foam,4.319999374273674,52.841600851831515
Right foam,4.329993981516786,52.89011319934238
Right foam,4.339957996342546,52.941464918595486
Right foam,4.349963206873632,52.995730277763585
Right foam,4.359990236780178,53.0527828553103
Right foam,4.369973183385304,53.111246025027825
Right foam,4.37998615140778,53.170736815998424
Right foam,4.389983665670742,53.230397018928066
Right foam,4.399958614866624,53.289720997522494
Right foam,4.409999316001971,53.34908404602346
Right foam,4.4199562606849545,53.40740860282796
Right foam,4.429961181922948,53.46498618195763
Right foam,4.439972548915116,53.521363509827204
Right foam,4.449970402193156,53.576735791373096
Right foam,4.4599950945013065,53.63169252080818
Right foam,4.469967334358652,53.685958745081706
Right foam,4.479959399329603,53.7395193650261
Right foam,4.489966548945699,53.791945535705175
Right foam,4.499989685407309,53.84313262546831
Right foam,4.509994842501989,53.89283218138302
Right foam,4.51998440936643,53.94102981049523
Right foam,4.529966366454435,53.98776958312316
Right foam,4.539974687750707,54.03320895055214
Right foam,4.5499660254763645,54.077151427452975
Right foam,4.559965924704872,54.1197134844499
Right foam,4.569966257261108,54.16086091800174
Right foam,4.579980735928727,54.20064931566859
Right foam,4.589969944166384,54.238928487180395
Right foam,4.59996567268466,54.27584333535784
Right foam,4.609958441749131,54.31136147011861
Right foam,4.619962039231872,54.34552928786663
Right foam,4.629968572207945,54.37831375813859
Right foam,4.6399867736080616,54.409757992277555
Right foam,4.649993448754367,54.43977724038851
Right foam,4.659987721828985,54.46835935773653
Right foam,4.669984174244073,54.49554921627122
Right foam,4.679986633953577,54.52135853136853
Right foam,4.689974402710123,54.54588500388592
Right foam,4.699995325494959,54.56953171885361
Right foam,4.709959483720083,54.59266589657964
Right foam,4.719957849489887,54.61571186350501
Right foam,4.729968194463125,54.63865607823093
Right foam,4.739995796651898,54.66190635967336
Right foam,4.749973233593551,54.68578572467215
Right foam,4.7599730254890735,54.71053128814013
Right foam,4.769990488137166,54.73614298874306
Right foam,4.779996188618287,54.762854881471036
Right foam,4.789980228832014,54.79026094049557
Right foam,4.799973573577608,54.81808808985279
Right foam,4.809996370479239,54.846400476532345
Right foam,4.819990392003716,54.87440918339237
Right foam,4.829995363228399,54.901793037941935
Right foam,4.8399821377424574,54.92867539459729
Right foam,4.849983847686886,54.955548673995644
Right foam,4.8599648851425,54.9833852846522
Right foam,4.86997142563182,55.01488228068884
Right foam,4.879985365513301,55.05008164574182
Right foam,4.889968814565082,55.08720508933883
Right foam,4.8999645215692285,55.12514528107255
Right foam,4.909993442299744,55.163707649693826
Right foam,4.919993470493547,55.20240677735775
Right foam,4.929997298337766,55.24085061203531
Right foam,4.9399607788007,55.27851946702439
Right foam,4.949963643589128,55.3155131407099
Right foam,4.959999773995563,55.35188243923928
Right foam,4.9699761489625836,55.387054227970346
Right foam,4.97999079649168,55.420994748169086
Right foam,4.98997417803668,55.45330282458622
Right foam,4.9999927963909725,55.484082220932805
Right foam,5.009965747862612,55.51313903416539
Right foam,5.019998759779939,55.54084894864767
Right foam,5.029983983952706,55.56680203592587
Right foam,5.039988504982833,55.591131992082666
Right foam,5.049984777705981,55.613778104112846
Right foam,5.059960074180316,55.634836372073416
Right foam,5.069964670314907,55.654886857161465
Right foam,5.079975685729509,55.674071927288914
Right foam,5.089992849776121,55.69259895102381
Right foam,5.099958718378997,55.71079543585079
Right foam,5.109971722647652,55.72888724532162
Right foam,5.119977983712958,55.74663501083788
Right foam,5.1299836288084,55.76428733347903
Right foam,5.139991801203174,55.78173305160592
Right foam,5.149982663236395,55.798383251765415
Right foam,5.1599675807273355,55.81403228860376
Right foam,5.16996996309496,55.82854762169291
Right foam,5.17997135939286,55.84175209569333
Right foam,5.1899826714528094,55.853778971490364
Right foam,5.199971079100129,55.86557829358024
Right foam,5.209973232172589,55.878010454670715
Right foam,5.219981155537408,55.891020702685246
Right foam,5.229965138942933,55.9044036509162
Right foam,5.239960893457711,55.9182141287645
Right foam,5.249982002999411,55.93268847118685
Right foam,5.259975273822631,55.94736857347061
Right foam,5.269979810125778,55.961572015023876
Right foam,5.279979478277073,55.974681204210555
Right foam,5.289965745571135,55.98659791298991
Right foam,5.299991157239064,55.99772945535576
Right foam,5.309970016642706,56.009201837778214
Right foam,5.319967898115426,56.021412644069144
Right foam,5.329981423881178,56.034179488413315
Right foam,5.339988839159224,56.046656559532614
Right foam,5.349969719018033,56.05838711131865
Right foam,5.359976447419338,56.068990283713084
Right foam,5.369997037700295,56.07799280625545
Right foam,5.379980128486525,56.085430785011845
Right foam,5.389969650855461,56.091767993181776
Right foam,5.399996237483614,56.0970699472807
Right foam,5.409966596757288,56.10112804979944
Right foam,5.419986616964384,56.10381631568975
Right foam,5.4299948155622335,56.10534465794359
Right foam,5.4399691007413855,56.10719449812095
Right foam,5.449975236982409,56.11001919942888
Right foam,5.459968430346009,56.112725800169905
Right foam,5.469971325902305,56.11445564956653
Right foam,5.4799976421954195,56.11479586657152
Right foam,5.489991768779654,56.11377057415196
Right foam,5.499965253501361,56.11175897271152
Right foam,5.509966015189843,56.10881648212121
Right foam,5.519978045567491,56.104634931007006
Right foam,5.529958511920713,56.099000807398184
Right foam,5.539996544531082,56.09179859499982
Right foam,5.549991667307744,56.08310839930297
Right foam,5.559973770025515,56.07293267343866
Right foam,5.56997793476473,56.061249442334805
Right foam,5.579992867189303,56.048210148705714
Right foam,5.589994622012164,56.034568303730026
Right foam,5.599988999215762,56.0208202008058
Right foam,5.609986973983674,56.00745506784578
Right foam,5.619966612373134,55.9945115998302
Right foam,5.629983242042961,55.981204719142454
Right foam,5.639965675729477,55.96706918108102
Right foam,5.649963985862555,55.951971423420154
Right foam,5.659957800666603,55.93609040486155
Right foam,5.669981840028802,55.91933311314254
Right foam,5.6799950541715365,55.90139940851627
Right foam,5.689981055962535,55.882191919367216
Right foam,5.699963637495529,55.86169471585307
Right foam,5.709973742693839,55.84039290895315
Right foam,5.719982667722575,55.819675060989326
Right foam,5.729997316249422,55.80059074206795
Right foam,5.73995947155766,55.783713934092646
Right foam,5.749973659715163,55.768507907887475
Right foam,5.759981153184275,55.75390076308483
Right foam,5.769964727386618,55.740015839658305
Right foam,5.7799770108386745,55.72729200518557
Right foam,5.789973688981864,55.71560504986829
Right foam,5.799984294858557,55.704403442941675
Right foam,5.809963684300622,55.693237070963875
Right foam,5.819987219207334,55.681980694048136
Right foam,5.829983085017342,55.670633553638304
Right foam,5.839979294598562,55.65873579325691
Right foam,5.849955942465895,55.64637553216907
Right foam,5.859957484590053,55.6334300552099
Right foam,5.869968967583659,55.61946780981073
Right foam,5.879984272359551,55.604199277812995
Right foam,5.889972644483208,55.587562531307974
Right foam,5.899974534721747,55.569434035368225
Right foam,5.909985727542861,55.54979937127457
Right foam,5.919997681181325,55.52867762298298
Right foam,5.929992033273825,55.50610729203021
Right foam,5.939988437048837,55.48204718444756
Right foam,5.949971011485545,55.45654045898042
Right foam,5.959994067918254,55.42944361062913
Right foam,5.9699825933169635,55.4009616216795
Right foam,5.97999319973683,55.37093844638073
Right foam,5.989998987402787,55.33945557225304
Right foam,5.99998996977345,55.30656365537455
Right foam,6.0099610059813715,55.2723052789429
Right foam,6.019999136666899,55.236444882805266
Right foam,6.029996038720702,55.19942913074808
Right foam,6.039961259028798,55.16115318405722
Right foam,6.049977970011413,55.12125856991666
Right foam,6.059994254047706,55.08009926968257
Right foam,6.069958650732351,55.038247845505
Right foam,6.079988953826534,54.99508266451952
Right foam,6.089992875556061,54.951889718592675
Right foam,6.099989890616766,54.910228053972354
Right foam,6.109985632846028,54.87022828558502
Right foam,6.119974139240185,54.831886488714964
Right foam,6.1299875566626065,54.7954019079028
Right foam,6.139961785386554,54.76142725445883
Right foam,6.149962887980512,54.729975022469276
Right foam,6.159975295933049,54.700047966002295
Right foam,6.169982337224006,54.67042162586845
Right foam,6.179980492075587,54.64057146034935
Right foam,6.189987946860759,54.61048899023333
Right foam,6.199963048753076,54.58076118466231
Right foam,6.209984208849827,54.55131415647936
Right foam,6.219989928784053,54.52191214989306
Right foam,6.229976582287904,54.49233385678224
Right foam,6.239967494492535,54.462717043131384
Right foam,6.2499603687585985,54.43291059735304
Right foam,6.259998517275639,54.40247650131369
Right foam,6.269964856281512,54.37172283205012
Right foam,6.279968251574157,54.34019038091492
Right foam,6.28999274730658,54.30793087951844
Right foam,6.299978669363407,54.27497336614727
Right foam,6.309976929827969,54.24091230694553
Right foam,6.319958736051649,54.20555071682873
Right foam,6.329958410957847,54.16866633049654
Right foam,6.3399795757083215,54.130245314720874
Right foam,6.349963037528942,54.090530257901115
Right foam,6.359961274282395,54.04940419724124
Right foam,6.369989516460177,54.00713440138794
Right foam,6.379975710467145,53.96437051011548
Right foam,6.389990623740286,53.92091382105597
Right foam,6.399996009538428,53.8775127987454
Right foam,6.409968392701951,53.83500993612703
Right foam,6.419964509205941,53.79311820713932
Right foam,6.429978221835664,53.75180700587686
Right foam,6.439995383763986,53.7111209473437
Right foam,6.449984380157341,53.67171281531954
Right foam,6.4599867114587175,53.635072651767224
Right foam,6.469992173478452,53.60137853832383
Right foam,6.479956661035917,53.56969736231407
Right foam,6.489976550495774,53.538524662865164
Right foam,6.499970786370716,53.50710791719868
Right foam,6.509964984914044,53.47484426249183
Right foam,6.519959368723488,53.44141707254272
Right foam,6.529996411384291,53.40662808811604
Right foam,6.539962588281889,53.3710661239434
Right foam,6.549982944956602,53.33437804500455
Right foam,6.559978538742022,53.29650548842639
Right foam,6.569996977129841,53.25718527106971
Right foam,6.579982118465765,53.216675800734556
Right foam,6.589966692864798,53.17484853840929
Right foam,6.599967994790061,53.13163967272043
Right foam,6.609986454824011,53.087034970987055
Right foam,6.619981099827853,53.04122776631364
Right foam,6.629985121013332,52.99409494265127
Right foam,6.639965643973591,52.94590840290921
Right foam,6.649989356091944,52.89642352707781
Right foam,6.659974233030556,52.84624609179881
Right foam,6.669986718168595,52.795180649998954
Right foam,6.679982083998721,52.74391193477079
Right foam,6.689963464909093,52.692448566066474
Right foam,6.69999470757306,52.63987668003786
Right foam,6.7099934159102945,52.58631902375232
Right foam,6.7199770675682355,52.53163252652022
Right foam,6.729991232328321,52.475570293960885
Right foam,6.739963177600785,52.418552466483035
Right foam,6.749992578756297,52.36001705660129
Right foam,6.759998883430471,52.3004385843861
Right foam,6.769959001106804,52.23998727248357
Right foam,6.7799985463174,52.17799359880881
Right foam,6.789988188117938,52.1156030786863
Right foam,6.7999708061716015,52.053386488570766
Right foam,6.809980784842798,51.99147790072743
Right foam,6.819980150435991,51.93018493951014
Right foam,6.829984500237743,51.869419917547035
Right foam,6.839969587457437,51.80872673595095
Right foam,6.849972801697294,51.747352365318164
Right foam,6.859966532394865,51.685146132327816
Right foam,6.869968533687079,51.62181402134982
Right foam,6.8799720115260765,51.557365672631164
Right foam,6.889965317175172,51.49188485318302
Right foam,6.899993840153902,51.425079411545106
Right foam,6.909973914984763,51.357517922855436
Right foam,6.919994835008652,51.288608931155096
Right foam,6.929978021482736,51.21893286129998
Right foam,6.939960288435847,51.14847509236483
Right foam,6.949996434153348,51.07779550017886
Right foam,6.959987984477801,51.00860379847384
Right foam,6.969967946167452,50.94005331536625
Right foam,6.9799867306480206,50.87144981693129
Right foam,6.989988592971343,50.803475709411025
Right foam,6.9999738325705545,50.73605691297439
Right foam,7.009981092335826,50.668460277184344
Right foam,7.019958978262349,50.600664983759614
Right foam,7.029976555918508,50.53229600875492
Right foam,7.039983081022471,50.46430782922472
Right foam,7.049990318557699,50.396872574727134
Right foam,7.059968894757484,50.32944450155708
Right foam,7.069985622829664,50.26111920461058
Right foam,7.079985833144151,50.19244354603891
Right foam,7.089959798666404,50.12373165658857
Right foam,7.099997741017178,50.05462606449832
Right foam,7.109967663339853,49.98634159693405
Right foam,7.119971380930784,49.91794214241517
Right foam,7.129990758922399,49.84926008119406
Right foam,7.139961431496943,49.78074564994611
Right foam,7.149979474100601,49.7115989624019
Right foam,7.159995254801014,49.64196928167908
Right foam,7.169962449877352,49.57223368828643
Right foam,7.179959609427873,49.50196469173152
Right foam,7.189968909607604,49.43179633227214
Right foam,7.199959927297341,49.363111570283955
Right foam,7.209987078070645,49.29537749219841
Right foam,7.219986323040487,49.22829440116321
Right foam,7.229979056884138,49.16132396340604
Right foam,7.239979494087148,49.094325181129356
Right foam,7.249958421845624,49.02724379187889
Right foam,7.259988719917388,48.959228696112525
Right foam,7.269994722444973,48.89048001011874
Right foam,7.279979460642738,48.820907232403
Right foam,7.289956192759518,48.75041661081434
Right foam,7.2999916149521695,48.67853314262196
Right foam,7.309960085356894,48.606165001724904
Right foam,7.3199787356060195,48.532471114620286
Right foam,7.329971517588882,48.45801401802398
Right foam,7.339959116689036,48.38265053466249
Right foam,7.349979222642239,48.306098869323215
Right foam,7.35998163947862,48.22876714529089
Right foam,7.3699667764987655,48.15074590942179
Right foam,7.379998054591323,48.07154266352658
Right foam,7.389991146096957,47.99186290218148
Right foam,7.399971460935594,47.91153017023764
Right foam,7.4099664641860015,47.83029754573805
Right foam,7.419956876920095,47.748381682169835
Right foam,7.429997218771458,47.66554866069369
Right foam,7.439992845652756,47.58278674445571
Right foam,7.449972023947285,47.49996062123939
Right foam,7.45996235590817,47.417002215420474
Right foam,7.469967570496092,47.33409329707731
Right foam,7.4799766590625705,47.25139731245161
Right foam,7.489958270510493,47.168983662298956
Right foam,7.499993868528688,47.08602780687333
Right foam,7.5099722627718695,47.00344089279072
Right foam,7.519962940739569,46.92102270314281
Right foam,7.529990178212874,46.83991060673453
Right foam,7.539978725632403,46.76177140502409
Right foam,7.5499648417065135,46.685820140315585
Right foam,7.5599662140830715,46.610681695198
Right foam,7.569991272104367,46.5355860663697
Right foam,7.579967190150209,46.46074910871657
Right foam,7.589967957976571,46.385733647879725
Right foam,7.599989399646848,46.3111662589228
Right foam,7.609994161680655,46.23758224097294
Right foam,7.619973106125884,46.164914235867954
Right foam,7.629997163950928,46.092057982423924
Right foam,7.639975774411478,46.01914356101572
Right foam,7.649988272634897,45.945284872919714
Right foam,7.6599933275255525,45.8706764870579
Right foam,7.6699772056735265,45.79535209368032
Right foam,7.679980678675228,45.71898954887932
Right foam,7.68996271722455,45.64190473245027
Right foam,7.69995904395316,45.56382838668911
Right foam,7.70999504696977,45.484561064632025
Right foam,7.7199996317248925,45.40466907486996
Right foam,7.729987595270681,45.32404629334459
Right foam,7.73998537407515,45.24248588391014
Right foam,7.7499614519470565,45.16025207398749
Right foam,7.759987300695405,45.07675770498743
Right foam,7.769967652442747,44.992801131008854
Right foam,7.779963289498407,44.90788034156241
Right foam,7.789965700101399,44.8220703422098
Right foam,7.799970890768422,44.735409643192234
Right foam,7.809991702906979,44.64779017367847
Right foam,7.819981703892134,44.55962519675873
Right foam,7.8299966939969,44.470428372511556
Right foam,7.839982616107523,44.380695691136864
Right foam,7.849978197684258,44.29018651728378
Right foam,7.859989157165834,44.198960295226655
Right foam,7.869984231473868,44.107330085435976
Right foam,7.879984445131632,44.01539085615379
Right foam,7.889982485346804,43.923199433947566
Right foam,7.899970982648837,43.83071905078621
Right foam,7.909987238536996,43.73750194028062
Right foam,7.9199755759477695,43.644052451906504
Right foam,7.929966085572558,43.550408598291874
Right foam,7.939965306455615,43.45720175136534
Right foam,7.949999662666022,43.36445218488384
Right foam,7.959977234177687,43.27295506239863
Right foam,7.969970778968001,43.181850454645186
Right foam,7.979968376253834,43.09150926397681
Right foam,7.989991036745086,43.002189446791355
Right foam,7.999962384108236,42.91450023267263
Right foam,8.000006831550932,42.91411185851645
