time_s,plate_part_id,pusher_front_sample_count,foam_front_sample_count,pusher_into_plate_max_m,pusher_beyond_plate_back_max_m,foam_into_plate_max_m
0.0,21,163,102,0.0,0.0,0.0
9.989963192433698e-06,21,163,102,0.00023728629484771213,0.0,6.811597844625164e-06
1.9946948081706548e-05,21,163,102,0.0002804116232641278,0.0,6.350549072619421e-06
2.9936410885108502e-05,21,164,102,0.0003504181557083516,0.0,6.006475525595703e-06
3.9921802894280255e-05,21,164,102,0.0003300099361080253,0.0,6.553452939771914e-06
4.997681669513509e-05,21,164,102,0.00033730197534627047,0.0,6.661231304185694e-06
5.999084106281442e-05,21,164,102,0.0003376264922105483,0.0,7.232643340661371e-06
6.991092103133941e-05,21,165,102,0.0004369122730547516,0.0,7.048713450944974e-06
7.998338472472615e-05,21,167,102,0.0004340254102345833,0.0,6.7694012133995285e-06
8.995051991106551e-05,21,167,102,0.0004041053584888021,0.0,7.059220235796845e-06
9.99504450036086e-05,21,167,102,0.00040359219904493107,0.0,7.423769760575918e-06
0.00010999096422944632,21,167,102,0.00039249993947146,0.0,7.556063774076874e-06
0.00011999359193526734,21,167,102,0.000359168602173198,0.0,7.441403332529226e-06
0.00012994251283597816,21,167,102,0.0003667306590559526,0.0,7.443051268188686e-06
0.00013993743058220186,21,167,102,0.0003343739273971003,0.0,7.359410835267033e-06
0.00014995870994798948,21,168,102,0.00030941111150864595,0.0,7.308108636123675e-06
0.0001599164829737738,21,168,102,0.0002606471494624703,0.0,7.163224205301161e-06
0.00016997878332424812,21,168,102,0.00020676317828521428,0.0,7.005031983108034e-06
0.0001799193112306633,21,168,102,0.00014598727384155293,0.0,6.8635544595452985e-06
0.0001899520601412834,21,168,102,0.00011671561209962694,0.0,6.753962191657914e-06
0.0001999993082105989,21,168,102,0.0,0.0,6.6854051498695805e-06
0.0002099880817018489,21,168,102,0.0,0.0,6.628597409946008e-06
0.000219961998633097,21,169,102,0.0,0.0,6.581657997144913e-06
0.00022999867073867513,21,169,102,0.0,0.0,6.534396511832796e-06
0.00023997563380506994,21,169,102,0.0,0.0,6.509616846353539e-06
0.00024998503017070565,21,169,102,0.0,0.0,6.471658939757874e-06
0.00025992427874247927,21,169,102,0.0,0.0,6.44753361363215e-06
0.0002699219261539762,21,169,102,0.0,0.0,6.420893199864802e-06
0.0002799354488434132,21,169,102,0.0,0.0,6.401618354148764e-06
0.0002899290986284926,21,171,102,0.0,0.0,6.3797656282213455e-06
0.0002999818585602357,21,169,102,0.0,0.0,6.360647328659819e-06
0.00030994330766118453,21,169,68,0.0,0.0,6.047392135187513e-06
0.0003199250739298324,21,169,64,0.0,0.0,5.9116614585311145e-06
0.00032998952041924236,21,169,60,0.0,0.0,5.783354049274797e-06
0.0003399877560041757,21,169,60,0.0,0.0,5.7641374562079906e-06
0.0003499897938405149,21,169,60,0.0,0.0,5.748477396372298e-06
0.00035992728669542924,21,169,60,0.0,0.0,5.734350064685867e-06
0.0003699143371530551,21,169,60,0.0,0.0,5.722542215536031e-06
0.0003799584806503054,21,172,60,0.0,0.0,5.710327258469372e-06
0.0003899384682275275,21,170,60,0.0,0.0,5.698957958794049e-06
0.00039991983694590434,21,170,60,0.0,0.0,5.68721359433394e-06
0.0004099198747312895,21,169,60,0.0,0.0,5.675807463731419e-06
0.00041994483308318756,21,169,60,0.0,0.0,5.664176129630688e-06
0.00042996202408289365,21,169,60,0.0,0.0,5.65270444201002e-06
0.00043993294795004916,21,169,60,0.0,0.0,5.641188667915298e-06
0.00044991585655193014,21,169,60,0.0,0.0,5.629715988539341e-06
0.0004599259929941842,21,169,60,0.0,0.0,5.618211564493991e-06
0.0004699882034867308,21,169,60,0.0,0.0,5.6066471359542125e-06
0.00047996509996811105,21,169,60,0.0,0.0,5.595187927909945e-06
0.0004899643475631937,21,169,60,0.0,0.0,5.583898708819146e-06
0.0004999626844150479,21,169,60,0.0,0.0,5.572925573488208e-06
0.0005099891984671297,21,169,60,0.0,0.0,5.562092085475284e-06
0.0005199678110160662,21,169,60,0.0,0.0,5.551496767803449e-06
0.0005299113958562461,21,170,60,0.0,0.0,5.541000702588561e-06
0.0005399978710366806,21,170,60,0.0,0.0,5.530446102415543e-06
0.0005499775640650294,21,170,60,0.0,0.0,5.520006626780899e-06
0.0005599516527016105,21,170,60,0.0,0.0,5.509594904501425e-06
0.0005699880770181412,21,169,60,0.0,0.0,5.49909729948006e-06
0.0005799756197913125,21,168,60,0.0,0.0,5.488649301135101e-06
0.0005899205188011095,21,168,60,0.0,0.0,5.4782207265964555e-06
0.0005999272308792308,21,168,60,0.0,0.0,5.46770447106687e-06
0.0006099238111063899,21,168,60,0.0,0.0,5.457158572599874e-06
0.0006199766155961252,21,168,60,0.0,0.0,5.446546631676652e-06
0.0006299229977715811,21,168,60,0.0,0.0,5.436058231320096e-06
0.000639973640093208,21,168,60,0.0,0.0,5.42549344551696e-06
0.0006499700395808684,21,168,60,0.0,0.0,5.415019819834943e-06
0.0006599557251040922,21,168,60,0.0,0.0,5.404596585351085e-06
0.0006699189178816747,21,168,60,0.0,0.0,5.394221887590478e-06
0.0006799526968651924,21,168,60,0.0,0.0,5.383805067163405e-06
0.0006899204836290289,21,167,60,0.0,0.0,5.373482130997809e-06
0.00069997099617532,21,167,60,0.0,0.0,5.363087552737178e-06
0.0007099695437041487,21,167,60,0.0,0.0,5.352763022471729e-06
0.0007199714857917364,21,165,60,0.0,0.0,5.342420848805651e-06
0.000729935493460422,21,165,60,0.0,0.0,5.332082058030763e-06
0.0007399274245512884,21,165,60,0.0,0.0,5.321672023127222e-06
0.0007499431720847861,21,165,60,0.0,0.0,5.311206616877284e-06
0.0007599858004742278,21,164,60,0.0,0.0,5.30094404552206e-06
0.0007699694656590392,21,164,60,0.0,0.0,5.291247102787167e-06
0.0007799880966227515,21,164,60,0.0,0.0,5.2807493716375276e-06
0.0007899386282710307,21,163,60,0.0,0.0,5.270487112629674e-06
0.0007999416129677691,21,162,60,0.0,0.0,5.260004158763598e-06
0.0008099172803248133,21,162,60,0.0,0.0,5.249652647990044e-06
0.0008199598691427289,21,162,60,0.0,0.0,5.2391993155265215e-06
0.0008299669543381752,21,161,60,0.0,0.0,5.228879482135906e-06
0.000839971779171591,21,160,60,0.0,0.0,5.218546850718764e-06
0.0008499858168006692,21,160,60,0.0,0.0,5.208244440793597e-06
0.0008599961223255325,21,160,60,0.0,0.0,5.19793259033674e-06
0.0008699875488789666,21,159,60,0.0,0.0,5.187649013582707e-06
0.0008799828298040059,21,158,60,0.0,0.0,5.177342270387686e-06
0.0008899771398224485,21,158,60,0.0,0.0,5.1670277904924955e-06
0.0008999409758322045,21,158,60,0.0,0.0,5.156740174705465e-06
0.0009099356395021971,21,157,60,0.0,0.0,5.146430719693562e-06
0.0009199799996381776,21,157,60,0.0,0.0,5.1360870881866916e-06
0.0009299758580038798,21,155,60,0.0,0.0,5.125820777496237e-06
0.0009399363457137804,21,155,60,0.0,0.0,5.115622873488879e-06
0.0009499582294905885,21,153,60,0.0,0.0,5.105404922919887e-06
0.0009599416755504957,21,153,60,0.0,0.0,5.095263222662516e-06
0.0009699456614041934,21,153,60,0.0,0.0,5.085150080061385e-06
0.0009799731052283582,21,153,60,0.0,0.0,5.07502980164054e-06
0.0009899407243911856,21,153,60,0.0,0.0,5.065009912014196e-06
0.0009999273262883196,21,153,60,0.0,0.0,5.054986687957896e-06
0.0010099184295651919,21,153,60,0.0,0.0,5.044980310051073e-06
0.001019911391773919,21,152,60,0.0,0.0,5.034981159959817e-06
0.0010299345079368678,21,151,90,0.0,0.0,5.282333509618042e-06
0.0010399550372423097,21,151,90,0.0,0.0,5.272616982174294e-06
0.001049947234013961,21,150,90,0.0,0.0,5.2629852881763695e-06
0.0010599503858492126,21,150,90,0.0,0.0,5.253405715444082e-06
0.001069924242444839,21,150,90,0.0,0.0,5.243925404310734e-06
0.0010799431686746843,21,150,90,0.0,0.0,5.2344794028019725e-06
0.0010899154869035397,21,150,90,0.0,0.0,5.225159050520345e-06
0.001099991286733784,21,150,90,0.0,0.0,5.215831726052e-06
0.0011099552673259237,21,150,90,0.0,0.0,5.206699851476038e-06
0.0011199435893406368,21,150,90,0.0,0.0,5.197640629145406e-06
0.0011299240211485391,21,150,90,0.0,0.0,5.188666682115484e-06
0.0011399280133237908,21,150,90,0.0,0.0,5.179397061183533e-06
0.0011499696280439212,21,150,90,0.0,0.0,5.169933118789882e-06
0.0011599279211489592,21,150,90,0.0,0.0,5.160866427753041e-06
0.0011699716463168342,21,153,90,0.0,0.0,5.1519159197238595e-06
0.0011799244055894721,21,154,90,0.0,0.0,5.143040663499465e-06
0.0011899264460871273,21,156,90,0.0,0.0,5.134181881347177e-06
0.0011999995485767378,21,156,90,0.0,0.0,5.1253004317852735e-06
0.0012099791086800354,21,156,90,0.0,0.0,5.116828285536834e-06
0.0012199772371629229,21,157,90,0.0,0.0,5.1083406960028555e-06
0.0012299325915215652,21,157,90,0.0,0.0,5.10003856521446e-06
0.0012399540737118614,21,157,90,0.0,0.0,5.0917670444822205e-06
0.001249954558535317,21,157,90,0.0,0.0,5.08370826217408e-06
0.001259984879604457,21,157,90,0.0,0.0,5.075786148445172e-06
0.0012699866578533483,21,159,90,0.0,0.0,5.068027724153268e-06
0.0012799369681764233,21,159,90,0.0,0.0,5.060458717370819e-06
0.0012899611762641518,21,160,102,0.0,0.0,5.264784301198255e-06
0.0012999314295428024,21,160,102,0.0,0.0,5.257498446764597e-06
0.0013099340385593476,21,161,102,0.0,0.0,5.250338457524206e-06
0.001319922381673685,21,161,102,0.0,0.0,5.243392470530295e-06
0.0013299449793254944,21,161,102,0.0,0.0,5.23670232450979e-06
0.001339943202592548,21,162,102,0.0,0.0,5.232506743321763e-06
0.0013499518348642128,21,162,102,0.0,0.0,5.227648031708165e-06
0.001359980781849514,21,163,102,0.0,0.0,5.222895667011951e-06
0.0013699663961714394,21,164,102,0.0,0.0,5.2179685150754995e-06
0.00137996078699737,21,164,102,0.0,0.0,5.213318881980289e-06
0.0013899136226293326,21,165,102,0.0,0.0,5.209021755533949e-06
0.001399923007607575,21,165,102,0.0,0.0,5.205024879911813e-06
0.0014099861383479139,21,167,102,0.0,0.0,5.201174609878456e-06
0.0014199467168396504,21,167,102,0.0,0.0,5.197551572175274e-06
0.0014299550047716912,21,167,102,0.0,0.0,5.194116355661249e-06
0.0014399414085106027,21,168,102,0.0,0.0,5.190919395769988e-06
0.00144999899308443,21,169,102,0.0,0.0,5.1879257971232384e-06
0.0014599899700134045,21,169,102,0.0,0.0,5.185172280819383e-06
0.0014699495601526197,21,169,102,0.0,0.0,5.182641813067379e-06
0.0014799132876748221,21,170,102,0.0,0.0,5.180328805087786e-06
0.0014899988542361226,21,170,102,0.0,0.0,5.178224293897471e-06
0.0014999118085305895,21,170,102,0.0,0.0,5.176380279400816e-06
0.0015099881847253957,21,170,102,0.0,0.0,5.174742162508683e-06
0.0015199505115410688,21,170,102,0.0,0.0,5.173360133184368e-06
0.0015299324421124483,21,170,102,0.0,0.0,5.172214146920151e-06
0.0015399429695449431,21,170,102,0.0,0.0,5.171304396395238e-06
0.0015499222606404238,21,170,102,0.0,0.0,5.170639852336567e-06
0.0015599211217602914,21,170,102,0.0,0.0,5.1702202127079655e-06
0.0015699853779245847,21,170,102,0.0,0.0,5.17005185046715e-06
0.0015799938176277437,21,170,102,0.0,0.0,5.170139176419175e-06
0.0015899452408367131,21,170,102,0.0,0.0,5.170482422003908e-06
0.0015999488184707169,21,170,102,0.0,0.0,5.171089523012262e-06
0.0016099457469756985,21,170,102,0.0,0.0,5.171964183203759e-06
0.0016199719756506224,21,170,102,0.0,0.0,5.173113859641143e-06
0.0016299655555115356,21,170,102,0.0,0.0,5.174535805368974e-06
0.0016399505214948172,21,170,102,0.0,0.0,5.176236115567168e-06
0.0016499761127773032,21,170,102,0.0,0.0,5.178228609639679e-06
0.0016599663397957394,21,170,102,0.0,0.0,5.180501642498836e-06
0.0016699856387930676,21,170,102,0.0,0.0,5.183072163281177e-06
0.00167998268032895,21,170,102,0.0,0.0,5.185929786377663e-06
0.001689923294070508,21,169,102,0.0,0.0,5.189062506363862e-06
0.00169996712118196,21,169,102,0.0,0.0,5.192524676664312e-06
0.001709992886509472,21,169,102,0.0,0.0,5.196279105015855e-06
0.001719997099978542,21,169,102,0.0,0.0,5.200323869636314e-06
0.0017299142358455089,21,169,102,0.0,0.0,5.204628108754217e-06
0.0017399539457483245,21,169,102,0.0,0.0,5.209283583967883e-06
0.0017499494939320532,21,170,102,0.0,0.0,5.214217449506231e-06
0.0017599416255696001,21,170,102,0.0,0.0,5.219445994908423e-06
0.001769998954741053,21,170,102,0.0,0.0,5.22500857645658e-06
0.0017799150728379984,21,170,102,0.0,0.0,5.2307896292458356e-06
0.0017899759794651182,21,170,102,0.0,0.0,5.236966744079363e-06
0.0017999954648482018,21,170,102,0.0,0.0,5.243438019650326e-06
0.0018099481286733188,21,170,102,0.0,0.0,5.250185176650102e-06
0.0018199152745008846,21,170,102,0.0,0.0,5.257259985749774e-06
0.0018299966678176837,21,170,102,0.0,0.0,5.264738256002821e-06
0.001839957695290799,21,170,102,0.0,0.0,5.272442824305612e-06
0.001849988010622647,21,170,102,0.0,0.0,5.2805131582900344e-06
0.0018599267929138971,21,170,102,0.0,0.0,5.288814569820444e-06
0.0018699710463444728,21,170,102,0.0,0.0,5.297523784433822e-06
0.0018799200244502823,21,170,102,0.0,0.0,5.306525973428067e-06
0.001889914477415609,21,169,102,0.0,0.0,5.315954287321567e-06
0.0018999900851859749,21,169,102,0.0,0.0,5.325830676430887e-06
0.0019099978025976876,21,169,102,0.0,0.0,5.335983232962471e-06
0.001919950721943876,21,169,102,0.0,0.0,5.346392265931366e-06
0.0019299181381710975,21,169,102,0.0,0.0,5.3571075675495905e-06
0.001939913689319005,21,169,102,0.0,0.0,5.3681591263426975e-06
0.0019499540786654481,21,169,102,0.0,0.0,5.380002039465093e-06
0.0019599276713923863,21,169,102,0.0,0.0,5.3922671614664575e-06
0.001969963263036636,21,169,102,0.0,0.0,5.404946213580231e-06
0.0019799398825209773,21,168,102,0.0,0.0,5.41780830003169e-06
0.001989961164950719,21,168,102,0.0,0.0,5.430933532668547e-06
0.0019999140445912307,21,168,102,0.0,0.0,5.444144963742681e-06
0.0020099333738071456,21,166,102,0.0,0.0,5.458928922424944e-06
0.0020199157619419476,21,165,102,0.0,0.0,5.475647756131297e-06
0.0020299321094492625,21,165,102,0.0,0.0,5.49197361669751e-06
0.0020399196655400843,21,165,102,0.0,0.0,5.507997833040235e-06
0.0020499978080355074,21,165,102,0.0,0.0,5.524003485177231e-06
0.002059941018646421,21,165,102,0.0,0.0,5.539692914793837e-06
0.00206994871156455,21,164,102,0.0,0.0,5.555426079634218e-06
0.002079966708577437,21,164,102,0.0,0.0,5.57114751210952e-06
0.002089932385867754,21,164,102,0.0,0.0,5.586764420445478e-06
0.002099923083751752,21,164,102,0.0,0.0,5.602377551233717e-06
0.0021099734877566226,21,164,102,0.0,0.0,5.618077787525322e-06
0.0021199878688879133,21,164,102,0.0,0.0,5.6331749120897e-06
0.0021299857661484086,21,164,102,0.0,0.0,5.646009222051718e-06
0.0021399836187072207,21,162,102,0.0,0.0,5.660609856419918e-06
0.0021499644029970956,21,162,102,0.0,0.0,5.674920185799737e-06
0.002159978046438846,21,162,102,0.0,0.0,5.68914291496081e-06
0.0021699244611505923,21,162,102,0.0,0.0,5.703542279286711e-06
0.0021799797228649596,21,161,102,0.0,0.0,5.717886405146033e-06
0.0021899980183700918,21,161,102,0.0,0.0,5.732542815453656e-06
0.0021999729365442485,21,160,102,0.0,0.0,5.746998650371649e-06
0.002209919214160787,21,160,102,0.0,0.0,5.761312002930397e-06
0.0022199806873625734,21,160,102,0.0,0.0,5.7758140544483805e-06
0.0022299432472233306,21,160,102,0.0,0.0,5.790085988693905e-06
0.002239940081278522,21,159,102,0.0,0.0,5.804398905268071e-06
0.002249956012423786,21,159,102,0.0,0.0,5.818583653421916e-06
0.002259981016548979,21,159,102,0.0,0.0,5.832741543088105e-06
0.0022699307303048113,21,159,90,0.0,0.0,5.630164255088221e-06
0.0022799344344445202,21,159,90,0.0,0.0,5.643736154928303e-06
0.002289987367738622,21,159,90,0.0,0.0,5.657036500794632e-06
0.0022999651171705954,21,159,60,0.0,0.0,5.4025397000778685e-06
0.002309918701751481,21,158,60,0.0,0.0,5.414681141804878e-06
0.0023199578261096088,21,158,60,0.0,0.0,5.4265985348633805e-06
0.0023299321248993108,21,158,60,0.0,0.0,5.4381200092629145e-06
0.0023399967116743982,21,158,60,0.0,0.0,5.449450652048049e-06
0.0023499639491245763,21,158,60,0.0,0.0,5.460287863676139e-06
0.0023599473483627473,21,158,60,0.0,0.0,5.4705688939671315e-06
0.0023699991615202666,21,158,60,0.0,0.0,5.480340095315173e-06
0.002379968602717591,21,157,60,0.0,0.0,5.489543348335957e-06
0.002389990409690875,21,157,60,0.0,0.0,5.498408912535391e-06
0.002399952412879762,21,157,60,0.0,0.0,5.506356645187949e-06
0.0024099241504219626,21,157,60,0.0,0.0,5.51401582708777e-06
0.002419949671716438,21,157,60,7.646386672585659e-05,0.0,5.522715858574667e-06
0.002429942894988035,21,158,60,0.00015501642225110301,0.0,5.551174362058986e-06
0.002439928926540759,21,158,60,0.00015153875658234506,0.0,5.589821490903368e-06
0.002449935482684769,21,158,60,0.00014188737742844293,0.0,5.599191410826654e-06
0.0024599921363648116,21,158,60,0.00012277175276556584,0.0,5.598403408219044e-06
0.002469920760375418,21,158,60,0.00011716921356544341,0.0,5.612507438204628e-06
0.0024799588545121034,21,158,60,0.00014256208165312756,0.0,5.644915178737442e-06
0.0024899840874599635,21,158,60,0.00015602742882642184,0.0,5.697558958100979e-06
0.002499983482249081,21,158,60,0.00015835668876139353,0.0,5.731690973856396e-06
0.0025099624454172687,21,158,60,0.00014594980313045736,0.0,5.764204002306483e-06
0.0025199967452210915,21,159,60,0.00013948217898777926,0.0,5.839679351318794e-06
0.0025299319906418828,21,160,60,0.00014943778077321224,0.0,5.9442508236057234e-06
0.002539975793130079,21,160,60,0.00016235388895034786,0.0,5.996961030138581e-06
0.0025499572545718096,21,161,60,0.00018043491525997213,0.0,6.022442999006894e-06
0.002559983211366168,21,161,60,0.00019649887531024424,0.0,6.0631153284834705e-06
0.0025699558383349584,21,161,60,0.00020155826898961282,0.0,6.127561382185398e-06
0.0025799500054188816,21,161,60,0.00019848851213075114,0.0,6.180255153379055e-06
0.0025899738730149665,21,161,60,0.00020274600552533384,0.0,6.217162685645539e-06
0.002599996623844749,21,161,60,0.00019749222884013484,0.0,6.246988285232846e-06
0.0026099655512380237,21,161,60,0.00018862343379884294,0.0,6.2653481819052725e-06
0.002619975259216486,21,161,60,0.0001777804702200736,0.0,6.301292522145618e-06
0.0026299830241246574,21,161,90,0.0001591829975976372,0.0,6.709971645729729e-06
0.0026399376484572672,21,161,90,0.000136088845193727,0.0,6.70355927703814e-06
0.002649985960951364,21,161,90,0.00010905987840989506,0.0,6.6896088337375925e-06
0.002659991483230085,21,161,90,9.126564079922628e-05,0.0,6.683532020199112e-06
0.0026699337281358426,21,161,90,7.86697510730544e-05,0.0,6.663627808656258e-06
0.0026799747201865123,21,161,90,7.589026384603736e-05,0.0,6.6636197900427074e-06
0.002689930491522843,21,161,90,1.937045796882031e-05,0.0,6.654619874660317e-06
0.0026999647142087035,21,161,90,0.0,0.0,6.655929628993085e-06
0.0027099986662110914,21,162,90,0.0,0.0,6.658469257819766e-06
0.0027199929378035263,21,163,90,5.904803749107179e-05,0.0,6.664609720583026e-06
0.0027299961024888353,21,163,90,6.011380436202196e-05,0.0,6.671153213413938e-06
0.0027399777062117655,21,163,90,7.559916259364252e-05,0.0,6.6795405836844735e-06
0.002749988759524654,21,164,90,8.223858423433983e-05,0.0,6.6907943703509165e-06
0.002759967258329172,21,164,90,0.00012771352180766804,0.0,6.7073794537408915e-06
0.0027699794181682714,21,164,90,0.00017247439874273907,0.0,6.736425094022724e-06
0.002779980632912558,21,165,90,0.00022239138118389234,0.0,6.779108473214945e-06
0.002789926345535676,21,166,90,0.0002164164894010584,0.0,6.8166317461898496e-06
0.002799934376084237,21,166,90,0.0002457098211014197,0.0,6.896324914240637e-06
0.0028099372523266004,21,166,90,0.00025028178224750786,0.0,6.950557428220261e-06
0.002819916001669946,21,166,90,0.00025275164284369045,0.0,6.985626998204375e-06
0.00282992711632193,21,166,90,0.00024784489821348676,0.0,7.02521417601798e-06
0.0028399219233172816,21,166,90,0.00024574562327096816,0.0,7.075816435386795e-06
0.0028499696060877693,21,166,90,0.0002617325699426909,0.0,7.144634312797327e-06
0.0028599957685153197,21,166,90,0.0002599741679814027,0.0,7.215346872133099e-06
0.002869930554772693,21,167,102,0.0002549740922299232,0.0,7.784781435746235e-06
0.0028799202181661416,21,168,102,0.0002505235700853564,0.0,7.846946141545907e-06
0.002889963520355464,21,167,102,0.0002434301831884117,0.0,7.93879137690745e-06
0.002899964068899386,21,167,102,0.00023978961847788416,0.0,7.998310019588506e-06
0.002909921888765981,21,167,102,0.000226425445657652,0.0,8.066261232023142e-06
0.0029199897397370247,21,168,102,0.00020582652055908812,0.0,8.11897481604873e-06
0.0029299449426635426,21,168,102,0.0002002721650702366,0.0,8.180337507823765e-06
0.0029399218969938814,21,168,102,0.00019828679199128396,0.0,8.236301692499115e-06
0.002949935623520926,21,168,102,0.000193184935446844,0.0,8.281757070682794e-06
0.002959986750666649,21,168,102,0.00018621248463181195,0.0,8.318441460611337e-06
0.002969931585006157,21,168,102,0.00017354247518230892,0.0,8.350013826680103e-06
0.0029799764289382244,21,168,102,0.0001642964131593483,0.0,8.397481926880612e-06
0.0029899668918744486,21,168,102,0.00015637062876379393,0.0,8.43020302288e-06
0.00299996506892776,21,168,102,0.0001521992620419632,0.0,8.453334032293425e-06
0.0030099991430690616,21,168,102,0.00015159139959983192,0.0,8.47980319970687e-06
0.0030199496430219513,21,168,102,0.00015495781630948946,0.0,8.498291607289543e-06
0.0030299256279612712,21,168,102,0.00015829599223279867,0.0,8.514494814856888e-06
0.0030399639674849412,21,168,102,0.00013946482576358832,0.0,8.525334218037472e-06
0.003049934485515712,21,169,102,0.0002270327960916807,0.0,8.538043882136415e-06
0.003059921140484939,21,169,102,0.000189781011657425,0.0,8.55249528707025e-06
0.003069966333378743,21,169,102,0.00016477601182525448,0.0,8.567916721366475e-06
0.0030799288442964977,21,170,102,0.00014982096126416045,0.0,8.582103475887615e-06
0.0030899880804200006,21,170,102,0.00012973415647014874,0.0,8.596003891317427e-06
0.0030999991837144737,21,171,102,0.00015360816493104057,0.0,8.61008660602014e-06
0.0031099869501223032,21,171,102,0.00017734849664960417,0.0,8.623689904410647e-06
0.003119970436648161,21,171,102,0.00018013451335281705,0.0,8.636216208779413e-06
0.00312995095534574,21,171,102,0.00012738877450627073,0.0,8.646683989588233e-06
0.0031399530197900845,21,171,102,7.926892341875158e-05,0.0,8.656670470369443e-06
0.00314998514360482,21,170,102,0.0,0.0,8.665881091787786e-06
0.0031599491759565727,21,171,102,0.0,0.0,8.674201813385629e-06
0.0031699947005524526,21,171,102,0.0,0.0,8.681610456126587e-06
0.0031799817930986615,21,171,102,0.0,0.0,8.688064223355552e-06
0.0031899225375935894,21,171,102,0.0,0.0,8.693501350673372e-06
0.0031999715588095375,21,171,102,0.0,0.0,8.698040841040311e-06
0.0032099919614991227,21,171,102,0.0,0.0,8.701600984942215e-06
0.003219973715884055,21,171,102,0.0,0.0,8.704162640774116e-06
0.0032299845301459844,21,171,102,0.0,0.0,8.70580157080747e-06
0.0032399775181600156,21,171,102,0.0,0.0,8.706469034447384e-06
0.0032499730603749565,21,171,102,0.0,0.0,8.706203430700055e-06
0.0032599485036904907,21,171,102,0.0,0.0,8.705008906720324e-06
0.0032699579510647326,21,171,102,0.0,0.0,8.702894567669262e-06
0.003279917002494333,21,171,102,0.0,0.0,8.699895000796598e-06
0.0,22,163,102,0.0,0.0,0.0
9.989963192433698e-06,22,163,102,0.0002479598915355486,0.0,6.8243417909123055e-06
1.9946948081706548e-05,22,163,102,0.0002965967844105821,0.0,6.337420879302252e-06
2.9936410885108502e-05,22,164,102,0.00035486685796388,0.0,5.972424477645663e-06
3.9921802894280255e-05,22,164,102,0.0003317764040942907,0.0,6.514641634288235e-06
4.997681669513509e-05,22,164,102,0.0003417904187483175,0.0,6.60372772901853e-06
5.999084106281442e-05,22,164,102,0.00033163026576928946,0.0,7.21704557058063e-06
6.991092103133941e-05,22,165,102,0.00043284200421337153,0.0,7.020923418978378e-06
7.998338472472615e-05,22,167,102,0.0004345662585297288,0.0,6.79311562705974e-06
8.995051991106551e-05,22,167,102,0.00040750274360124234,0.0,7.068871014086209e-06
9.99504450036086e-05,22,167,102,0.0004018753671507485,0.0,7.453783406798781e-06
0.00010999096422944632,22,167,102,0.000392208244983996,0.0,7.580097143919731e-06
0.00011999359193526734,22,167,102,0.00035988495522603107,0.0,7.435727820682275e-06
0.00012994251283597816,22,167,102,0.00036590326657176455,0.0,7.434970750805001e-06
0.00013993743058220186,22,167,102,0.00032889874268851116,0.0,7.3849345654467685e-06
0.00014995870994798948,22,167,102,0.000305405960957455,0.0,7.315753623796106e-06
0.0001599164829737738,22,167,102,0.0002552464872154778,0.0,7.168070474331337e-06
0.00016997878332424812,22,167,102,0.00019361515130772184,0.0,6.996543332617178e-06
0.0001799193112306633,22,167,102,0.00015985729023950106,0.0,6.8593366505335235e-06
0.0001899520601412834,22,167,102,0.00011118748774960503,0.0,6.7490537321752975e-06
0.0001999993082105989,22,168,102,1.0059520507304555e-05,0.0,6.687801496419593e-06
0.0002099880817018489,22,168,102,0.0,0.0,6.631805889095038e-06
0.000219961998633097,22,169,102,0.0,0.0,6.5836039095431426e-06
0.00022999867073867513,22,169,102,0.0,0.0,6.535622608008773e-06
0.00023997563380506994,22,169,102,0.0,0.0,6.510249891927833e-06
0.00024998503017070565,22,169,102,0.0,0.0,6.471773632960726e-06
0.00025992427874247927,22,170,102,0.0,0.0,6.44841513135902e-06
0.0002699219261539762,22,170,102,0.0,0.0,6.421828126140089e-06
0.0002799354488434132,22,170,102,0.0,0.0,6.402962413630531e-06
0.0002899290986284926,22,171,102,0.0,0.0,6.3810197183378214e-06
0.0002999818585602357,22,168,102,0.0,0.0,6.361802660347776e-06
0.00030994330766118453,22,168,68,0.0,0.0,6.0483265606689485e-06
0.0003199250739298324,22,168,64,0.0,0.0,5.912829863428254e-06
0.00032998952041924236,22,168,60,0.0,0.0,5.784261172585292e-06
0.0003399877560041757,22,168,60,0.0,0.0,5.764874152359989e-06
0.0003499897938405149,22,168,60,0.0,0.0,5.749486487374028e-06
0.00035992728669542924,22,168,60,0.0,0.0,5.73535261661276e-06
0.0003699143371530551,22,168,60,0.0,0.0,5.723555015872683e-06
0.0003799584806503054,22,171,60,0.0,0.0,5.711323723626288e-06
0.0003899384682275275,22,171,60,0.0,0.0,5.699911910378441e-06
0.00039991983694590434,22,170,60,0.0,0.0,5.688160786970764e-06
0.0004099198747312895,22,170,60,0.0,0.0,5.676722050033944e-06
0.00041994483308318756,22,170,60,0.0,0.0,5.665093598932608e-06
0.00042996202408289365,22,170,60,0.0,0.0,5.653589364759681e-06
0.00043993294795004916,22,170,60,0.0,0.0,5.642072255524627e-06
0.00044991585655193014,22,170,60,0.0,0.0,5.630569073364344e-06
0.0004599259929941842,22,170,60,0.0,0.0,5.619062216407483e-06
0.0004699882034867308,22,170,60,0.0,0.0,5.607488025208274e-06
0.00047996509996811105,22,170,60,0.0,0.0,5.5960529241720625e-06
0.0004899643475631937,22,170,60,0.0,0.0,5.584781856023818e-06
0.0004999626844150479,22,170,60,0.0,0.0,5.573827291303207e-06
0.0005099891984671297,22,170,60,0.0,0.0,5.563002678128648e-06
0.0005199678110160662,22,170,60,0.0,0.0,5.5524129500723884e-06
0.0005299113958562461,22,170,60,0.0,0.0,5.541918625985576e-06
0.0005399978710366806,22,171,60,0.0,0.0,5.5313622098242254e-06
0.0005499775640650294,22,171,60,0.0,0.0,5.520918257843205e-06
0.0005599516527016105,22,171,60,0.0,0.0,5.510500443728361e-06
0.0005699880770181412,22,169,60,0.0,0.0,5.4999963281371356e-06
0.0005799756197913125,22,169,60,0.0,0.0,5.489541104956863e-06
0.0005899205188011095,22,169,60,0.0,0.0,5.479105997130418e-06
0.0005999272308792308,22,169,60,0.0,0.0,5.46858852346066e-06
0.0006099238111063899,22,168,60,0.0,0.0,5.45804490625218e-06
0.0006199766155961252,22,168,60,0.0,0.0,5.44743966979927e-06
0.0006299229977715811,22,168,60,0.0,0.0,5.436960863275386e-06
0.000639973640093208,22,168,60,0.0,0.0,5.426404036619481e-06
0.0006499700395808684,22,168,60,0.0,0.0,5.415937379460445e-06
0.0006599557251040922,22,168,60,0.0,0.0,5.405519517054369e-06
0.0006699189178816747,22,168,60,0.0,0.0,5.395150061947296e-06
0.0006799526968651924,22,168,60,0.0,0.0,5.384733866159452e-06
0.0006899204836290289,22,167,60,0.0,0.0,5.374411969800985e-06
0.00069997099617532,22,166,60,0.0,0.0,5.364017330561355e-06
0.0007099695437041487,22,166,60,0.0,0.0,5.353689719683752e-06
0.0007199714857917364,22,166,60,0.0,0.0,5.343344885305745e-06
0.000729935493460422,22,165,60,0.0,0.0,5.333003196293651e-06
0.0007399274245512884,22,165,60,0.0,0.0,5.322592705081508e-06
0.0007499431720847861,22,165,60,0.0,0.0,5.312128437302832e-06
0.0007599858004742278,22,165,60,0.0,0.0,5.301709218759332e-06
0.0007699694656590392,22,165,60,0.0,0.0,5.2921411601361545e-06
0.0007799880966227515,22,165,60,0.0,0.0,5.2817115583359e-06
0.0007899386282710307,22,165,60,0.0,0.0,5.271403686925302e-06
0.0007999416129677691,22,163,60,0.0,0.0,5.260968345910388e-06
0.0008099172803248133,22,163,60,0.0,0.0,5.250597264569445e-06
0.0008199598691427289,22,163,60,0.0,0.0,5.240164389838653e-06
0.0008299669543381752,22,162,60,0.0,0.0,5.22983239861774e-06
0.000839971779171591,22,160,60,0.0,0.0,5.219514448040474e-06
0.0008499858168006692,22,160,60,0.0,0.0,5.209205466913391e-06
0.0008599961223255325,22,160,60,0.0,0.0,5.198893893887391e-06
0.0008699875488789666,22,159,60,0.0,0.0,5.188603621406052e-06
0.0008799828298040059,22,158,60,0.0,0.0,5.178295083049789e-06
0.0008899771398224485,22,158,60,0.0,0.0,5.167978138390095e-06
0.0008999409758322045,22,158,60,0.0,0.0,5.157687613735473e-06
0.0009099356395021971,22,158,60,0.0,0.0,5.147379159992083e-06
0.0009199799996381776,22,157,60,0.0,0.0,5.137035288246827e-06
0.0009299758580038798,22,156,60,0.0,0.0,5.126772335328766e-06
0.0009399363457137804,22,155,60,0.0,0.0,5.116575634275811e-06
0.0009499582294905885,22,155,60,0.0,0.0,5.106360288997802e-06
0.0009599416755504957,22,155,60,0.0,0.0,5.096219496722454e-06
0.0009699456614041934,22,154,60,0.0,0.0,5.086107286958463e-06
0.0009799731052283582,22,154,60,0.0,0.0,5.075991665146051e-06
0.0009899407243911856,22,153,60,0.0,0.0,5.0659681634923626e-06
0.0009999273262883196,22,153,60,0.0,0.0,5.055947182808218e-06
0.0010099184295651919,22,153,60,0.0,0.0,5.045938015535434e-06
0.001019911391773919,22,153,60,0.0,0.0,5.03593916473255e-06
0.0010299345079368678,22,152,90,0.0,0.0,5.283199330102795e-06
0.0010399550372423097,22,152,90,0.0,0.0,5.2734749903804445e-06
0.001049947234013961,22,151,90,0.0,0.0,5.263836585833737e-06
0.0010599503858492126,22,151,90,0.0,0.0,5.2542505205310785e-06
0.001069924242444839,22,151,90,0.0,0.0,5.244764217482434e-06
0.0010799431686746843,22,151,90,0.0,0.0,5.235313521048668e-06
0.0010899154869035397,22,151,90,0.0,0.0,5.225988218254818e-06
0.001099991286733784,22,151,90,0.0,0.0,5.216656168066658e-06
0.0011099552673259237,22,151,90,0.0,0.0,5.207519790953463e-06
0.0011199435893406368,22,151,90,0.0,0.0,5.198456009589125e-06
0.0011299240211485391,22,151,90,0.0,0.0,5.18949017849768e-06
0.0011399280133237908,22,151,90,0.0,0.0,5.18031939678032e-06
0.0011499696280439212,22,151,90,0.0,0.0,5.1708559977853286e-06
0.0011599279211489592,22,152,90,0.0,0.0,5.1617122079072875e-06
0.0011699716463168342,22,154,90,0.0,0.0,5.152788855558588e-06
0.0011799244055894721,22,155,90,0.0,0.0,5.143901546433849e-06
0.0011899264460871273,22,155,90,0.0,0.0,5.135080611382015e-06
0.0011999995485767378,22,156,90,0.0,0.0,5.126164679056244e-06
0.0012099791086800354,22,156,90,0.0,0.0,5.1176787548568026e-06
0.0012199772371629229,22,157,90,0.0,0.0,5.109204502834475e-06
0.0012299325915215652,22,157,90,0.0,0.0,5.10089513382217e-06
0.0012399540737118614,22,158,90,0.0,0.0,5.092627916439274e-06
0.001249954558535317,22,158,90,0.0,0.0,5.084554445228262e-06
0.001259984879604457,22,159,90,0.0,0.0,5.076634243914024e-06
0.0012699866578533483,22,159,90,0.0,0.0,5.0688759377498505e-06
0.0012799369681764233,22,159,90,0.0,0.0,5.061305213632794e-06
0.0012899611762641518,22,159,102,0.0,0.0,5.265611216387356e-06
0.0012999314295428024,22,160,102,0.0,0.0,5.258330783630694e-06
0.0013099340385593476,22,161,102,0.0,0.0,5.251171516576503e-06
0.001319922381673685,22,161,102,0.0,0.0,5.244218512764909e-06
0.0013299449793254944,22,162,102,0.0,0.0,5.237472524177722e-06
0.001339943202592548,22,164,102,0.0,0.0,5.2333053367215054e-06
0.0013499518348642128,22,164,102,0.0,0.0,5.228404736365433e-06
0.001359980781849514,22,165,102,0.0,0.0,5.223579557789293e-06
0.0013699663961714394,22,165,102,0.0,0.0,5.218666529388516e-06
0.00137996078699737,22,165,102,0.0,0.0,5.213926892760901e-06
0.0013899136226293326,22,165,102,0.0,0.0,5.209604687930747e-06
0.001399923007607575,22,165,102,0.0,0.0,5.205574822711445e-06
0.0014099861383479139,22,167,102,0.0,0.0,5.20172216134096e-06
0.0014199467168396504,22,167,102,0.0,0.0,5.19808638935193e-06
0.0014299550047716912,22,167,102,0.0,0.0,5.194644651179692e-06
0.0014399414085106027,22,167,102,0.0,0.0,5.191427761341849e-06
0.00144999899308443,22,168,102,0.0,0.0,5.188437551581493e-06
0.0014599899700134045,22,169,102,0.0,0.0,5.185684293765314e-06
0.0014699495601526197,22,169,102,0.0,0.0,5.183161318880747e-06
0.0014799132876748221,22,169,102,0.0,0.0,5.180846381097615e-06
0.0014899988542361226,22,169,102,0.0,0.0,5.178743358091875e-06
0.0014999118085305895,22,169,102,0.0,0.0,5.176898853709311e-06
0.0015099881847253957,22,169,102,0.0,0.0,5.175264642151567e-06
0.0015199505115410688,22,169,102,0.0,0.0,5.173886166984221e-06
0.0015299324421124483,22,169,102,0.0,0.0,5.172746186790644e-06
0.0015399429695449431,22,169,102,0.0,0.0,5.17184318699071e-06
0.0015499222606404238,22,169,102,0.0,0.0,5.17118774187586e-06
0.0015599211217602914,22,169,102,0.0,0.0,5.170777479149291e-06
0.0015699853779245847,22,169,102,0.0,0.0,5.1706200393658586e-06
0.0015799938176277437,22,169,102,0.0,0.0,5.170718980873623e-06
0.0015899452408367131,22,169,102,0.0,0.0,5.171074340046267e-06
0.0015999488184707169,22,169,102,0.0,0.0,5.171693972710889e-06
0.0016099457469756985,22,169,102,0.0,0.0,5.172581405560317e-06
0.0016199719756506224,22,169,102,0.0,0.0,5.173744270919878e-06
0.0016299655555115356,22,169,102,0.0,0.0,5.175179381311512e-06
0.0016399505214948172,22,169,102,0.0,0.0,5.1768929816981e-06
0.0016499761127773032,22,169,102,0.0,0.0,5.178898699664813e-06
0.0016599663397957394,22,169,102,0.0,0.0,5.181185108296682e-06
0.0016699856387930676,22,170,102,0.0,0.0,5.183768988184512e-06
0.00167998268032895,22,170,102,0.0,0.0,5.186640011353716e-06
0.001689923294070508,22,170,102,0.0,0.0,5.189785930864721e-06
0.00169996712118196,22,170,102,0.0,0.0,5.19326142520149e-06
0.001709992886509472,22,170,102,0.0,0.0,5.197029069523018e-06
0.001719997099978542,22,170,102,0.0,0.0,5.20108700081956e-06
0.0017299142358455089,22,170,102,0.0,0.0,5.205404142144543e-06
0.0017399539457483245,22,170,102,0.0,0.0,5.210072500441698e-06
0.0017499494939320532,22,170,102,0.0,0.0,5.215019049334413e-06
0.0017599416255696001,22,170,102,0.0,0.0,5.2202601245748825e-06
0.001769998954741053,22,169,102,0.0,0.0,5.225836217148672e-06
0.0017799150728379984,22,169,102,0.0,0.0,5.231636083777302e-06
0.0017899759794651182,22,169,102,0.0,0.0,5.237837306562576e-06
0.0017999954648482018,22,170,102,0.0,0.0,5.244334892878788e-06
0.0018099481286733188,22,170,102,0.0,0.0,5.251108206802413e-06
0.0018199152745008846,22,170,102,0.0,0.0,5.2582077552654205e-06
0.0018299966678176837,22,170,102,0.0,0.0,5.26570883027655e-06
0.001839957695290799,22,170,102,0.0,0.0,5.2734334823612006e-06
0.001849988010622647,22,170,102,0.0,0.0,5.28152157368289e-06
0.0018599267929138971,22,170,102,0.0,0.0,5.2898385064087394e-06
0.0018699710463444728,22,170,102,0.0,0.0,5.298585845400772e-06
0.0018799200244502823,22,170,102,0.0,0.0,5.307634365570024e-06
0.001889914477415609,22,169,102,0.0,0.0,5.3171034023330455e-06
0.0018999900851859749,22,169,102,0.0,0.0,5.3270122769982775e-06
0.0019099978025976876,22,169,102,0.0,0.0,5.337188449153207e-06
0.001919950721943876,22,169,102,0.0,0.0,5.347614168524362e-06
0.0019299181381710975,22,169,102,0.0,0.0,5.35834056743234e-06
0.001939913689319005,22,169,102,0.0,0.0,5.369511075881128e-06
0.0019499540786654481,22,169,102,0.0,0.0,5.381449250274617e-06
0.0019599276713923863,22,169,102,0.0,0.0,5.393749000326409e-06
0.001969963263036636,22,169,102,0.0,0.0,5.406438489521936e-06
0.0019799398825209773,22,168,102,0.0,0.0,5.419292943661946e-06
0.001989961164950719,22,167,102,0.0,0.0,5.432404679206471e-06
0.0019999140445912307,22,167,102,0.0,0.0,5.445597227579646e-06
0.0020099333738071456,22,167,102,0.0,0.0,5.4614650603773685e-06
0.0020199157619419476,22,166,102,0.0,0.0,5.477879526788465e-06
0.0020299321094492625,22,166,102,0.0,0.0,5.493871011050255e-06
0.0020399196655400843,22,166,102,0.0,0.0,5.509784149787533e-06
0.0020499978080355074,22,166,102,0.0,0.0,5.525637377379322e-06
0.002059941018646421,22,166,102,0.0,0.0,5.541295504160604e-06
0.00206994871156455,22,166,102,0.0,0.0,5.5569580211106695e-06
0.002079966708577437,22,166,102,0.0,0.0,5.57264869645302e-06
0.002089932385867754,22,165,102,0.0,0.0,5.588224054248192e-06
0.002099923083751752,22,165,102,0.0,0.0,5.6038244306416685e-06
0.0021099734877566226,22,165,102,0.0,0.0,5.619490996894294e-06
0.0021199878688879133,22,165,102,0.0,0.0,5.634228592385493e-06
0.0021299857661484086,22,165,102,0.0,0.0,5.647075153950021e-06
0.0021399836187072207,22,165,102,0.0,0.0,5.661911016557886e-06
0.0021499644029970956,22,163,102,0.0,0.0,5.6759761278279974e-06
0.002159978046438846,22,163,102,0.0,0.0,5.6903729211965626e-06
0.0021699244611505923,22,163,102,0.0,0.0,5.704647613596903e-06
0.0021799797228649596,22,162,102,0.0,0.0,5.7190915179888835e-06
0.0021899980183700918,22,161,102,0.0,0.0,5.733719602260545e-06
0.0021999729365442485,22,161,102,0.0,0.0,5.74818054320525e-06
0.002209919214160787,22,160,102,0.0,0.0,5.762481258997365e-06
0.0022199806873625734,22,160,102,0.0,0.0,5.777005146465064e-06
0.0022299432472233306,22,160,102,0.0,0.0,5.7912722068176326e-06
0.002239940081278522,22,159,102,0.0,0.0,5.80559183213647e-06
0.002249956012423786,22,159,102,0.0,0.0,5.819768663442582e-06
0.002259981016548979,22,159,102,0.0,0.0,5.833948251529608e-06
0.0022699307303048113,22,159,90,0.0,0.0,5.631370301822924e-06
0.0022799344344445202,22,159,90,0.0,0.0,5.644933524201479e-06
0.002289987367738622,22,159,90,0.0,0.0,5.658230166821765e-06
0.0022999651171705954,22,159,60,0.0,0.0,5.40369928875295e-06
0.002309918701751481,22,159,60,0.0,0.0,5.415828528906874e-06
0.0023199578261096088,22,159,60,0.0,0.0,5.427731573331984e-06
0.0023299321248993108,22,158,60,0.0,0.0,5.439238204368868e-06
0.0023399967116743982,22,158,60,0.0,0.0,5.4505566124823934e-06
0.0023499639491245763,22,158,60,0.0,0.0,5.461383910179696e-06
0.0023599473483627473,22,158,60,0.0,0.0,5.471652840316477e-06
0.0023699991615202666,22,158,60,0.0,0.0,5.481414108637894e-06
0.002379968602717591,22,158,60,0.0,0.0,5.49060957978631e-06
0.002389990409690875,22,158,60,0.0,0.0,5.499468279324127e-06
0.002399952412879762,22,158,60,0.0,0.0,5.507147350730657e-06
0.0024099241504219626,22,158,60,0.0,0.0,5.515218589297044e-06
0.002419949671716438,22,158,60,0.0,0.0,5.523544782379264e-06
0.002429942894988035,22,158,60,6.316737745352963e-05,0.0,5.531569419306437e-06
0.002439928926540759,22,158,60,8.285458411656788e-05,0.0,5.541227801719728e-06
0.002449935482684769,22,158,60,0.00012452860715919667,0.0,5.561619919838834e-06
0.0024599921363648116,22,158,60,0.00014076575990795703,0.0,5.592427353859342e-06
0.002469920760375418,22,158,60,0.00016076343805276894,0.0,5.632731593707696e-06
0.0024799588545121034,22,158,60,0.00015264286788978232,0.0,5.655118475125787e-06
0.0024899840874599635,22,158,60,0.00015150880142254797,0.0,5.667999143504909e-06
0.002499983482249081,22,159,60,0.00015215469390759961,0.0,5.685992320314526e-06
0.0025099624454172687,22,159,60,0.0001428165544215959,0.0,5.7271408773207355e-06
0.0025199967452210915,22,160,60,0.0001401086700890397,0.0,5.821656897012084e-06
0.0025299319906418828,22,160,60,0.00014377064833231978,0.0,5.948132475369627e-06
0.002539975793130079,22,160,60,0.00018075862336607018,0.0,5.983990226471336e-06
0.0025499572545718096,22,160,60,0.00019230444250717404,0.0,6.004685134758381e-06
0.002559983211366168,22,161,60,0.00019667717681989827,0.0,6.0500061791757265e-06
0.0025699558383349584,22,161,60,0.00019261008424485693,0.0,6.110112618515351e-06
0.0025799500054188816,22,161,60,0.00020032733808657277,0.0,6.167446019153533e-06
0.0025899738730149665,22,161,60,0.0002149605034608426,0.0,6.204859656022688e-06
0.002599996623844749,22,161,60,0.00021590485665823334,0.0,6.243623330751125e-06
0.0026099655512380237,22,161,60,0.00017412807306255162,0.0,6.255003303257123e-06
0.002619975259216486,22,161,60,0.0001677131436738366,0.0,6.276177577008157e-06
0.0026299830241246574,22,161,86,0.00016105754746092993,0.0,6.638427765881527e-06
0.0026399376484572672,22,161,90,0.00014541030235926122,0.0,6.688462450651911e-06
0.002649985960951364,22,162,90,0.00011812963032876989,0.0,6.678774759780182e-06
0.002659991483230085,22,163,90,9.491613330986359e-05,0.0,6.6655099538459606e-06
0.0026699337281358426,22,163,90,9.457800987763831e-05,0.0,6.660192350835259e-06
0.0026799747201865123,22,163,90,8.083675529198253e-05,0.0,6.652839363782692e-06
0.002689930491522843,22,163,90,5.919182532762579e-05,0.0,6.647352136207596e-06
0.0026999647142087035,22,163,90,0.0,0.0,6.645508111968734e-06
0.0027099986662110914,22,163,90,1.9491248388611715e-05,0.0,6.648303410031198e-06
0.0027199929378035263,22,163,90,5.199770757127742e-05,0.0,6.65419033325787e-06
0.0027299961024888353,22,164,90,8.072706335283952e-05,0.0,6.662363393222792e-06
0.0027399777062117655,22,164,90,9.409326730207279e-05,0.0,6.677468221194527e-06
0.002749988759524654,22,164,90,0.00010442841692458182,0.0,6.696640735256998e-06
0.002759967258329172,22,164,90,0.00010027759411310178,0.0,6.7084964709973605e-06
0.0027699794181682714,22,165,90,0.00011995556041358157,0.0,6.720445769450856e-06
0.002779980632912558,22,166,90,0.0001930245563152161,0.0,6.7624676471228495e-06
0.002789926345535676,22,166,90,0.0002567344329730409,0.0,6.8499284865963794e-06
0.002799934376084237,22,166,90,0.0002479194770831361,0.0,6.913759129673069e-06
0.0028099372523266004,22,166,90,0.0002344191215275654,0.0,6.9580782490474835e-06
0.002819916001669946,22,166,90,0.00024325419063567222,0.0,7.00192021811652e-06
0.00282992711632193,22,166,90,0.00025514982797253394,0.0,7.046180026407112e-06
0.0028399219233172816,22,166,90,0.0002594475310176009,0.0,7.091370934464436e-06
0.0028499696060877693,22,166,90,0.0002596727792876091,0.0,7.151157656468121e-06
0.0028599957685153197,22,166,90,0.00026279668296821934,0.0,7.230880956901609e-06
0.002869930554772693,22,167,102,0.00025675430016822154,0.0,7.816596628865136e-06
0.0028799202181661416,22,167,102,0.00024849523715698985,0.0,7.874595456966449e-06
0.002889963520355464,22,167,102,0.0002416100686487288,0.0,7.962224917251737e-06
0.002899964068899386,22,167,102,0.00022528484653747127,0.0,8.01675703479554e-06
0.002909921888765981,22,167,102,0.00021697528362341068,0.0,8.084354399709448e-06
0.0029199897397370247,22,167,102,0.00020936265106751006,0.0,8.147627144849956e-06
0.0029299449426635426,22,167,102,0.00018671752981429257,0.0,8.1893249410242e-06
0.0029399218969938814,22,167,102,0.0001635342750302693,0.0,8.219364062408974e-06
0.002949935623520926,22,167,102,0.00016453199910626548,0.0,8.267944039727637e-06
0.002959986750666649,22,167,102,0.00017408215200527544,0.0,8.321851989290252e-06
0.002969931585006157,22,167,102,0.0001555353235899587,0.0,8.357914604378847e-06
0.0029799764289382244,22,167,102,0.00014761035600127648,0.0,8.382939185633265e-06
0.0029899668918744486,22,167,102,0.00014859844360232133,0.0,8.412932941515017e-06
0.00299996506892776,22,167,102,0.00015459151680330407,0.0,8.44339552699691e-06
0.0030099991430690616,22,167,102,0.0001552353431624326,0.0,8.467207586182468e-06
0.0030199496430219513,22,168,102,0.00015661630293144213,0.0,8.481042509139725e-06
0.0030299256279612712,22,168,102,0.00015058134320966587,0.0,8.49565167888866e-06
0.0030399639674849412,22,169,102,0.00015191137418547884,0.0,8.51404913365661e-06
0.003049934485515712,22,169,102,0.00014947886902652585,0.0,8.532284652557065e-06
0.003059921140484939,22,170,102,0.00020929573975814186,0.0,8.544484354222615e-06
0.003069966333378743,22,170,102,0.00012637798023387714,0.0,8.5576811298671e-06
0.0030799288442964977,22,170,102,9.922069841189485e-05,0.0,8.572060762004896e-06
0.0030899880804200006,22,170,102,0.00013624009505137924,0.0,8.586636159588212e-06
0.0030999991837144737,22,171,102,0.00015289418027589208,0.0,8.600492232266332e-06
0.0031099869501223032,22,171,102,0.000187479605715829,0.0,8.614500161222005e-06
0.003119970436648161,22,171,102,0.00020906367276790627,0.0,8.628605646751608e-06
0.00312995095534574,22,171,102,0.0001638353206388221,0.0,8.6386595768706e-06
0.0031399530197900845,22,171,102,0.00010883058000406287,0.0,8.648578304820687e-06
0.00314998514360482,22,170,102,2.2870062032082084e-05,0.0,8.657687046165208e-06
0.0031599491759565727,22,171,102,0.0,0.0,8.666123863854125e-06
0.0031699947005524526,22,171,102,0.0,0.0,8.673567934783244e-06
0.0031799817930986615,22,171,102,1.1519047369998314e-05,0.0,8.680070576513876e-06
0.0031899225375935894,22,171,102,0.0,0.0,8.685605631594817e-06
0.0031999715588095375,22,171,102,0.0,0.0,8.690182633053212e-06
0.0032099919614991227,22,171,102,0.0,0.0,8.693824427974395e-06
0.003219973715884055,22,171,102,0.0,0.0,8.69644127399205e-06
0.0032299845301459844,22,171,102,0.0,0.0,8.6981371573841e-06
0.0032399775181600156,22,171,102,0.0,0.0,8.698871005699549e-06
0.0032499730603749565,22,171,102,0.0,0.0,8.698650684660358e-06
0.0032599485036904907,22,171,102,0.0,0.0,8.69751262555507e-06
0.0032699579510647326,22,171,102,0.0,0.0,8.69544469531136e-06
0.003279917002494333,22,171,102,0.0,0.0,8.69249106812131e-06
