time_s,contact_id,surfa_force_z_N
0.0,1,0.0
7.92e-06,1,37238.6
1.59208e-05,1,83549.6
2.39964e-05,1,69399.9
3.1916e-05,1,53123.8
3.99218e-05,1,42313.9
4.79186e-05,1,42215.6
5.59324e-05,1,44831.2
6.39681e-05,1,53270.0
7.19713e-05,1,55778.2
7.99834e-05,1,44954.5
8.79338e-05,1,43434.8
9.59587e-05,1,46368.4
0.000103945,1,42517.2
0.000111941,1,35391.0
0.000119991,1,30689.2
0.000127954,1,30158.9
0.000135912,1,29753.4
0.000143955,1,24417.0
0.000151985,1,17615.7
0.000159936,1,11175.0
0.000167966,1,5835.46
0.000175973,1,3304.69
0.000183952,1,1541.8
0.000191923,1,721.622
0.000199973,1,89.4326
0.000207994,1,0.0
0.000215923,1,0.0
0.000223932,1,0.0
0.000231985,1,0.0
0.000239972,1,0.0
0.000247915,1,0.0
0.000255962,1,0.0
0.000263919,1,0.0
0.000271936,1,0.0
0.000279969,1,0.0
0.000287978,1,0.0
0.000295979,1,0.0
0.000303912,1,0.0
0.00031195,1,0.0
0.000319984,1,0.0
0.000327915,1,0.0
0.000335945,1,0.0
0.000343918,1,0.0
0.000351952,1,0.0
0.000359996,1,0.0
0.000367919,1,0.0
0.000375989,1,0.0
0.000383921,1,0.0
0.000391996,1,0.0
0.000399914,1,0.0
0.000407984,1,0.0
0.000415998,1,0.0
0.000423987,1,0.0
0.000431931,1,0.0
0.000439992,1,0.0
0.000447967,1,0.0
0.000456,1,0.0
0.000463931,1,0.0
0.000471954,1,0.0
0.00047999,1,0.0
0.000487931,1,0.0
0.000495973,1,0.0
0.000503922,1,0.0
0.000511932,1,0.0
0.000519915,1,0.0
0.000527988,1,0.0
0.000535915,1,0.0
0.000543934,1,0.0
0.000551963,1,0.0
0.000559912,1,0.0
0.00056797,1,0.0
0.000575923,1,0.0
0.000583997,1,0.0
0.000591962,1,0.0
0.000599977,1,0.0
0.000607982,1,0.0
0.000615979,1,0.0
0.00062398,1,0.0
0.000631996,1,0.0
0.000639948,1,0.0
0.00064796,1,0.0
0.000655927,1,0.0
0.000663992,1,0.0
0.000671925,1,0.0
0.000679981,1,0.0
0.000687922,1,0.0
0.000695938,1,0.0
0.00070393,1,0.0
0.000711921,1,0.0
0.000719986,1,0.0
0.000727983,1,0.0
0.000735955,1,0.0
0.000743961,1,0.0
0.000751946,1,0.0
0.000759911,1,0.0
0.000767948,1,0.0
0.000775947,1,0.0
0.000783992,1,0.0
0.000791953,1,0.0
0.000799947,1,0.0
0.000807926,1,0.0
0.000815953,1,0.0
0.000823954,1,0.0
0.000831927,1,0.0
0.000839943,1,0.0
0.000847939,1,0.0
0.000855949,1,0.0
0.000863911,1,0.0
0.000871933,1,0.0
0.000879966,1,0.0
0.000887977,1,0.0
0.000895973,1,0.0
0.000903933,1,0.0
0.000911957,1,0.0
0.000919979,1,0.0
0.000927959,1,0.0
0.000935921,1,0.0
0.000943943,1,0.0
0.000951928,1,0.0
0.000959955,1,0.0
0.000967928,1,0.0
0.000975933,1,0.0
0.000983941,1,0.0
0.000991992,1,0.0
0.000999955,1,0.0
0.00100797,1,0.0
0.001016,1,0.0
0.00102396,1,0.0
0.00103193,1,0.0
0.00103993,1,0.0
0.00104798,1,0.0
0.00105591,1,0.0
0.00106392,1,0.0
0.00107196,1,0.0
0.00107998,1,0.0
0.00108797,1,0.0
0.00109594,1,0.0
0.00110391,1,0.0
0.00111195,1,0.0
0.00111992,1,0.0
0.00112792,1,0.0
0.00113595,1,0.0
0.00114396,1,0.0
0.00115196,1,0.0
0.00115999,1,0.0
0.00116798,1,0.0
0.00117593,1,0.0
0.00118392,1,0.0
0.00119193,1,0.0
0.00119993,1,0.0
0.00120794,1,0.0
0.00121596,1,0.0
0.00122393,1,0.0
0.00123198,1,0.0
0.00123997,1,0.0
0.00124794,1,0.0
0.00125598,1,0.0
0.00126392,1,0.0
0.00127198,1,0.0
0.00128,1,0.0
0.00128799,1,0.0
0.00129592,1,0.0
0.001304,1,0.0
0.00131199,1,0.0
0.00131993,1,0.0
0.00132795,1,0.0
0.00133594,1,0.0
0.00134393,1,0.0
0.00135192,1,0.0
0.00135993,1,0.0
0.00136792,1,0.0
0.00137594,1,0.0
0.00138391,1,0.0
0.00139197,1,0.0
0.00139997,1,0.0
0.00140798,1,0.0
0.00141597,1,0.0
0.00142397,1,0.0
0.00143193,1,0.0
0.00143998,1,0.0
0.00144796,1,0.0
0.00145592,1,0.0
0.00146392,1,0.0
0.00147197,1,0.0
0.00147996,1,0.0
0.00148799,1,0.0
0.00149597,1,0.0
0.00150395,1,0.0
0.00151191,1,0.0
0.00152,1,0.0
0.001528,1,0.0
0.00153599,1,0.0
0.00154398,1,0.0
0.00155195,1,0.0
0.00156,1,0.0
0.00156793,1,0.0
0.00157597,1,0.0
0.0,2,0.0
7.92e-06,2,37336.5
1.59208e-05,2,83235.2
2.39964e-05,2,69912.9
3.1916e-05,2,52925.8
3.99218e-05,2,42018.9
4.79186e-05,2,42587.9
5.59324e-05,2,44581.9
6.39681e-05,2,53925.5
7.19713e-05,2,55331.7
7.99834e-05,2,45184.3
8.79338e-05,2,43274.2
9.59587e-05,2,46522.1
0.000103945,2,43083.8
0.000111941,2,36170.9
0.000119991,2,30168.8
0.000127954,2,29638.2
0.000135912,2,29443.9
0.000143955,2,25212.8
0.000151985,2,17459.9
0.000159936,2,10795.2
0.000167966,2,5860.19
0.000175973,2,3117.95
0.000183952,2,1607.66
0.000191923,2,637.597
0.000199973,2,53.0247
0.000207994,2,0.0
0.000215923,2,0.0
0.000223932,2,0.0
0.000231985,2,0.0
0.000239972,2,0.0
0.000247915,2,0.0
0.000255962,2,0.0
0.000263919,2,0.0
0.000271936,2,0.0
0.000279969,2,0.0
0.000287978,2,0.0
0.000295979,2,0.0
0.000303912,2,0.0
0.00031195,2,0.0
0.000319984,2,0.0
0.000327915,2,0.0
0.000335945,2,0.0
0.000343918,2,0.0
0.000351952,2,0.0
0.000359996,2,0.0
0.000367919,2,0.0
0.000375989,2,0.0
0.000383921,2,0.0
0.000391996,2,0.0
0.000399914,2,0.0
0.000407984,2,0.0
0.000415998,2,0.0
0.000423987,2,0.0
0.000431931,2,0.0
0.000439992,2,0.0
0.000447967,2,0.0
0.000456,2,0.0
0.000463931,2,0.0
0.000471954,2,0.0
0.00047999,2,0.0
0.000487931,2,0.0
0.000495973,2,0.0
0.000503922,2,0.0
0.000511932,2,0.0
0.000519915,2,0.0
0.000527988,2,0.0
0.000535915,2,0.0
0.000543934,2,0.0
0.000551963,2,0.0
0.000559912,2,0.0
0.00056797,2,0.0
0.000575923,2,0.0
0.000583997,2,0.0
0.000591962,2,0.0
0.000599977,2,0.0
0.000607982,2,0.0
0.000615979,2,0.0
0.00062398,2,0.0
0.000631996,2,0.0
0.000639948,2,0.0
0.00064796,2,0.0
0.000655927,2,0.0
0.000663992,2,0.0
0.000671925,2,0.0
0.000679981,2,0.0
0.000687922,2,0.0
0.000695938,2,0.0
0.00070393,2,0.0
0.000711921,2,0.0
0.000719986,2,0.0
0.000727983,2,0.0
0.000735955,2,0.0
0.000743961,2,0.0
0.000751946,2,0.0
0.000759911,2,0.0
0.000767948,2,0.0
0.000775947,2,0.0
0.000783992,2,0.0
0.000791953,2,0.0
0.000799947,2,0.0
0.000807926,2,0.0
0.000815953,2,0.0
0.000823954,2,0.0
0.000831927,2,0.0
0.000839943,2,0.0
0.000847939,2,0.0
0.000855949,2,0.0
0.000863911,2,0.0
0.000871933,2,0.0
0.000879966,2,0.0
0.000887977,2,0.0
0.000895973,2,0.0
0.000903933,2,0.0
0.000911957,2,0.0
0.000919979,2,0.0
0.000927959,2,0.0
0.000935921,2,0.0
0.000943943,2,0.0
0.000951928,2,0.0
0.000959955,2,0.0
0.000967928,2,0.0
0.000975933,2,0.0
0.000983941,2,0.0
0.000991992,2,0.0
0.000999955,2,0.0
0.00100797,2,0.0
0.001016,2,0.0
0.00102396,2,0.0
0.00103193,2,0.0
0.00103993,2,0.0
0.00104798,2,0.0
0.00105591,2,0.0
0.00106392,2,0.0
0.00107196,2,0.0
0.00107998,2,0.0
0.00108797,2,0.0
0.00109594,2,0.0
0.00110391,2,0.0
0.00111195,2,0.0
0.00111992,2,0.0
0.00112792,2,0.0
0.00113595,2,0.0
0.00114396,2,0.0
0.00115196,2,0.0
0.00115999,2,0.0
0.00116798,2,0.0
0.00117593,2,0.0
0.00118392,2,0.0
0.00119193,2,0.0
0.00119993,2,0.0
0.00120794,2,0.0
0.00121596,2,0.0
0.00122393,2,0.0
0.00123198,2,0.0
0.00123997,2,0.0
0.00124794,2,0.0
0.00125598,2,0.0
0.00126392,2,0.0
0.00127198,2,0.0
0.00128,2,0.0
0.00128799,2,0.0
0.00129592,2,0.0
0.001304,2,0.0
0.00131199,2,0.0
0.00131993,2,0.0
0.00132795,2,0.0
0.00133594,2,0.0
0.00134393,2,0.0
0.00135192,2,0.0
0.00135993,2,0.0
0.00136792,2,0.0
0.00137594,2,0.0
0.00138391,2,0.0
0.00139197,2,0.0
0.00139997,2,0.0
0.00140798,2,0.0
0.00141597,2,0.0
0.00142397,2,0.0
0.00143193,2,0.0
0.00143998,2,0.0
0.00144796,2,0.0
0.00145592,2,0.0
0.00146392,2,0.0
0.00147197,2,0.0
0.00147996,2,0.0
0.00148799,2,0.0
0.00149597,2,0.0
0.00150395,2,0.0
0.00151191,2,0.0
0.00152,2,0.0
0.001528,2,0.0
0.00153599,2,0.0
0.00154398,2,0.0
0.00155195,2,0.0
0.00156,2,0.0
0.00156793,2,0.0
0.00157597,2,0.0
0.0,3,7.30583e-41
7.92e-06,3,116.2
1.59208e-05,3,1630.56
2.39964e-05,3,1700.53
3.1916e-05,3,1493.76
3.99218e-05,3,1437.05
4.79186e-05,3,1794.51
5.59324e-05,3,2134.74
6.39681e-05,3,2470.46
7.19713e-05,3,2679.55
7.99834e-05,3,2679.19
8.79338e-05,3,2787.03
9.59587e-05,3,2975.51
0.000103945,3,3063.89
0.000111941,3,3035.69
0.000119991,3,3023.98
0.000127954,3,3061.77
0.000135912,3,3113.0
0.000143955,3,3086.85
0.000151985,3,3018.61
0.000159936,3,2927.79
0.000167966,3,2825.39
0.000175973,3,2751.29
0.000183952,3,2684.75
0.000191923,3,2634.19
0.000199973,3,2588.39
0.000207994,3,2553.49
0.000215923,3,2523.26
0.000223932,3,2495.51
0.000231985,3,2472.15
0.000239972,3,2462.62
0.000247915,3,2452.31
0.000255962,3,2441.52
0.000263919,3,2430.55
0.000271936,3,2419.58
0.000279969,3,2408.41
0.000287978,3,2397.08
0.000295979,3,2385.67
0.000303912,3,2374.3
0.00031195,3,2362.94
0.000319984,3,2351.67
0.000327915,3,2340.68
0.000335945,3,2329.93
0.000343918,3,2319.39
0.000351952,3,2309.78
0.000359996,3,2301.76
0.000367919,3,2294.68
0.000375989,3,2287.97
0.000383921,3,2281.43
0.000391996,3,2274.91
0.000399914,3,2268.37
0.000407984,3,2261.75
0.000415998,3,2255.01
0.000423987,3,2248.21
0.000431931,3,2241.36
0.000439992,3,2234.39
0.000447967,3,2227.34
0.000456,3,2220.22
0.000463931,3,2213.07
0.000471954,3,2205.86
0.00047999,3,2198.51
0.000487931,3,2191.24
0.000495973,3,2184.06
0.000503922,3,2176.97
0.000511932,3,2169.98
0.000519915,3,2163.03
0.000527988,3,2156.11
0.000535915,3,2149.24
0.000543934,3,2142.42
0.000551963,3,2135.56
0.000559912,3,2128.74
0.00056797,3,2121.91
0.000575923,3,2115.08
0.000583997,3,2108.24
0.000591962,3,2101.39
0.000599977,3,2094.56
0.000607982,3,2087.71
0.000615979,3,2080.86
0.00062398,3,2074.02
0.000631996,3,2067.2
0.000639948,3,2060.43
0.00064796,3,2053.69
0.000655927,3,2046.98
0.000663992,3,2040.28
0.000671925,3,2033.63
0.000679981,3,2027.01
0.000687922,3,2020.43
0.000695938,3,2013.89
0.00070393,3,2007.35
0.000711921,3,2000.86
0.000719986,3,1994.35
0.000727983,3,1987.85
0.000735955,3,1981.38
0.000743961,3,1974.91
0.000751946,3,1968.44
0.000759911,3,1961.99
0.000767948,3,1955.54
0.000775947,3,1949.09
0.000783992,3,1942.67
0.000791953,3,1936.3
0.000799947,3,1929.98
0.000807926,3,1923.69
0.000815953,3,1917.42
0.000823954,3,1911.18
0.000831927,3,1905.01
0.000839943,3,1898.86
0.000847939,3,1892.73
0.000855949,3,1886.62
0.000863911,3,1880.55
0.000871933,3,1874.48
0.000879966,3,1868.39
0.000887977,3,1862.32
0.000895973,3,1856.27
0.000903933,3,1850.26
0.000911957,3,1844.26
0.000919979,3,1838.26
0.000927959,3,1832.3
0.000935921,3,1826.39
0.000943943,3,1820.5
0.000951928,3,1814.64
0.000959955,3,1808.81
0.000967928,3,1803.02
0.000975933,3,1797.27
0.000983941,3,1791.54
0.000991992,3,1785.83
0.000999955,3,1780.16
0.00100797,3,1774.53
0.001016,3,1768.89
0.00102396,3,1763.3
0.00103193,3,1757.76
0.00103993,3,1752.22
0.00104798,3,1746.68
0.00105591,3,1741.19
0.00106392,3,1735.75
0.00107196,3,1730.3
0.00107998,3,1724.88
0.00108797,3,1719.52
0.00109594,3,1714.21
0.00110391,3,1708.95
0.00111195,3,1703.71
0.00111992,3,1698.51
0.00112792,3,1693.36
0.00113595,3,1688.24
0.00114396,3,1683.16
0.00115196,3,1678.14
0.00115999,3,1673.15
0.00116798,3,1668.22
0.00117593,3,1663.35
0.00118392,3,1658.54
0.00119193,3,1653.76
0.00119993,3,1649.03
0.00120794,3,1644.36
0.00121596,3,1639.73
0.00122393,3,1635.18
0.00123198,3,1630.68
0.00123997,3,1626.23
0.00124794,3,1621.87
0.00125598,3,1617.57
0.00126392,3,1613.34
0.00127198,3,1609.18
0.00128,3,1605.07
0.00128799,3,1601.06
0.00129592,3,1597.14
0.001304,3,1593.27
0.00131199,3,1589.48
0.00131993,3,1585.79
0.00132795,3,1582.19
0.00133594,3,1579.42
0.00134393,3,1576.84
0.00135192,3,1574.24
0.00135993,3,1571.62
0.00136792,3,1568.98
0.00137594,3,1566.35
0.00138391,3,1563.86
0.00139197,3,1561.52
0.00139997,3,1559.28
0.00140798,3,1557.14
0.00141597,3,1555.06
0.00142397,3,1553.06
0.00143193,3,1551.17
0.00143998,3,1549.36
0.00144796,3,1547.64
0.00145592,3,1546.02
0.00146392,3,1544.48
0.00147197,3,1543.03
0.00147996,3,1541.66
0.00148799,3,1540.4
0.00149597,3,1539.23
0.00150395,3,1538.15
0.00151191,3,1537.17
0.00152,3,1536.29
0.001528,3,1535.5
0.00153599,3,1534.81
0.00154398,3,1534.22
0.00155195,3,1533.73
0.00156,3,1533.33
0.00156793,3,1533.04
0.00157597,3,1532.86
0.0,4,1.46658e-40
7.92e-06,4,116.422
1.59208e-05,4,1629.03
2.39964e-05,4,1707.09
3.1916e-05,4,1487.29
3.99218e-05,4,1438.95
4.79186e-05,4,1806.66
5.59324e-05,4,2125.54
6.39681e-05,4,2476.39
7.19713e-05,4,2672.34
7.99834e-05,4,2681.57
8.79338e-05,4,2787.09
9.59587e-05,4,2978.83
0.000103945,4,3074.22
0.000111941,4,3055.07
0.000119991,4,3022.8
0.000127954,4,3057.62
0.000135912,4,3109.92
0.000143955,4,3099.6
0.000151985,4,3020.49
0.000159936,4,2923.89
0.000167966,4,2826.59
0.000175973,4,2748.67
0.000183952,4,2685.55
0.000191923,4,2633.17
0.000199973,4,2588.24
0.000207994,4,2553.92
0.000215923,4,2523.91
0.000223932,4,2496.29
0.000231985,4,2473.37
0.000239972,4,2463.86
0.000247915,4,2453.42
0.000255962,4,2442.53
0.000263919,4,2431.49
0.000271936,4,2420.49
0.000279969,4,2409.3
0.000287978,4,2397.96
0.000295979,4,2386.55
0.000303912,4,2375.17
0.00031195,4,2363.8
0.000319984,4,2352.52
0.000327915,4,2341.51
0.000335945,4,2330.74
0.000343918,4,2320.19
0.000351952,4,2310.66
0.000359996,4,2302.7
0.000367919,4,2295.63
0.000375989,4,2288.94
0.000383921,4,2282.39
0.000391996,4,2275.87
0.000399914,4,2269.31
0.000407984,4,2262.68
0.000415998,4,2255.92
0.000423987,4,2249.11
0.000431931,4,2242.25
0.000439992,4,2235.27
0.000447967,4,2228.19
0.000456,4,2221.06
0.000463931,4,2213.9
0.000471954,4,2206.69
0.00047999,4,2199.34
0.000487931,4,2192.08
0.000495973,4,2184.91
0.000503922,4,2177.83
0.000511932,4,2170.84
0.000519915,4,2163.9
0.000527988,4,2156.97
0.000535915,4,2150.1
0.000543934,4,2143.27
0.000551963,4,2136.41
0.000559912,4,2129.58
0.00056797,4,2122.74
0.000575923,4,2115.9
0.000583997,4,2109.05
0.000591962,4,2102.2
0.000599977,4,2095.37
0.000607982,4,2088.51
0.000615979,4,2081.66
0.00062398,4,2074.82
0.000631996,4,2068.0
0.000639948,4,2061.22
0.00064796,4,2054.49
0.000655927,4,2047.77
0.000663992,4,2041.08
0.000671925,4,2034.42
0.000679981,4,2027.81
0.000687922,4,2021.22
0.000695938,4,2014.67
0.00070393,4,2008.14
0.000711921,4,2001.64
0.000719986,4,1995.12
0.000727983,4,1988.61
0.000735955,4,1982.14
0.000743961,4,1975.66
0.000751946,4,1969.19
0.000759911,4,1962.74
0.000767948,4,1956.29
0.000775947,4,1949.84
0.000783992,4,1943.42
0.000791953,4,1937.04
0.000799947,4,1930.72
0.000807926,4,1924.43
0.000815953,4,1918.16
0.000823954,4,1911.92
0.000831927,4,1905.74
0.000839943,4,1899.59
0.000847939,4,1893.46
0.000855949,4,1887.35
0.000863911,4,1881.27
0.000871933,4,1875.19
0.000879966,4,1869.1
0.000887977,4,1863.03
0.000895973,4,1856.98
0.000903933,4,1850.96
0.000911957,4,1844.96
0.000919979,4,1838.95
0.000927959,4,1832.99
0.000935921,4,1827.08
0.000943943,4,1821.19
0.000951928,4,1815.33
0.000959955,4,1809.5
0.000967928,4,1803.71
0.000975933,4,1797.96
0.000983941,4,1792.22
0.000991992,4,1786.51
0.000999955,4,1780.83
0.00100797,4,1775.2
0.001016,4,1769.56
0.00102396,4,1763.97
0.00103193,4,1758.42
0.00103993,4,1752.88
0.00104798,4,1747.33
0.00105591,4,1741.84
0.00106392,4,1736.4
0.00107196,4,1730.95
0.00107998,4,1725.52
0.00108797,4,1720.16
0.00109594,4,1714.85
0.00110391,4,1709.58
0.00111195,4,1704.34
0.00111992,4,1699.14
0.00112792,4,1693.99
0.00113595,4,1688.86
0.00114396,4,1683.79
0.00115196,4,1678.76
0.00115999,4,1673.77
0.00116798,4,1668.83
0.00117593,4,1663.97
0.00118392,4,1659.15
0.00119193,4,1654.37
0.00119993,4,1649.64
0.00120794,4,1644.96
0.00121596,4,1640.33
0.00122393,4,1635.77
0.00123198,4,1631.27
0.00123997,4,1626.82
0.00124794,4,1622.46
0.00125598,4,1618.16
0.00126392,4,1613.93
0.00127198,4,1609.77
0.00128,4,1605.65
0.00128799,4,1601.64
0.00129592,4,1597.71
0.001304,4,1593.85
0.00131199,4,1590.05
0.00131993,4,1586.37
0.00132795,4,1582.76
0.00133594,4,1579.66
0.00134393,4,1577.19
0.00135192,4,1574.65
0.00135993,4,1572.04
0.00136792,4,1569.4
0.00137594,4,1566.76
0.00138391,4,1564.25
0.00139197,4,1561.91
0.00139997,4,1559.67
0.00140798,4,1557.52
0.00141597,4,1555.44
0.00142397,4,1553.44
0.00143193,4,1551.55
0.00143998,4,1549.74
0.00144796,4,1548.02
0.00145592,4,1546.39
0.00146392,4,1544.86
0.00147197,4,1543.4
0.00147996,4,1542.04
0.00148799,4,1540.78
0.00149597,4,1539.61
0.00150395,4,1538.53
0.00151191,4,1537.56
0.00152,4,1536.67
0.001528,4,1535.88
0.00153599,4,1535.2
0.00154398,4,1534.61
0.00155195,4,1534.12
0.00156,4,1533.74
0.00156793,4,1533.45
0.00157597,4,1533.27
0.0,5,1.88751e-61
7.92e-06,5,-6.80564e-18
1.59208e-05,5,-9.89872e-07
2.39964e-05,5,0.000202478
3.1916e-05,5,4.28833
3.99218e-05,5,191.773
4.79186e-05,5,347.912
5.59324e-05,5,281.24
6.39681e-05,5,367.646
7.19713e-05,5,382.687
7.99834e-05,5,340.786
8.79338e-05,5,369.774
9.59587e-05,5,491.42
0.000103945,5,672.48
0.000111941,5,788.373
0.000119991,5,674.78
0.000127954,5,591.445
0.000135912,5,519.897
0.000143955,5,326.063
0.000151985,5,155.806
0.000159936,5,54.0641
0.000167966,5,69.7605
0.000175973,5,374.075
0.000183952,5,557.666
0.000191923,5,698.052
0.000199973,5,690.337
0.000207994,5,481.29
0.000215923,5,211.361
0.000223932,5,53.187
0.000231985,5,-139.599
0.000239972,5,-172.701
0.000247915,5,-275.274
0.000255962,5,-249.24
0.000263919,5,-1159.37
0.000271936,5,-2893.65
0.000279969,5,-2922.2
0.000287978,5,-2216.37
0.000295979,5,-1453.19
0.000303912,5,-1234.01
0.00031195,5,-1226.33
0.000319984,5,-1395.87
0.000327915,5,-1072.12
0.000335945,5,-797.435
0.000343918,5,-570.717
0.000351952,5,-510.284
0.000359996,5,-499.877
0.000367919,5,-509.154
0.000375989,5,-589.847
0.000383921,5,-848.727
0.000391996,5,-757.194
0.000399914,5,-737.06
0.000407984,5,-548.378
0.000415998,5,-31.4264
0.000423987,5,596.346
0.000431931,5,1080.91
0.000439992,5,1098.28
0.000447967,5,949.839
0.000456,5,1056.19
0.000463931,5,1324.6
0.000471954,5,1217.87
0.00047999,5,543.652
0.000487931,5,511.279
0.000495973,5,665.235
0.000503922,5,257.733
0.000511932,5,-120.116
0.000519915,5,-109.22
0.000527988,5,-73.7018
0.000535915,5,127.912
0.000543934,5,93.5286
0.000551963,5,-13.6564
0.000559912,5,-172.344
0.00056797,5,-257.097
0.000575923,5,-148.578
0.000583997,5,-211.009
0.000591962,5,-242.946
0.000599977,5,-314.644
0.000607982,5,-287.195
0.000615979,5,55.2983
0.00062398,5,481.775
0.000631996,5,469.286
0.000639948,5,222.088
0.00064796,5,8.75136
0.000655927,5,-41.8924
0.000663992,5,-440.758
0.000671925,5,-867.606
0.000679981,5,-259.69
0.000687922,5,305.04
0.000695938,5,-56.8699
0.00070393,5,-370.778
0.000711921,5,-658.99
0.000719986,5,-830.436
0.000727983,5,-782.664
0.000735955,5,-379.803
0.000743961,5,-48.9692
0.000751946,5,39.0441
0.000759911,5,27.4537
0.000767948,5,11.2247
0.000775947,5,-40.3682
0.000783992,5,-44.5086
0.000791953,5,-18.8032
0.000799947,5,-71.7599
0.000807926,5,600.491
0.000815953,5,1543.36
0.000823954,5,492.501
0.000831927,5,-262.456
0.000839943,5,-291.72
0.000847939,5,436.518
0.000855949,5,682.461
0.000863911,5,804.962
0.000871933,5,630.195
0.000879966,5,25.0344
0.000887977,5,269.666
0.000895973,5,929.467
0.000903933,5,504.307
0.000911957,5,544.23
0.000919979,5,419.32
0.000927959,5,539.394
0.000935921,5,410.087
0.000943943,5,242.154
0.000951928,5,255.224
0.000959955,5,260.951
0.000967928,5,83.38
0.000975933,5,-18.4518
0.000983941,5,12.5479
0.000991992,5,63.627
0.000999955,5,103.553
0.00100797,5,196.445
0.001016,5,292.206
0.00102396,5,125.483
0.00103193,5,-198.082
0.00103993,5,-408.161
0.00104798,5,-398.11
0.00105591,5,-176.929
0.00106392,5,-180.488
0.00107196,5,-142.124
0.00107998,5,30.9563
0.00108797,5,-8.74156
0.00109594,5,108.615
0.00110391,5,412.373
0.00111195,5,594.727
0.00111992,5,526.793
0.00112792,5,364.367
0.00113595,5,-116.419
0.00114396,5,-281.854
0.00115196,5,-516.355
0.00115999,5,-590.884
0.00116798,5,-753.155
0.00117593,5,-895.726
0.00118392,5,-783.425
0.00119193,5,-380.772
0.00119993,5,-108.086
0.00120794,5,39.8804
0.00121596,5,98.5627
0.00122393,5,154.578
0.00123198,5,-172.311
0.00123997,5,-801.705
0.00124794,5,-930.375
0.00125598,5,-1222.33
0.00126392,5,-4337.12
0.00127198,5,-6319.73
0.00128,5,-3881.58
0.00128799,5,-1145.85
0.00129592,5,-507.683
0.001304,5,-1030.22
0.00131199,5,-2481.38
0.00131993,5,-5291.7
0.00132795,5,-4411.37
0.00133594,5,-638.297
0.00134393,5,290.167
0.00135192,5,727.976
0.00135993,5,565.051
0.00136792,5,508.92
0.00137594,5,558.269
0.00138391,5,397.822
0.00139197,5,182.094
0.00139997,5,42.076
0.00140798,5,-49.8708
0.00141597,5,-86.3895
0.00142397,5,81.7458
0.00143193,5,136.99
0.00143998,5,96.7075
0.00144796,5,41.4535
0.00145592,5,-133.787
0.00146392,5,-349.986
0.00147197,5,-182.593
0.00147996,5,262.496
0.00148799,5,365.517
0.00149597,5,713.376
0.00150395,5,631.367
0.00151191,5,574.96
0.00152,5,539.039
0.001528,5,168.08
0.00153599,5,-58.9387
0.00154398,5,-112.454
0.00155195,5,-92.462
0.00156,5,15.6015
0.00156793,5,-141.94
0.00157597,5,-414.806
