time_s,all_printed_P95_MPa,all_printed_P99_MPa,all_printed_max_MPa,body_P95_MPa,body_P99_MPa,body_max_MPa,closure_left_P95_MPa,closure_left_P99_MPa,closure_left_max_MPa,closure_right_P95_MPa,closure_right_P99_MPa,closure_right_max_MPa,impact_pod_roots_P95_MPa,impact_pod_roots_P99_MPa,impact_pod_roots_max_MPa,central_bridge_P95_MPa,central_bridge_P99_MPa,central_bridge_max_MPa,T_slot_body_P95_MPa,T_slot_body_P99_MPa,T_slot_body_max_MPa,bolt_ligaments_P95_MPa,bolt_ligaments_P99_MPa,bolt_ligaments_max_MPa,motor_seats_P95_MPa,motor_seats_P99_MPa,motor_seats_max_MPa
0.0,0.0,0.0,0.0,0.0,0.0,0.0,0.0,0.0,0.0,0.0,0.0,0.0,0.0,0.0,0.0,0.0,0.0,0.0,0.0,0.0,0.0,0.0,0.0,0.0,0.0,0.0,0.0
4.992831254433197e-05,56.653076171875,111.5556411743164,199.12789916992188,58.76748275756836,114.37091827392578,199.12789916992188,16.088151931762695,22.280004501342773,99.97579956054688,16.39073944091797,22.959915161132812,71.4416275024414,128.73348999023438,160.9097137451172,199.12789916992188,1.480322241783142,3.698427677154541,6.894806861877441,37.38666915893555,55.3199348449707,152.89578247070312,22.780004501342773,33.01850891113281,86.89684295654297,129.64208984375,162.91552734375,199.12789916992188
9.99823649028305e-05,82.90601348876953,127.74337768554688,483.866455078125,86.09754943847656,128.91783142089844,239.67137145996094,25.37847137451172,39.26455307006836,349.9715881347656,26.694963455200195,40.32890701293945,483.866455078125,125.05677032470703,151.21881103515625,220.3480224609375,12.88047981262207,19.220651626586914,34.68347930908203,65.37509155273438,89.34354400634766,220.3480224609375,33.8177375793457,48.5227165222168,396.9204406738281,138.4532470703125,176.09219360351562,239.67137145996094
0.0001499737178146155,70.46428680419922,114.5398178100586,799.2637329101562,72.53445434570312,115.79348754882812,301.1065368652344,37.23714828491211,54.49658966064453,516.0499267578125,37.932823181152344,56.14061737060547,799.2637329101562,107.86312103271484,129.93917846679688,242.74038696289062,19.38750457763672,25.602313995361328,56.3483772277832,79.49518585205078,99.71993255615234,242.74038696289062,37.40549087524414,58.49409103393555,654.385498046875,123.59967041015625,146.957275390625,186.0756378173828
0.00019997183478049103,52.59123992919922,83.83819580078125,893.618896484375,53.609195709228516,83.95275115966797,421.9605407714844,33.49390411376953,68.90927124023438,849.4075317382812,36.09249496459961,83.88688659667969,893.618896484375,77.6891098022461,100.93267822265625,217.0829315185547,25.83168601989746,31.74144172668457,90.67485809326172,62.99785614013672,80.32440948486328,217.0829315185547,38.23099136352539,59.29598617553711,744.8936767578125,90.50825500488281,109.05866241455078,153.24681091308594
0.0002499923186449763,52.80387878417969,83.9415512084961,1509.953125,53.69893264770508,83.34757232666016,671.5509643554688,42.974613189697266,102.83123779296875,1135.3658447265625,45.18155288696289,114.5621337890625,1509.953125,69.00416564941406,88.44232177734375,174.6234130859375,34.95271682739258,42.391448974609375,75.55774688720703,64.55673217773438,91.73576354980469,192.65452575683594,42.12674331665039,64.33391571044922,1011.0848999023438,88.18783569335938,104.73407745361328,188.50267028808594
0.0002999744200962968,52.204437255859375,67.27391815185547,1555.783447265625,52.4750862121582,65.82268524169922,638.7903442382812,36.620147705078125,111.93245697021484,1124.0341796875,42.30973434448242,127.59251403808594,1555.783447265625,45.972442626953125,62.264442443847656,167.01983642578125,50.94596481323242,57.94401550292969,78.1288833618164,56.10687255859375,78.55220031738281,224.8118438720703,48.55339813232422,73.318603515625,1328.4056396484375,65.10536193847656,82.15033721923828,125.09944152832031
0.00033376142566721607,60.929203033447266,70.0532455444336,3623516372992.0,61.41343688964844,69.58036041259766,554.0385131835938,36.37863540649414,105.28742980957031,1065.292236328125,41.05385208129883,120.81014251708984,3623516372992.0,43.97138977050781,61.65336990356445,190.87106323242188,63.9589958190918,68.98564147949219,87.32303619384766,49.78588104248047,76.5811538696289,238.36135864257812,43.09148406982422,68.50243377685547,1280.1571044921875,58.07173538208008,74.34586334228516,122.17789459228516
0.0003337614256689757,60.929203033447266,70.0532455444336,3623516372992.0,61.41343688964844,69.58036041259766,554.0385131835938,36.37863540649414,105.28742980957031,1065.292236328125,41.05385208129883,120.81014251708984,3623516372992.0,43.97138977050781,61.65336990356445,190.87106323242188,63.9589958190918,68.98564147949219,87.32303619384766,49.78588104248047,76.5811538696289,238.36135864257812,43.09148406982422,68.50243377685547,1280.1571044921875,58.07173538208008,74.34586334228516,122.17789459228516
