time_s,friction_energy_J,total_contact_energy_J,nonfriction_contact_energy_J,sum_absolute_nonfriction_contact_energy_J
0.0,0.0,0.0,0.0,0.0
1.98e-06,2.588e-54,-4.0528001999999996e-90,-2.588e-54,2.588e-54
3.982247e-06,0.000423,2.8504280808301203,2.8500050808301203,2.8500050808301203
5.962247e-06,0.00265900000001346,9.870084210000371,9.867425210000357,9.867425210000357
7.942247e-06,0.0792800001267,11.815219305882,11.7359393057553,11.7359393057553
9.922247e-06,0.27230003599999997,13.1102927168,12.8379926808,12.8379926808
1.199225e-05,0.5624025829999999,13.206790210000001,12.644387627,12.644387627
1.397224e-05,0.84255599,12.174353,11.331797009999999,11.331797009999999
1.59522e-05,1.1253543,11.404421,10.2790667,10.2790667
1.793196e-05,1.43398,10.96443,9.530449999999998,9.530449999999998
1.991101e-05,1.7594779999999999,10.344510000000001,8.585032000000002,8.585032000000002
2.197806e-05,2.08969,9.74081,7.651120000000001,7.651120000000001
2.395188e-05,2.36339,9.082550000000001,6.719160000000001,6.719160000000001
2.592138e-05,2.58877,8.094890000000001,5.506120000000002,5.506120000000002
2.797577e-05,2.7985800000000003,7.2151000000000005,4.416520000000001,4.416520000000001
2.993688e-05,3.0142,6.786200000000002,3.772000000000002,3.772000000000002
3.198322e-05,3.2652,6.543199999999999,3.277999999999999,3.277999999999999
3.393712e-05,3.5132,6.512100000000002,2.9989000000000017,2.9989000000000017
3.597765e-05,3.776,6.715599999999999,2.9395999999999995,2.9395999999999995
3.792915e-05,4.0415,7.079499999999998,3.0379999999999976,3.0379999999999976
3.996939e-05,4.3268,7.544100000000002,3.2173000000000016,3.2173000000000016
4.191977e-05,4.5889,7.966899999999996,3.3779999999999966,3.3779999999999966
4.395715e-05,4.8563,8.465399999999999,3.609099999999998,3.609099999999998
4.59323e-05,5.1122,8.988999999999997,3.8767999999999967,3.8767999999999967
4.790955e-05,5.356,9.502500000000003,4.146500000000003,4.146500000000003
4.998415e-05,5.5981000000000005,9.930300000000004,4.332200000000005,4.332200000000005
5.196742e-05,5.8223,10.173299999999996,4.350999999999995,4.350999999999995
5.395366e-05,6.0503,10.35229999999999,4.301999999999992,4.301999999999992
5.594279e-05,6.2885,10.5464,4.2579,4.2579
5.793511e-05,6.5271,10.801000000000002,4.273900000000002,4.273900000000002
5.993288e-05,6.7551,11.1407,4.385600000000001,4.385600000000001
6.193891e-05,6.9689,11.457100000000004,4.488200000000005,4.488200000000005
6.395411e-05,7.173,11.648,4.4750000000000005,4.4750000000000005
6.597645e-05,7.375,11.711399999999998,4.3363999999999985,4.3363999999999985
6.79047e-05,7.5667,11.711299999999996,4.144599999999996,4.144599999999996
6.994938e-05,7.765499999999999,11.699100000000003,3.9336000000000038,3.9336000000000038
7.193611e-05,7.9548000000000005,11.70630000000001,3.751500000000009,3.751500000000009
7.391434e-05,8.140799999999999,11.735600000000005,3.594800000000005,3.594800000000005
7.597528e-05,8.3344,11.810699999999995,3.476299999999996,3.476299999999996
7.79422e-05,8.5212,11.943499999999984,3.4222999999999835,3.4222999999999835
7.999567e-05,8.7157,12.137599999999996,3.4218999999999946,3.4218999999999946
8.195879e-05,8.8994,12.358199999999993,3.4587999999999925,3.4587999999999925
8.393338e-05,9.0899,12.613799999999996,3.523899999999996,3.523899999999996
8.592807e-05,9.3004,12.883699999999996,3.5832999999999964,3.5832999999999964
8.79259e-05,9.5387,13.168500000000002,3.6298000000000012,3.6298000000000012
8.991406e-05,9.7982,13.499900000000013,3.701700000000012,3.701700000000012
9.197228e-05,10.07,13.81989999999999,3.7498999999999896,3.7498999999999896
9.393526e-05,10.3124,14.151500000000002,3.8391000000000024,3.8391000000000024
9.598066e-05,10.5314,14.502299999999991,3.970899999999991,3.970899999999991
9.796065e-05,10.705400000000001,14.832600000000005,4.127200000000005,4.127200000000005
9.994039e-05,10.852400000000001,15.116999999999996,4.264599999999994,4.264599999999994
0.0001019249,10.984,15.348400000000002,4.364400000000002,4.364400000000002
0.0001039165,11.104,15.469100000000022,4.365100000000023,4.365100000000023
0.000105916,11.211,15.557799999999988,4.346799999999988,4.346799999999988
0.0001079112,11.31,15.532700000000009,4.222700000000008,4.222700000000008
0.0001099799,11.408,15.362300000000001,3.954300000000001,3.954300000000001
0.000111954,11.507,15.198099999999997,3.691099999999998,3.691099999999998
0.0001139219,11.607,15.13559999999999,3.5285999999999893,3.5285999999999893
0.0001159736,11.712,15.078699999999994,3.366699999999994,3.366699999999994
0.0001179317,11.809000000000001,15.118499999999994,3.3094999999999937,3.3094999999999937
0.0001199742,11.91,14.957700000000006,3.047700000000007,3.047700000000007
0.0001219249,12.01,14.795500000000002,2.7855000000000016,2.7855000000000016
0.000123968,12.116,14.731200000000008,2.6152000000000086,2.6152000000000086
0.0001259461,12.216999999999999,14.763400000000008,2.546400000000009,2.546400000000009
0.0001279272,12.317,14.890500000000003,2.5735000000000037,2.5735000000000037
0.0001299126,12.418,15.021500000000012,2.603500000000012,2.603500000000012
0.0001319927,12.519,15.15730000000002,2.6383000000000214,2.6383000000000214
0.0001339602,12.598,15.389999999999993,2.7919999999999936,2.7919999999999936
0.0001359276,12.663,15.415200000000024,2.7522000000000224,2.7522000000000224
0.000137982,12.723,15.233900000000006,2.5109000000000057,2.5109000000000057
0.0001399398,12.774000000000001,15.145499999999984,2.371499999999984,2.371499999999984
0.0001419332,12.824,15.055700000000018,2.231700000000017,2.231700000000017
0.0001439305,12.87,14.875300000000001,2.005300000000002,2.005300000000002
0.0001459312,12.915,14.793800000000008,1.8788000000000071,1.8788000000000071
0.0001479334,12.956,14.609099999999962,1.6530999999999616,1.6530999999999616
0.0001499353,12.995,14.548200000000024,1.5532000000000243,1.5532000000000243
0.0001519313,13.035,14.467099999999972,1.432099999999972,1.432099999999972
0.0001539924,13.08,14.387500000000035,1.3075000000000339,1.3075000000000339
0.0001559614,13.125,14.435700000000033,1.310700000000034,1.310700000000034
0.000157929,13.172,14.447000000000035,1.275000000000034,1.275000000000034
0.0001599989,13.219000000000001,14.40400000000001,1.1850000000000107,1.1850000000000107
0.0001619047,13.263,14.222999999999995,0.9599999999999946,0.9599999999999946
0.0001639111,13.309999999999999,14.185000000000002,0.875000000000002,0.875000000000002
0.0001659556,13.359,14.118000000000006,0.7590000000000054,0.7590000000000054
0.0001679378,13.405,14.161000000000005,0.7560000000000056,0.7560000000000056
0.0001699152,13.443999999999999,14.202000000000005,0.7580000000000053,0.7580000000000053
0.000171977,13.482,14.253000000000007,0.7710000000000075,0.7710000000000075
0.0001739456,13.513,14.181000000000012,0.6680000000000117,0.6680000000000117
0.0001759124,13.542000000000002,14.22400000000001,0.6820000000000102,0.6820000000000102
0.0001779668,13.571,14.239999999999982,0.6689999999999823,0.6689999999999823
0.0001799307,13.597,14.254000000000012,0.6570000000000111,0.6570000000000111
0.0001819098,13.621,14.157000000000018,0.5360000000000169,0.5360000000000169
0.0001839961,13.645,14.16499999999999,0.5199999999999907,0.5199999999999907
0.0001859903,13.67,14.052999999999994,0.3829999999999938,0.3829999999999938
0.0001879872,13.695,14.162000000000017,0.46700000000001696,0.46700000000001696
0.0001899141,13.72,14.152999999999988,0.4329999999999883,0.4329999999999883
0.0001919788,13.745000000000001,14.062999999999995,0.31799999999999606,0.31799999999999606
0.0001939624,13.771,14.076999999999995,0.3059999999999956,0.3059999999999956
0.0001959734,13.796,14.096999999999996,0.30099999999999616,0.30099999999999616
0.0001979898,13.818999999999999,14.218000000000014,0.39900000000001556,0.39900000000001556
0.0001999136,13.837,14.036000000000026,0.19900000000002604,0.2689999999999926
0.0002019179,13.855,14.055000000000026,0.20000000000002638,0.2719999999999918
0.0002039978,13.872,14.174000000000024,0.3020000000000249,0.3020000000000249
0.0002059834,13.886,14.192000000000021,0.3060000000000209,0.3060000000000209
0.0002079965,13.899999999999999,14.209000000000021,0.3090000000000215,0.3090000000000215
0.0002099199,13.913,14.228000000000021,0.31500000000002126,0.31500000000002126
0.0002119481,13.926,14.25200000000002,0.3260000000000214,0.3260000000000214
0.0002139807,13.937999999999999,14.278000000000024,0.3400000000000247,0.3400000000000247
0.0002159324,13.95,14.30600000000002,0.35600000000002074,0.35600000000002074
0.0002179284,13.965,14.335000000000024,0.37000000000002453,0.37000000000002453
0.0002199149,13.983,14.366000000000021,0.3830000000000213,0.3830000000000213
0.0002219834,14.006,14.39600000000002,0.39000000000002144,0.39000000000002144
0.0002239324,14.029,14.421000000000024,0.3920000000000248,0.3920000000000248
0.0002259448,14.052,14.446000000000025,0.394000000000025,0.394000000000025
0.0002279687,14.073,14.47600000000002,0.40300000000002134,0.40300000000002134
0.0002299994,14.091999999999999,14.512000000000025,0.4200000000000248,0.4200000000000248
0.000231928,14.109,14.536000000000023,0.42700000000002314,0.42700000000002314
0.0002339266,14.126999999999999,14.571000000000023,0.44400000000002304,0.44400000000002304
0.000235979,14.148,14.618000000000023,0.4700000000000246,0.4700000000000246
0.0002379067,14.169,14.650000000000023,0.48100000000002296,0.48100000000002296
0.0002399336,14.193999999999999,14.713000000000024,0.5190000000000246,0.5190000000000246
0.0002419575,14.222999999999999,14.782000000000021,0.5590000000000228,0.5590000000000228
0.0002439561,14.254,14.83500000000002,0.5810000000000208,0.5810000000000208
0.0002459484,14.286999999999999,14.899000000000024,0.6120000000000245,0.6120000000000245
0.0002479584,14.32,14.960000000000024,0.640000000000025,0.640000000000025
0.0002499729,14.353,15.007000000000023,0.654000000000023,0.654000000000023
0.0002519902,14.383,15.053000000000022,0.6700000000000235,0.6700000000000235
0.0002539127,14.41,15.081000000000023,0.6710000000000229,0.6710000000000229
0.0002559315,14.437,15.095000000000024,0.6580000000000235,0.6580000000000235
0.0002579524,14.463,15.093000000000023,0.6300000000000234,0.6300000000000234
0.000259979,14.488,15.090000000000025,0.6020000000000247,0.6020000000000247
0.0002619141,14.511,15.069000000000024,0.5580000000000247,0.5580000000000247
0.000263937,14.535,15.055000000000026,0.5200000000000262,0.5200000000000262
0.0002659811,14.559,15.030000000000022,0.47100000000002273,0.47100000000002273
0.0002679177,14.58,15.011000000000026,0.43100000000002625,0.43100000000002625
0.0002699571,14.602,14.985000000000024,0.3830000000000249,0.3830000000000249
0.0002719061,14.620999999999999,14.967000000000024,0.3460000000000232,0.3460000000000232
0.0002739567,14.64,14.963000000000022,0.32300000000002305,0.32300000000002305
0.0002759102,14.658999999999999,14.967000000000024,0.30800000000002337,0.30800000000002337
0.0002779603,14.68,15.039000000000023,0.3590000000000231,0.3590000000000231
0.0002799854,14.706999999999999,15.192000000000025,0.4850000000000265,0.4850000000000265
0.0002819099,14.736,15.295000000000023,0.5590000000000233,0.5590000000000233
0.0002839204,14.763,15.350000000000023,0.5870000000000233,0.5870000000000233
0.0002859263,14.788,15.373000000000019,0.5850000000000195,0.5850000000000195
0.0002879695,14.815999999999999,15.364000000000022,0.5480000000000236,0.5480000000000236
0.0002899999,14.849,15.399000000000019,0.5500000000000189,0.5500000000000189
0.0002919274,14.885,15.419000000000025,0.5340000000000269,0.5340000000000269
0.0002939243,14.926,15.439000000000021,0.5130000000000225,0.5130000000000225
0.0002959153,14.965,15.451000000000018,0.48600000000001975,0.48600000000001975
0.0002979922,15.001999999999999,15.450000000000024,0.4480000000000244,0.4480000000000244
0.0002999782,15.033,15.445000000000022,0.412000000000023,0.412000000000023
